level,key_fields,carat_bucket,Shape,Color,Clarity,TypeName,Report,Cut,Polish,Symmetry,count,median_internal_rate_per_ct,median_usd_per_ct
A,carat_bucket+Shape+Color+Clarity+TypeName+Report+Cut+Polish+Symmetry,0.30-0.49,ROUND,D,VS1,CVD,IGI,EX,EX,EX,10,22125.0,130.1471
A,carat_bucket+Shape+Color+Clarity+TypeName+Report+Cut+Polish+Symmetry,0.30-0.49,ROUND,D,VS1,CVD,IGI,ID,EX,EX,43,22125.0,130.1471
A,carat_bucket+Shape+Color+Clarity+TypeName+Report+Cut+Polish+Symmetry,0.30-0.49,ROUND,D,VS1,HPHT,IGI,EX,EX,EX,13,26526.315789,156.0372
A,carat_bucket+Shape+Color+Clarity+TypeName+Report+Cut+Polish+Symmetry,0.30-0.49,ROUND,D,VS1,HPHT,IGI,ID,EX,EX,76,26191.860465,154.0698
A,carat_bucket+Shape+Color+Clarity+TypeName+Report+Cut+Polish+Symmetry,0.30-0.49,ROUND,D,VS2,HPHT,IGI,EX,EX,EX,3,20454.545455,120.3209
A,carat_bucket+Shape+Color+Clarity+TypeName+Report+Cut+Polish+Symmetry,0.30-0.49,ROUND,D,VS2,HPHT,IGI,ID,EX,EX,44,20545.454545,120.8556
A,carat_bucket+Shape+Color+Clarity+TypeName+Report+Cut+Polish+Symmetry,0.30-0.49,ROUND,D,VVS1,HPHT,IGI,EX,EX,EX,35,36081.081081,212.2417
A,carat_bucket+Shape+Color+Clarity+TypeName+Report+Cut+Polish+Symmetry,0.30-0.49,ROUND,D,VVS1,HPHT,IGI,ID,EX,EX,63,35131.578947,206.6563
A,carat_bucket+Shape+Color+Clarity+TypeName+Report+Cut+Polish+Symmetry,0.30-0.49,ROUND,D,VVS2,CVD,IGI,EX,EX,EX,57,22875.0,134.5588
A,carat_bucket+Shape+Color+Clarity+TypeName+Report+Cut+Polish+Symmetry,0.30-0.49,ROUND,D,VVS2,CVD,IGI,ID,EX,EX,180,22875.0,134.5588
A,carat_bucket+Shape+Color+Clarity+TypeName+Report+Cut+Polish+Symmetry,0.30-0.49,ROUND,D,VVS2,HPHT,IGI,EX,EX,EX,69,28451.612903,167.3624
A,carat_bucket+Shape+Color+Clarity+TypeName+Report+Cut+Polish+Symmetry,0.30-0.49,ROUND,D,VVS2,HPHT,IGI,ID,EX,EX,150,28350.0,166.7647
A,carat_bucket+Shape+Color+Clarity+TypeName+Report+Cut+Polish+Symmetry,0.30-0.49,ROUND,E,VS1,CVD,IGI,ID,EX,EX,1,24996.774194,147.0398
A,carat_bucket+Shape+Color+Clarity+TypeName+Report+Cut+Polish+Symmetry,0.30-0.49,ROUND,E,VS1,HPHT,IGI,ID,EX,EX,15,22791.176471,134.0657
A,carat_bucket+Shape+Color+Clarity+TypeName+Report+Cut+Polish+Symmetry,0.30-0.49,ROUND,E,VS2,CVD,IGI,ID,EX,EX,2,23329.782446,137.234
A,carat_bucket+Shape+Color+Clarity+TypeName+Report+Cut+Polish+Symmetry,0.30-0.49,ROUND,E,VS2,HPHT,IGI,ID,EX,EX,1,22792.857143,134.0756
A,carat_bucket+Shape+Color+Clarity+TypeName+Report+Cut+Polish+Symmetry,0.30-0.49,ROUND,E,VVS2,CVD,IGI,ID,EX,EX,3,27793.548387,163.4915
A,carat_bucket+Shape+Color+Clarity+TypeName+Report+Cut+Polish+Symmetry,0.30-0.49,ROUND,E,VVS2,HPHT,IGI,ID,EX,EX,15,23348.780488,137.3458
A,carat_bucket+Shape+Color+Clarity+TypeName+Report+Cut+Polish+Symmetry,0.30-0.49,ROUND,F,VS1,HPHT,IGI,ID,EX,EX,4,22918.181818,134.8128
A,carat_bucket+Shape+Color+Clarity+TypeName+Report+Cut+Polish+Symmetry,0.30-0.49,ROUND,F,VS2,HPHT,IGI,ID,EX,EX,1,20368.085106,119.8123
A,carat_bucket+Shape+Color+Clarity+TypeName+Report+Cut+Polish+Symmetry,0.30-0.49,ROUND,F,VVS2,CVD,IGI,ID,EX,EX,1,25078.125,147.5184
A,carat_bucket+Shape+Color+Clarity+TypeName+Report+Cut+Polish+Symmetry,0.30-0.49,ROUND,F,VVS2,HPHT,IGI,ID,EX,EX,1,25887.096774,152.277
A,carat_bucket+Shape+Color+Clarity+TypeName+Report+Cut+Polish+Symmetry,0.50-0.69,CUSHION,D,VVS2,HPHT,IGI,-,EX,EX,1,44464.285714,261.5546
A,carat_bucket+Shape+Color+Clarity+TypeName+Report+Cut+Polish+Symmetry,0.50-0.69,EMERALD,D,VS1,CVD,IGI,-,EX,EX,5,36253.846154,213.2579
A,carat_bucket+Shape+Color+Clarity+TypeName+Report+Cut+Polish+Symmetry,0.50-0.69,EMERALD,D,VVS2,CVD,IGI,-,EX,EX,29,36111.111111,212.4183
A,carat_bucket+Shape+Color+Clarity+TypeName+Report+Cut+Polish+Symmetry,0.50-0.69,EMERALD,D,VVS2,HPHT,IGI,-,EX,EX,4,37901.886792,222.9523
A,carat_bucket+Shape+Color+Clarity+TypeName+Report+Cut+Polish+Symmetry,0.50-0.69,HEART,D,VS1,HPHT,IGI,-,EX,EX,9,52488.679245,308.7569
A,carat_bucket+Shape+Color+Clarity+TypeName+Report+Cut+Polish+Symmetry,0.50-0.69,HEART,D,VVS1,CVD,IGI,-,EX,EX,1,47817.1875,281.2776
A,carat_bucket+Shape+Color+Clarity+TypeName+Report+Cut+Polish+Symmetry,0.50-0.69,HEART,D,VVS1,HPHT,IGI,-,EX,EX,2,58828.193033,346.0482
A,carat_bucket+Shape+Color+Clarity+TypeName+Report+Cut+Polish+Symmetry,0.50-0.69,HEART,D,VVS2,HPHT,IGI,-,EX,EX,12,51354.030875,302.0825
A,carat_bucket+Shape+Color+Clarity+TypeName+Report+Cut+Polish+Symmetry,0.50-0.69,HEART,E,VS1,HPHT,IGI,-,EX,EX,1,46627.118644,274.2772
A,carat_bucket+Shape+Color+Clarity+TypeName+Report+Cut+Polish+Symmetry,0.50-0.69,HEART,E,VVS2,HPHT,IGI,-,EX,EX,1,55638.0,327.2824
A,carat_bucket+Shape+Color+Clarity+TypeName+Report+Cut+Polish+Symmetry,0.50-0.69,MARQUISE,D,VS1,HPHT,IGI,-,EX,EX,4,42059.748428,247.4103
A,carat_bucket+Shape+Color+Clarity+TypeName+Report+Cut+Polish+Symmetry,0.50-0.69,MARQUISE,D,VVS1,CVD,IGI,-,EX,EX,1,58548.0,344.4
A,carat_bucket+Shape+Color+Clarity+TypeName+Report+Cut+Polish+Symmetry,0.50-0.69,MARQUISE,D,VVS1,HPHT,IGI,-,EX,EX,4,58548.0,344.4
A,carat_bucket+Shape+Color+Clarity+TypeName+Report+Cut+Polish+Symmetry,0.50-0.69,MARQUISE,D,VVS2,CVD,IGI,-,EX,EX,12,53277.777778,313.3987
A,carat_bucket+Shape+Color+Clarity+TypeName+Report+Cut+Polish+Symmetry,0.50-0.69,MARQUISE,D,VVS2,HPHT,IGI,-,EX,EX,6,41850.637523,246.1802
A,carat_bucket+Shape+Color+Clarity+TypeName+Report+Cut+Polish+Symmetry,0.50-0.69,MARQUISE,E,VS1,CVD,IGI,-,EX,EX,1,41783.333333,245.7843
A,carat_bucket+Shape+Color+Clarity+TypeName+Report+Cut+Polish+Symmetry,0.50-0.69,MARQUISE,E,VVS2,CVD,IGI,-,EX,EX,2,43984.615385,258.733
A,carat_bucket+Shape+Color+Clarity+TypeName+Report+Cut+Polish+Symmetry,0.50-0.69,MARQUISE,E,VVS2,HPHT,IGI,-,EX,EX,1,32739.130435,192.5831
A,carat_bucket+Shape+Color+Clarity+TypeName+Report+Cut+Polish+Symmetry,0.50-0.69,OVAL,D,VS1,CVD,IGI,-,EX,EX,2,40066.312997,235.6842
A,carat_bucket+Shape+Color+Clarity+TypeName+Report+Cut+Polish+Symmetry,0.50-0.69,OVAL,D,VS1,HPHT,IGI,-,EX,EX,5,41803.278689,245.9016
A,carat_bucket+Shape+Color+Clarity+TypeName+Report+Cut+Polish+Symmetry,0.50-0.69,OVAL,D,VVS1,CVD,IGI,冰花切,EX,EX,1,58358.490566,343.2852
A,carat_bucket+Shape+Color+Clarity+TypeName+Report+Cut+Polish+Symmetry,0.50-0.69,OVAL,D,VVS1,HPHT,IGI,-,EX,EX,4,55584.0,326.9647
A,carat_bucket+Shape+Color+Clarity+TypeName+Report+Cut+Polish+Symmetry,0.50-0.69,OVAL,D,VVS2,HPHT,IGI,-,EX,EX,24,42404.716981,249.4395
A,carat_bucket+Shape+Color+Clarity+TypeName+Report+Cut+Polish+Symmetry,0.50-0.69,OVAL,E,VS1,HPHT,IGI,-,EX,EX,3,43635.294118,256.6782
A,carat_bucket+Shape+Color+Clarity+TypeName+Report+Cut+Polish+Symmetry,0.50-0.69,OVAL,E,VVS2,CVD,IGI,-,EX,EX,1,39272.727273,231.016
A,carat_bucket+Shape+Color+Clarity+TypeName+Report+Cut+Polish+Symmetry,0.50-0.69,OVAL,E,VVS2,HPHT,IGI,-,EX,EX,3,44508.0,261.8118
A,carat_bucket+Shape+Color+Clarity+TypeName+Report+Cut+Polish+Symmetry,0.50-0.69,PEAR,D,VS1,CVD,IGI,-,EX,EX,5,42059.016393,247.406
A,carat_bucket+Shape+Color+Clarity+TypeName+Report+Cut+Polish+Symmetry,0.50-0.69,PEAR,D,VS1,CVD,IGI,传统切,EX,EX,1,48589.285714,285.8193
A,carat_bucket+Shape+Color+Clarity+TypeName+Report+Cut+Polish+Symmetry,0.50-0.69,PEAR,D,VS1,HPHT,IGI,-,EX,EX,5,47307.692308,278.2805
A,carat_bucket+Shape+Color+Clarity+TypeName+Report+Cut+Polish+Symmetry,0.50-0.69,PEAR,D,VVS1,HPHT,IGI,-,EX,EX,5,58676.470588,345.1557
A,carat_bucket+Shape+Color+Clarity+TypeName+Report+Cut+Polish+Symmetry,0.50-0.69,PEAR,D,VVS2,CVD,IGI,-,EX,EX,14,47034.545455,276.6738
A,carat_bucket+Shape+Color+Clarity+TypeName+Report+Cut+Polish+Symmetry,0.50-0.69,PEAR,D,VVS2,CVD,IGI,传统切,EX,EX,1,49714.285714,292.437
A,carat_bucket+Shape+Color+Clarity+TypeName+Report+Cut+Polish+Symmetry,0.50-0.69,PEAR,D,VVS2,HPHT,IGI,-,EX,EX,3,48809.433962,287.1143
A,carat_bucket+Shape+Color+Clarity+TypeName+Report+Cut+Polish+Symmetry,0.50-0.69,PEAR,E,VS1,CVD,IGI,-,EX,EX,7,46153.846154,271.4932
A,carat_bucket+Shape+Color+Clarity+TypeName+Report+Cut+Polish+Symmetry,0.50-0.69,PEAR,E,VS1,HPHT,IGI,-,EX,EX,2,46323.581933,272.4917
A,carat_bucket+Shape+Color+Clarity+TypeName+Report+Cut+Polish+Symmetry,0.50-0.69,PEAR,E,VVS1,CVD,IGI,传统切,EX,EX,1,44190.47619,259.944
A,carat_bucket+Shape+Color+Clarity+TypeName+Report+Cut+Polish+Symmetry,0.50-0.69,PEAR,E,VVS2,CVD,IGI,-,EX,EX,7,49700.0,292.3529
A,carat_bucket+Shape+Color+Clarity+TypeName+Report+Cut+Polish+Symmetry,0.50-0.69,PEAR,E,VVS2,HPHT,IGI,-,EX,EX,1,48235.294118,283.737
A,carat_bucket+Shape+Color+Clarity+TypeName+Report+Cut+Polish+Symmetry,0.50-0.69,PRINCESS,D,VS1,HPHT,IGI,-,EX,EX,4,43390.384615,255.2376
A,carat_bucket+Shape+Color+Clarity+TypeName+Report+Cut+Polish+Symmetry,0.50-0.69,PRINCESS,D,VVS1,HPHT,IGI,-,EX,EX,5,53498.076923,314.6946
A,carat_bucket+Shape+Color+Clarity+TypeName+Report+Cut+Polish+Symmetry,0.50-0.69,PRINCESS,D,VVS2,CVD,IGI,-,EX,EX,9,38908.928571,228.8761
A,carat_bucket+Shape+Color+Clarity+TypeName+Report+Cut+Polish+Symmetry,0.50-0.69,PRINCESS,D,VVS2,HPHT,IGI,-,EX,EX,1,41111.320755,241.8313
A,carat_bucket+Shape+Color+Clarity+TypeName+Report+Cut+Polish+Symmetry,0.50-0.69,PRINCESS,E,VS1,HPHT,IGI,-,EX,EX,3,42571.698113,250.4218
A,carat_bucket+Shape+Color+Clarity+TypeName+Report+Cut+Polish+Symmetry,0.50-0.69,PRINCESS,E,VVS2,CVD,IGI,-,EX,EX,3,39900.0,234.7059
A,carat_bucket+Shape+Color+Clarity+TypeName+Report+Cut+Polish+Symmetry,0.50-0.69,PRINCESS,E,VVS2,HPHT,IGI,-,EX,EX,1,41405.660377,243.5627
A,carat_bucket+Shape+Color+Clarity+TypeName+Report+Cut+Polish+Symmetry,0.50-0.69,RADIANT,D,VS1,CVD,IGI,-,EX,EX,3,39656.603774,233.2741
A,carat_bucket+Shape+Color+Clarity+TypeName+Report+Cut+Polish+Symmetry,0.50-0.69,RADIANT,D,VS1,HPHT,IGI,-,EX,EX,8,39230.769231,230.7692
A,carat_bucket+Shape+Color+Clarity+TypeName+Report+Cut+Polish+Symmetry,0.50-0.69,RADIANT,D,VVS2,HPHT,IGI,-,EX,EX,24,40673.076923,239.2534
A,carat_bucket+Shape+Color+Clarity+TypeName+Report+Cut+Polish+Symmetry,0.50-0.69,ROUND,D,IF,HPHT,IGI,ID,EX,EX,9,33929.411765,199.5848
A,carat_bucket+Shape+Color+Clarity+TypeName+Report+Cut+Polish+Symmetry,0.50-0.69,ROUND,D,VS1,CVD,IGI,EX,EX,EX,2,23903.773585,140.6104
A,carat_bucket+Shape+Color+Clarity+TypeName+Report+Cut+Polish+Symmetry,0.50-0.69,ROUND,D,VS1,CVD,IGI,ID,EX,EX,58,24230.769231,142.5339
A,carat_bucket+Shape+Color+Clarity+TypeName+Report+Cut+Polish+Symmetry,0.50-0.69,ROUND,D,VS1,HPHT,IGI,EX,EX,EX,174,24900.0,146.4706
A,carat_bucket+Shape+Color+Clarity+TypeName+Report+Cut+Polish+Symmetry,0.50-0.69,ROUND,D,VS1,HPHT,IGI,ID,EX,EX,1076,19823.529412,116.609
A,carat_bucket+Shape+Color+Clarity+TypeName+Report+Cut+Polish+Symmetry,0.50-0.69,ROUND,D,VS1,HPHT,IGI,ID,VG,EX,1,22734.375,133.7316
A,carat_bucket+Shape+Color+Clarity+TypeName+Report+Cut+Polish+Symmetry,0.50-0.69,ROUND,D,VS2,HPHT,IGI,ID,EX,EX,15,20076.0,118.0941
A,carat_bucket+Shape+Color+Clarity+TypeName+Report+Cut+Polish+Symmetry,0.50-0.69,ROUND,D,VVS1,CVD,IGI,ID,EX,EX,1,23564.705882,138.6159
A,carat_bucket+Shape+Color+Clarity+TypeName+Report+Cut+Polish+Symmetry,0.50-0.69,ROUND,D,VVS1,HPHT,IGI,EX,EX,EX,6,29711.538462,174.7738
A,carat_bucket+Shape+Color+Clarity+TypeName+Report+Cut+Polish+Symmetry,0.50-0.69,ROUND,D,VVS1,HPHT,IGI,ID,EX,EX,54,28096.153846,165.2715
A,carat_bucket+Shape+Color+Clarity+TypeName+Report+Cut+Polish+Symmetry,0.50-0.69,ROUND,D,VVS2,CVD,IGI,EX,EX,EX,5,25000.0,147.0588
A,carat_bucket+Shape+Color+Clarity+TypeName+Report+Cut+Polish+Symmetry,0.50-0.69,ROUND,D,VVS2,CVD,IGI,ID,EX,EX,100,25555.555556,150.3268
A,carat_bucket+Shape+Color+Clarity+TypeName+Report+Cut+Polish+Symmetry,0.50-0.69,ROUND,D,VVS2,HPHT,IGI,EX,EX,EX,200,29150.943396,171.4761
A,carat_bucket+Shape+Color+Clarity+TypeName+Report+Cut+Polish+Symmetry,0.50-0.69,ROUND,D,VVS2,HPHT,IGI,ID,EX,EX,1235,20470.588235,120.4152
A,carat_bucket+Shape+Color+Clarity+TypeName+Report+Cut+Polish+Symmetry,0.50-0.69,ROUND,E,VS1,CVD,IGI,ID,EX,EX,4,19770.0,116.2941
A,carat_bucket+Shape+Color+Clarity+TypeName+Report+Cut+Polish+Symmetry,0.50-0.69,ROUND,E,VS1,HPHT,IGI,EX,EX,EX,2,22635.882353,133.1522
A,carat_bucket+Shape+Color+Clarity+TypeName+Report+Cut+Polish+Symmetry,0.50-0.69,ROUND,E,VS1,HPHT,IGI,ID,EX,EX,24,20523.529412,120.7266
A,carat_bucket+Shape+Color+Clarity+TypeName+Report+Cut+Polish+Symmetry,0.50-0.69,ROUND,E,VS2,HPHT,IGI,EX,EX,EX,1,22451.612903,132.0683
A,carat_bucket+Shape+Color+Clarity+TypeName+Report+Cut+Polish+Symmetry,0.50-0.69,ROUND,E,VS2,HPHT,IGI,ID,EX,EX,8,20694.0,121.7294
A,carat_bucket+Shape+Color+Clarity+TypeName+Report+Cut+Polish+Symmetry,0.50-0.69,ROUND,E,VVS1,HPHT,IGI,EX,EX,EX,4,26460.0,155.6471
A,carat_bucket+Shape+Color+Clarity+TypeName+Report+Cut+Polish+Symmetry,0.50-0.69,ROUND,E,VVS1,HPHT,IGI,ID,EX,EX,24,23864.705882,140.3806
A,carat_bucket+Shape+Color+Clarity+TypeName+Report+Cut+Polish+Symmetry,0.50-0.69,ROUND,E,VVS2,HPHT,IGI,EX,EX,EX,12,25513.606676,150.08
A,carat_bucket+Shape+Color+Clarity+TypeName+Report+Cut+Polish+Symmetry,0.50-0.69,ROUND,E,VVS2,HPHT,IGI,ID,EX,EX,35,22415.09434,131.8535
A,carat_bucket+Shape+Color+Clarity+TypeName+Report+Cut+Polish+Symmetry,0.50-0.69,ROUND,F,VS1,HPHT,IGI,ID,EX,EX,1,21618.0,127.1647
A,carat_bucket+Shape+Color+Clarity+TypeName+Report+Cut+Polish+Symmetry,0.50-0.69,ROUND,F,VS2,HPHT,IGI,EX,EX,EX,1,22846.153846,134.3891
A,carat_bucket+Shape+Color+Clarity+TypeName+Report+Cut+Polish+Symmetry,0.50-0.69,ROUND,F,VS2,HPHT,IGI,ID,EX,EX,2,20491.117647,120.536
A,carat_bucket+Shape+Color+Clarity+TypeName+Report+Cut+Polish+Symmetry,0.50-0.69,ROUND,F,VVS2,HPHT,IGI,ID,EX,EX,3,24181.818182,142.246
A,carat_bucket+Shape+Color+Clarity+TypeName+Report+Cut+Polish+Symmetry,0.70-0.89,CUSHION,D,VVS2,HPHT,IGI,-,EX,EX,5,33896.103896,199.3888
A,carat_bucket+Shape+Color+Clarity+TypeName+Report+Cut+Polish+Symmetry,0.70-0.89,EMERALD,D,VS1,CVD,IGI,-,EX,EX,1,25657.894737,150.9288
A,carat_bucket+Shape+Color+Clarity+TypeName+Report+Cut+Polish+Symmetry,0.70-0.89,EMERALD,D,VS1,HPHT,IGI,-,EX,EX,3,26088.311688,153.4607
A,carat_bucket+Shape+Color+Clarity+TypeName+Report+Cut+Polish+Symmetry,0.70-0.89,EMERALD,D,VVS1,CVD,IGI,-,EX,EX,1,47915.492958,281.8558
A,carat_bucket+Shape+Color+Clarity+TypeName+Report+Cut+Polish+Symmetry,0.70-0.89,EMERALD,D,VVS2,HPHT,IGI,-,EX,EX,3,30050.0,176.7647
A,carat_bucket+Shape+Color+Clarity+TypeName+Report+Cut+Polish+Symmetry,0.70-0.89,EMERALD,E,VVS2,CVD,IGI,-,EX,EX,1,38662.5,227.4265
A,carat_bucket+Shape+Color+Clarity+TypeName+Report+Cut+Polish+Symmetry,0.70-0.89,HEART,D,VS1,CVD,IGI,传统切,EX,EX,1,38662.5,227.4265
A,carat_bucket+Shape+Color+Clarity+TypeName+Report+Cut+Polish+Symmetry,0.70-0.89,HEART,D,VS1,HPHT,IGI,-,EX,EX,3,41216.666667,242.451
A,carat_bucket+Shape+Color+Clarity+TypeName+Report+Cut+Polish+Symmetry,0.70-0.89,HEART,D,VVS2,HPHT,IGI,-,EX,EX,3,42101.408451,247.6553
A,carat_bucket+Shape+Color+Clarity+TypeName+Report+Cut+Polish+Symmetry,0.70-0.89,MARQUISE,D,VS1,CVD,IGI,-,EX,EX,12,32054.794521,188.5576
A,carat_bucket+Shape+Color+Clarity+TypeName+Report+Cut+Polish+Symmetry,0.70-0.89,MARQUISE,D,VVS1,HPHT,IGI,-,EX,EX,3,38385.542169,225.7973
A,carat_bucket+Shape+Color+Clarity+TypeName+Report+Cut+Polish+Symmetry,0.70-0.89,MARQUISE,D,VVS2,CVD,IGI,-,EX,EX,1,32571.428571,191.5966
A,carat_bucket+Shape+Color+Clarity+TypeName+Report+Cut+Polish+Symmetry,0.70-0.89,MARQUISE,E,VS1,CVD,IGI,-,EX,EX,8,29638.356164,174.3433
A,carat_bucket+Shape+Color+Clarity+TypeName+Report+Cut+Polish+Symmetry,0.70-0.89,MARQUISE,E,VVS1,HPHT,IGI,-,EX,EX,1,40054.054054,235.6121
A,carat_bucket+Shape+Color+Clarity+TypeName+Report+Cut+Polish+Symmetry,0.70-0.89,MARQUISE,E,VVS2,CVD,IGI,-,EX,EX,5,32142.857143,189.0756
A,carat_bucket+Shape+Color+Clarity+TypeName+Report+Cut+Polish+Symmetry,0.70-0.89,MARQUISE,E,VVS2,HPHT,IGI,-,EX,EX,1,30405.405405,178.8553
A,carat_bucket+Shape+Color+Clarity+TypeName+Report+Cut+Polish+Symmetry,0.70-0.89,MARQUISE,F,VVS1,HPHT,IGI,-,EX,EX,1,39771.428571,233.9496
A,carat_bucket+Shape+Color+Clarity+TypeName+Report+Cut+Polish+Symmetry,0.70-0.89,OVAL,D,VS1,CVD,IGI,-,EX,EX,2,38542.364185,226.7198
A,carat_bucket+Shape+Color+Clarity+TypeName+Report+Cut+Polish+Symmetry,0.70-0.89,OVAL,D,VS1,CVD,IGI,传统切,EX,EX,1,41957.142857,246.8067
A,carat_bucket+Shape+Color+Clarity+TypeName+Report+Cut+Polish+Symmetry,0.70-0.89,OVAL,D,VS1,HPHT,IGI,-,EX,EX,7,37737.5,221.9853
A,carat_bucket+Shape+Color+Clarity+TypeName+Report+Cut+Polish+Symmetry,0.70-0.89,OVAL,D,VVS1,HPHT,IGI,-,EX,EX,8,43495.774648,255.8575
A,carat_bucket+Shape+Color+Clarity+TypeName+Report+Cut+Polish+Symmetry,0.70-0.89,OVAL,D,VVS2,HPHT,IGI,-,EX,EX,20,39423.259557,231.9015
A,carat_bucket+Shape+Color+Clarity+TypeName+Report+Cut+Polish+Symmetry,0.70-0.89,OVAL,E,VS1,HPHT,IGI,-,EX,EX,6,35950.684932,211.4746
A,carat_bucket+Shape+Color+Clarity+TypeName+Report+Cut+Polish+Symmetry,0.70-0.89,OVAL,E,VVS2,HPHT,IGI,-,EX,EX,3,38858.571429,228.5798
A,carat_bucket+Shape+Color+Clarity+TypeName+Report+Cut+Polish+Symmetry,0.70-0.89,PEAR,D,VS1,CVD,IGI,-,EX,EX,5,40838.028169,240.2237
A,carat_bucket+Shape+Color+Clarity+TypeName+Report+Cut+Polish+Symmetry,0.70-0.89,PEAR,D,VS1,CVD,IGI,传统切,EX,EX,2,30788.435188,181.1084
A,carat_bucket+Shape+Color+Clarity+TypeName+Report+Cut+Polish+Symmetry,0.70-0.89,PEAR,D,VS1,HPHT,IGI,-,EX,EX,1,41421.428571,243.6555
A,carat_bucket+Shape+Color+Clarity+TypeName+Report+Cut+Polish+Symmetry,0.70-0.89,PEAR,D,VVS1,CVD,IGI,传统切,EX,EX,1,35385.542169,208.1502
A,carat_bucket+Shape+Color+Clarity+TypeName+Report+Cut+Polish+Symmetry,0.70-0.89,PEAR,D,VVS2,CVD,IGI,-,EX,EX,9,40838.028169,240.2237
A,carat_bucket+Shape+Color+Clarity+TypeName+Report+Cut+Polish+Symmetry,0.70-0.89,PEAR,D,VVS2,CVD,IGI,传统切,EX,EX,3,33542.168675,197.3069
A,carat_bucket+Shape+Color+Clarity+TypeName+Report+Cut+Polish+Symmetry,0.70-0.89,PEAR,D,VVS2,HPHT,IGI,-,EX,EX,1,41421.428571,243.6555
A,carat_bucket+Shape+Color+Clarity+TypeName+Report+Cut+Polish+Symmetry,0.70-0.89,PEAR,E,VS1,CVD,IGI,-,EX,EX,1,31346.153846,184.3891
A,carat_bucket+Shape+Color+Clarity+TypeName+Report+Cut+Polish+Symmetry,0.70-0.89,PEAR,E,VVS2,CVD,IGI,-,EX,EX,5,39883.333333,234.6078
A,carat_bucket+Shape+Color+Clarity+TypeName+Report+Cut+Polish+Symmetry,0.70-0.89,PEAR,E,VVS2,CVD,IGI,传统切,EX,EX,3,31662.650602,186.2509
A,carat_bucket+Shape+Color+Clarity+TypeName+Report+Cut+Polish+Symmetry,0.70-0.89,PRINCESS,D,VS1,CVD,IGI,-,EX,EX,1,31280.898876,184.0053
A,carat_bucket+Shape+Color+Clarity+TypeName+Report+Cut+Polish+Symmetry,0.70-0.89,PRINCESS,D,VS1,HPHT,IGI,-,EX,EX,1,28134.615385,165.4977
A,carat_bucket+Shape+Color+Clarity+TypeName+Report+Cut+Polish+Symmetry,0.70-0.89,PRINCESS,D,VVS2,HPHT,IGI,-,EX,EX,2,31791.428571,187.0084
A,carat_bucket+Shape+Color+Clarity+TypeName+Report+Cut+Polish+Symmetry,0.70-0.89,PRINCESS,E,VS1,HPHT,IGI,-,EX,EX,2,31129.225352,183.1131
A,carat_bucket+Shape+Color+Clarity+TypeName+Report+Cut+Polish+Symmetry,0.70-0.89,PRINCESS,E,VVS2,HPHT,IGI,-,EX,EX,2,30693.808685,180.5518
A,carat_bucket+Shape+Color+Clarity+TypeName+Report+Cut+Polish+Symmetry,0.70-0.89,ROUND,D,VS1,HPHT,IGI,EX,EX,EX,12,21591.549296,127.0091
A,carat_bucket+Shape+Color+Clarity+TypeName+Report+Cut+Polish+Symmetry,0.70-0.89,ROUND,D,VS1,HPHT,IGI,ID,EX,EX,118,21410.958904,125.9468
A,carat_bucket+Shape+Color+Clarity+TypeName+Report+Cut+Polish+Symmetry,0.70-0.89,ROUND,D,VS2,HPHT,IGI,ID,EX,EX,4,19508.571429,114.7563
A,carat_bucket+Shape+Color+Clarity+TypeName+Report+Cut+Polish+Symmetry,0.70-0.89,ROUND,D,VVS1,HPHT,IGI,EX,EX,EX,1,30493.150685,179.3715
A,carat_bucket+Shape+Color+Clarity+TypeName+Report+Cut+Polish+Symmetry,0.70-0.89,ROUND,D,VVS1,HPHT,IGI,ID,EX,EX,46,25309.859155,148.8815
A,carat_bucket+Shape+Color+Clarity+TypeName+Report+Cut+Polish+Symmetry,0.70-0.89,ROUND,D,VVS2,HPHT,IGI,EX,EX,EX,34,23104.166667,135.9069
A,carat_bucket+Shape+Color+Clarity+TypeName+Report+Cut+Polish+Symmetry,0.70-0.89,ROUND,D,VVS2,HPHT,IGI,ID,EX,EX,197,22684.931507,133.4408
A,carat_bucket+Shape+Color+Clarity+TypeName+Report+Cut+Polish+Symmetry,0.70-0.89,ROUND,E,VS1,CVD,IGI,ID,EX,EX,2,22321.396469,131.3023
A,carat_bucket+Shape+Color+Clarity+TypeName+Report+Cut+Polish+Symmetry,0.70-0.89,ROUND,E,VS1,HPHT,IGI,EX,EX,EX,2,20640.926641,121.4172
A,carat_bucket+Shape+Color+Clarity+TypeName+Report+Cut+Polish+Symmetry,0.70-0.89,ROUND,E,VS1,HPHT,IGI,ID,EX,EX,5,20067.567568,118.0445
A,carat_bucket+Shape+Color+Clarity+TypeName+Report+Cut+Polish+Symmetry,0.70-0.89,ROUND,E,VS2,HPHT,IGI,EX,EX,EX,1,20208.333333,118.8725
A,carat_bucket+Shape+Color+Clarity+TypeName+Report+Cut+Polish+Symmetry,0.70-0.89,ROUND,E,VS2,HPHT,IGI,ID,EX,EX,5,19191.549296,112.8915
A,carat_bucket+Shape+Color+Clarity+TypeName+Report+Cut+Polish+Symmetry,0.70-0.89,ROUND,E,VVS1,HPHT,IGI,ID,EX,EX,6,23004.166667,135.3186
A,carat_bucket+Shape+Color+Clarity+TypeName+Report+Cut+Polish+Symmetry,0.70-0.89,ROUND,E,VVS2,HPHT,IGI,EX,EX,EX,5,22666.666667,133.3333
A,carat_bucket+Shape+Color+Clarity+TypeName+Report+Cut+Polish+Symmetry,0.70-0.89,ROUND,E,VVS2,HPHT,IGI,ID,EX,EX,7,21105.633803,124.1508
A,carat_bucket+Shape+Color+Clarity+TypeName+Report+Cut+Polish+Symmetry,0.90-0.99,PEAR,E,VVS2,CVD,IGI,冰花切,EX,EX,1,32557.894737,191.517
A,carat_bucket+Shape+Color+Clarity+TypeName+Report+Cut+Polish+Symmetry,0.90-0.99,PRINCESS,F,VVS2,CVD,IGI,-,EX,EX,1,25255.102041,148.5594
A,carat_bucket+Shape+Color+Clarity+TypeName+Report+Cut+Polish+Symmetry,0.90-0.99,RADIANT,D,VS1,CVD,IGI,-,-,-,2,24745.967742,145.5645
A,carat_bucket+Shape+Color+Clarity+TypeName+Report+Cut+Polish+Symmetry,0.90-0.99,ROUND,D,VVS2,CVD,IGI,EX,EX,EX,1,25606.060606,150.6239
A,carat_bucket+Shape+Color+Clarity+TypeName+Report+Cut+Polish+Symmetry,1.00-1.49,ASSCHER,D,VS1,HPHT,IGI,-,EX,EX,10,19871.287129,116.8899
A,carat_bucket+Shape+Color+Clarity+TypeName+Report+Cut+Polish+Symmetry,1.00-1.49,ASSCHER,D,VS2,HPHT,IGI,-,EX,EX,3,19455.445545,114.4438
A,carat_bucket+Shape+Color+Clarity+TypeName+Report+Cut+Polish+Symmetry,1.00-1.49,ASSCHER,D,VVS1,CVD,IGI,-,EX,EX,2,35224.752475,207.2044
A,carat_bucket+Shape+Color+Clarity+TypeName+Report+Cut+Polish+Symmetry,1.00-1.49,ASSCHER,D,VVS1,HPHT,IGI,-,EX,VG,1,34350.0,202.0588
A,carat_bucket+Shape+Color+Clarity+TypeName+Report+Cut+Polish+Symmetry,1.00-1.49,ASSCHER,D,VVS2,CVD,IGI,-,EX,EX,1,18027.522936,106.0443
A,carat_bucket+Shape+Color+Clarity+TypeName+Report+Cut+Polish+Symmetry,1.00-1.49,ASSCHER,D,VVS2,HPHT,IGI,-,EX,EX,13,21176.470588,124.5675
A,carat_bucket+Shape+Color+Clarity+TypeName+Report+Cut+Polish+Symmetry,1.00-1.49,ASSCHER,E,VS1,HPHT,IGI,-,EX,EX,5,19411.764706,114.1869
A,carat_bucket+Shape+Color+Clarity+TypeName+Report+Cut+Polish+Symmetry,1.00-1.49,ASSCHER,E,VS2,HPHT,IGI,-,EX,EX,1,18683.168317,109.901
A,carat_bucket+Shape+Color+Clarity+TypeName+Report+Cut+Polish+Symmetry,1.00-1.49,ASSCHER,E,VVS2,HPHT,IGI,-,EX,EX,2,20382.344777,119.8961
A,carat_bucket+Shape+Color+Clarity+TypeName+Report+Cut+Polish+Symmetry,1.00-1.49,CUSHION,D,IF,HPHT,IGI,-,EX,EX,1,30276.595745,178.0976
A,carat_bucket+Shape+Color+Clarity+TypeName+Report+Cut+Polish+Symmetry,1.00-1.49,CUSHION,D,VS1,CVD,IGI,-,EX,EX,11,20405.825243,120.0343
A,carat_bucket+Shape+Color+Clarity+TypeName+Report+Cut+Polish+Symmetry,1.00-1.49,CUSHION,D,VS1,HPHT,IGI,-,EX,EX,7,18932.038835,111.3649
A,carat_bucket+Shape+Color+Clarity+TypeName+Report+Cut+Polish+Symmetry,1.00-1.49,CUSHION,D,VS2,CVD,IGI,-,-,-,1,20095.890411,118.2111
A,carat_bucket+Shape+Color+Clarity+TypeName+Report+Cut+Polish+Symmetry,1.00-1.49,CUSHION,D,VS2,CVD,IGI,-,EX,EX,2,19721.65141,116.0097
A,carat_bucket+Shape+Color+Clarity+TypeName+Report+Cut+Polish+Symmetry,1.00-1.49,CUSHION,D,VS2,HPHT,IGI,-,EX,EX,3,19650.0,115.5882
A,carat_bucket+Shape+Color+Clarity+TypeName+Report+Cut+Polish+Symmetry,1.00-1.49,CUSHION,D,VVS1,CVD,IGI,-,EX,EX,4,34827.271478,204.8663
A,carat_bucket+Shape+Color+Clarity+TypeName+Report+Cut+Polish+Symmetry,1.00-1.49,CUSHION,D,VVS1,HPHT,IGI,-,EX,EX,3,34009.345794,200.055
A,carat_bucket+Shape+Color+Clarity+TypeName+Report+Cut+Polish+Symmetry,1.00-1.49,CUSHION,D,VVS2,CVD,IGI,-,EX,EX,7,20186.915888,118.7466
A,carat_bucket+Shape+Color+Clarity+TypeName+Report+Cut+Polish+Symmetry,1.00-1.49,CUSHION,D,VVS2,HPHT,IGI,-,EX,EX,11,21407.76699,125.928
A,carat_bucket+Shape+Color+Clarity+TypeName+Report+Cut+Polish+Symmetry,1.00-1.49,CUSHION,E,VS1,CVD,IGI,-,-,-,1,23205.128205,136.5008
A,carat_bucket+Shape+Color+Clarity+TypeName+Report+Cut+Polish+Symmetry,1.00-1.49,CUSHION,E,VS1,CVD,IGI,-,EX,EX,28,19275.0,113.3824
A,carat_bucket+Shape+Color+Clarity+TypeName+Report+Cut+Polish+Symmetry,1.00-1.49,CUSHION,E,VS1,HPHT,IGI,-,EX,EX,6,19154.417365,112.673
A,carat_bucket+Shape+Color+Clarity+TypeName+Report+Cut+Polish+Symmetry,1.00-1.49,CUSHION,E,VS2,CVD,IGI,-,-,-,1,20111.111111,118.3007
A,carat_bucket+Shape+Color+Clarity+TypeName+Report+Cut+Polish+Symmetry,1.00-1.49,CUSHION,E,VS2,CVD,IGI,-,EX,EX,3,19734.653465,116.0862
A,carat_bucket+Shape+Color+Clarity+TypeName+Report+Cut+Polish+Symmetry,1.00-1.49,CUSHION,E,VS2,HPHT,IGI,-,EX,EX,1,18794.117647,110.5536
A,carat_bucket+Shape+Color+Clarity+TypeName+Report+Cut+Polish+Symmetry,1.00-1.49,CUSHION,E,VVS1,HPHT,IGI,-,EX,EX,1,31841.584158,187.3034
A,carat_bucket+Shape+Color+Clarity+TypeName+Report+Cut+Polish+Symmetry,1.00-1.49,CUSHION,E,VVS2,CVD,IGI,-,EX,EX,24,19900.990099,117.0646
A,carat_bucket+Shape+Color+Clarity+TypeName+Report+Cut+Polish+Symmetry,1.00-1.49,CUSHION,E,VVS2,HPHT,IGI,-,EX,EX,3,19057.142857,112.1008
A,carat_bucket+Shape+Color+Clarity+TypeName+Report+Cut+Polish+Symmetry,1.00-1.49,CUSHION,F,VS1,CVD,IGI,-,-,-,1,20100.0,118.2353
A,carat_bucket+Shape+Color+Clarity+TypeName+Report+Cut+Polish+Symmetry,1.00-1.49,CUSHION,F,VVS2,CVD,IGI,-,-,-,1,20106.870229,118.2757
A,carat_bucket+Shape+Color+Clarity+TypeName+Report+Cut+Polish+Symmetry,1.00-1.49,CUSHION,F,VVS2,HPHT,IGI,-,EX,EX,1,19470.0,114.5294
A,carat_bucket+Shape+Color+Clarity+TypeName+Report+Cut+Polish+Symmetry,1.00-1.49,CUSHION,G,VS2,CVD,IGI,-,-,-,1,20120.300752,118.3547
A,carat_bucket+Shape+Color+Clarity+TypeName+Report+Cut+Polish+Symmetry,1.00-1.49,EMERALD,D,VS1,CVD,IGI,-,EX,EX,23,19612.871287,115.3698
A,carat_bucket+Shape+Color+Clarity+TypeName+Report+Cut+Polish+Symmetry,1.00-1.49,EMERALD,D,VS1,HPHT,IGI,-,EX,EX,14,19721.331683,116.0078
A,carat_bucket+Shape+Color+Clarity+TypeName+Report+Cut+Polish+Symmetry,1.00-1.49,EMERALD,D,VS2,CVD,IGI,-,EX,EX,1,19131.0,112.5353
A,carat_bucket+Shape+Color+Clarity+TypeName+Report+Cut+Polish+Symmetry,1.00-1.49,EMERALD,D,VS2,HPHT,IGI,-,EX,EX,6,18570.39604,109.2376
A,carat_bucket+Shape+Color+Clarity+TypeName+Report+Cut+Polish+Symmetry,1.00-1.49,EMERALD,D,VS2,HPHT,IGI,EX,EX,EX,1,18920.792079,111.2988
A,carat_bucket+Shape+Color+Clarity+TypeName+Report+Cut+Polish+Symmetry,1.00-1.49,EMERALD,D,VVS1,CVD,IGI,-,EX,EX,6,29352.475248,172.6616
A,carat_bucket+Shape+Color+Clarity+TypeName+Report+Cut+Polish+Symmetry,1.00-1.49,EMERALD,D,VVS1,HPHT,IGI,-,EX,EX,15,28805.825243,169.446
A,carat_bucket+Shape+Color+Clarity+TypeName+Report+Cut+Polish+Symmetry,1.00-1.49,EMERALD,D,VVS2,CVD,IGI,-,EX,EX,23,19420.588235,114.2388
A,carat_bucket+Shape+Color+Clarity+TypeName+Report+Cut+Polish+Symmetry,1.00-1.49,EMERALD,D,VVS2,HPHT,IGI,-,EX,EX,28,19318.907563,113.6406
A,carat_bucket+Shape+Color+Clarity+TypeName+Report+Cut+Polish+Symmetry,1.00-1.49,EMERALD,D,VVS2,HPHT,IGI,EX,EX,EX,1,19083.333333,112.2549
A,carat_bucket+Shape+Color+Clarity+TypeName+Report+Cut+Polish+Symmetry,1.00-1.49,EMERALD,E,VS1,CVD,IGI,-,EX,EX,26,18908.910891,111.2289
A,carat_bucket+Shape+Color+Clarity+TypeName+Report+Cut+Polish+Symmetry,1.00-1.49,EMERALD,E,VS1,HPHT,IGI,-,EX,EX,10,18920.792079,111.2988
A,carat_bucket+Shape+Color+Clarity+TypeName+Report+Cut+Polish+Symmetry,1.00-1.49,EMERALD,E,VS2,HPHT,IGI,-,EX,EX,7,18772.277228,110.4252
A,carat_bucket+Shape+Color+Clarity+TypeName+Report+Cut+Polish+Symmetry,1.00-1.49,EMERALD,E,VVS1,CVD,IGI,-,EX,EX,3,28055.555556,165.0327
A,carat_bucket+Shape+Color+Clarity+TypeName+Report+Cut+Polish+Symmetry,1.00-1.49,EMERALD,E,VVS2,CVD,IGI,-,EX,EX,17,18905.882353,111.2111
A,carat_bucket+Shape+Color+Clarity+TypeName+Report+Cut+Polish+Symmetry,1.00-1.49,EMERALD,E,VVS2,HPHT,IGI,-,EX,EX,1,18980.19802,111.6482
A,carat_bucket+Shape+Color+Clarity+TypeName+Report+Cut+Polish+Symmetry,1.00-1.49,EMERALD,F,VS1,HPHT,IGI,-,EX,EX,2,18299.563107,107.6445
A,carat_bucket+Shape+Color+Clarity+TypeName+Report+Cut+Polish+Symmetry,1.00-1.49,EMERALD,F,VS2,HPHT,IGI,-,EX,EX,1,18240.0,107.2941
A,carat_bucket+Shape+Color+Clarity+TypeName+Report+Cut+Polish+Symmetry,1.00-1.49,HEART,D,VS1,CVD,IGI,-,EX,EX,43,25500.0,150.0
A,carat_bucket+Shape+Color+Clarity+TypeName+Report+Cut+Polish+Symmetry,1.00-1.49,HEART,D,VS1,CVD,IGI,-,EX,VG,1,27277.310924,160.4548
A,carat_bucket+Shape+Color+Clarity+TypeName+Report+Cut+Polish+Symmetry,1.00-1.49,HEART,D,VS1,CVD,IGI,-,VG,EX,1,32138.613861,189.0507
A,carat_bucket+Shape+Color+Clarity+TypeName+Report+Cut+Polish+Symmetry,1.00-1.49,HEART,D,VS1,CVD,IGI,-,VG,VG,4,26938.22314,158.4601
A,carat_bucket+Shape+Color+Clarity+TypeName+Report+Cut+Polish+Symmetry,1.00-1.49,HEART,D,VS1,HPHT,IGI,-,EX,EX,9,25443.396226,149.667
A,carat_bucket+Shape+Color+Clarity+TypeName+Report+Cut+Polish+Symmetry,1.00-1.49,HEART,D,VS1,HPHT,IGI,传统切,EX,EX,3,40941.176471,240.8304
A,carat_bucket+Shape+Color+Clarity+TypeName+Report+Cut+Polish+Symmetry,1.00-1.49,HEART,D,VS2,CVD,IGI,-,EX,EX,8,26474.986239,155.7352
A,carat_bucket+Shape+Color+Clarity+TypeName+Report+Cut+Polish+Symmetry,1.00-1.49,HEART,D,VS2,CVD,IGI,-,VG,VG,2,26589.02745,156.406
A,carat_bucket+Shape+Color+Clarity+TypeName+Report+Cut+Polish+Symmetry,1.00-1.49,HEART,D,VS2,CVD,IGI,传统切,EX,EX,1,34794.642857,204.6744
A,carat_bucket+Shape+Color+Clarity+TypeName+Report+Cut+Polish+Symmetry,1.00-1.49,HEART,D,VS2,HPHT,IGI,-,EX,EX,1,26009.708738,152.9983
A,carat_bucket+Shape+Color+Clarity+TypeName+Report+Cut+Polish+Symmetry,1.00-1.49,HEART,D,VVS1,CVD,IGI,-,EX,EX,9,34269.230769,201.5837
A,carat_bucket+Shape+Color+Clarity+TypeName+Report+Cut+Polish+Symmetry,1.00-1.49,HEART,D,VVS1,HPHT,IGI,-,EX,EX,8,35585.311929,209.3254
A,carat_bucket+Shape+Color+Clarity+TypeName+Report+Cut+Polish+Symmetry,1.00-1.49,HEART,D,VVS1,HPHT,IGI,传统切,EX,EX,3,53028.571429,311.9328
A,carat_bucket+Shape+Color+Clarity+TypeName+Report+Cut+Polish+Symmetry,1.00-1.49,HEART,D,VVS2,CVD,IGI,-,EX,EX,32,26970.588235,158.6505
A,carat_bucket+Shape+Color+Clarity+TypeName+Report+Cut+Polish+Symmetry,1.00-1.49,HEART,D,VVS2,CVD,IGI,-,EX,VG,4,27771.891244,163.3641
A,carat_bucket+Shape+Color+Clarity+TypeName+Report+Cut+Polish+Symmetry,1.00-1.49,HEART,D,VVS2,CVD,IGI,-,VG,EX,4,28123.38594,165.4317
A,carat_bucket+Shape+Color+Clarity+TypeName+Report+Cut+Polish+Symmetry,1.00-1.49,HEART,D,VVS2,CVD,IGI,-,VG,VG,12,28000.47419,164.7087
A,carat_bucket+Shape+Color+Clarity+TypeName+Report+Cut+Polish+Symmetry,1.00-1.49,HEART,D,VVS2,HPHT,IGI,-,EX,EX,10,26265.491453,154.5029
A,carat_bucket+Shape+Color+Clarity+TypeName+Report+Cut+Polish+Symmetry,1.00-1.49,HEART,D,VVS2,HPHT,IGI,传统切,EX,EX,20,45470.588235,267.474
A,carat_bucket+Shape+Color+Clarity+TypeName+Report+Cut+Polish+Symmetry,1.00-1.49,HEART,E,VS1,CVD,IGI,-,EX,EX,34,25528.846154,150.1697
A,carat_bucket+Shape+Color+Clarity+TypeName+Report+Cut+Polish+Symmetry,1.00-1.49,HEART,E,VS1,HPHT,IGI,-,EX,EX,2,26505.0,155.9118
A,carat_bucket+Shape+Color+Clarity+TypeName+Report+Cut+Polish+Symmetry,1.00-1.49,HEART,E,VS2,CVD,IGI,-,EX,EX,4,25198.043975,148.2238
A,carat_bucket+Shape+Color+Clarity+TypeName+Report+Cut+Polish+Symmetry,1.00-1.49,HEART,E,VVS1,CVD,IGI,-,EX,EX,1,31363.636364,184.492
A,carat_bucket+Shape+Color+Clarity+TypeName+Report+Cut+Polish+Symmetry,1.00-1.49,HEART,E,VVS2,CVD,IGI,-,EX,EX,24,26382.352941,155.1903
A,carat_bucket+Shape+Color+Clarity+TypeName+Report+Cut+Polish+Symmetry,1.00-1.49,HEART,E,VVS2,CVD,IGI,-,VG,VG,2,28750.320924,169.1195
A,carat_bucket+Shape+Color+Clarity+TypeName+Report+Cut+Polish+Symmetry,1.00-1.49,HEART,E,VVS2,HPHT,IGI,-,EX,EX,3,24916.666667,146.5686
A,carat_bucket+Shape+Color+Clarity+TypeName+Report+Cut+Polish+Symmetry,1.00-1.49,HEART,E,VVS2,HPHT,IGI,传统切,EX,EX,2,40547.511312,238.5148
A,carat_bucket+Shape+Color+Clarity+TypeName+Report+Cut+Polish+Symmetry,1.00-1.49,HEART,F,VS1,CVD,IGI,-,EX,EX,1,24705.882353,145.3287
A,carat_bucket+Shape+Color+Clarity+TypeName+Report+Cut+Polish+Symmetry,1.00-1.49,HEART,F,VS1,HPHT,IGI,-,EX,EX,1,25470.588235,149.827
A,carat_bucket+Shape+Color+Clarity+TypeName+Report+Cut+Polish+Symmetry,1.00-1.49,HEART,F,VS2,CVD,IGI,-,EX,EX,1,24653.465347,145.0204
A,carat_bucket+Shape+Color+Clarity+TypeName+Report+Cut+Polish+Symmetry,1.00-1.49,HEART,F,VVS2,CVD,IGI,-,EX,EX,6,24638.256161,144.9309
A,carat_bucket+Shape+Color+Clarity+TypeName+Report+Cut+Polish+Symmetry,1.00-1.49,HEART,F,VVS2,HPHT,IGI,-,EX,EX,1,26910.0,158.2941
A,carat_bucket+Shape+Color+Clarity+TypeName+Report+Cut+Polish+Symmetry,1.00-1.49,MARQUISE,D,VS1,CVD,IGI,-,EX,EX,30,23544.117647,138.4948
A,carat_bucket+Shape+Color+Clarity+TypeName+Report+Cut+Polish+Symmetry,1.00-1.49,MARQUISE,D,VS2,CVD,IGI,-,EX,EX,8,23274.0,136.9059
A,carat_bucket+Shape+Color+Clarity+TypeName+Report+Cut+Polish+Symmetry,1.00-1.49,MARQUISE,D,VS2,HPHT,IGI,-,EX,EX,3,23190.0,136.4118
A,carat_bucket+Shape+Color+Clarity+TypeName+Report+Cut+Polish+Symmetry,1.00-1.49,MARQUISE,D,VVS1,CVD,IGI,-,EX,EX,16,31424.271845,184.8487
A,carat_bucket+Shape+Color+Clarity+TypeName+Report+Cut+Polish+Symmetry,1.00-1.49,MARQUISE,D,VVS1,HPHT,IGI,-,EX,EX,13,29969.444444,176.2908
A,carat_bucket+Shape+Color+Clarity+TypeName+Report+Cut+Polish+Symmetry,1.00-1.49,MARQUISE,D,VVS1,HPHT,IGI,EX,EX,EX,6,31676.470588,186.3322
A,carat_bucket+Shape+Color+Clarity+TypeName+Report+Cut+Polish+Symmetry,1.00-1.49,MARQUISE,D,VVS2,CVD,IGI,-,EX,EX,23,24157.281553,142.1017
A,carat_bucket+Shape+Color+Clarity+TypeName+Report+Cut+Polish+Symmetry,1.00-1.49,MARQUISE,D,VVS2,HPHT,IGI,-,EX,EX,3,23114.285714,135.9664
A,carat_bucket+Shape+Color+Clarity+TypeName+Report+Cut+Polish+Symmetry,1.00-1.49,MARQUISE,D,VVS2,HPHT,IGI,EX,EX,EX,1,23852.941176,140.3114
A,carat_bucket+Shape+Color+Clarity+TypeName+Report+Cut+Polish+Symmetry,1.00-1.49,MARQUISE,E,VS1,CVD,IGI,-,EX,EX,65,21090.0,124.0588
A,carat_bucket+Shape+Color+Clarity+TypeName+Report+Cut+Polish+Symmetry,1.00-1.49,MARQUISE,E,VS1,HPHT,IGI,-,EX,EX,2,20521.468012,120.7145
A,carat_bucket+Shape+Color+Clarity+TypeName+Report+Cut+Polish+Symmetry,1.00-1.49,MARQUISE,E,VS2,CVD,IGI,-,EX,EX,4,20143.301887,118.49
A,carat_bucket+Shape+Color+Clarity+TypeName+Report+Cut+Polish+Symmetry,1.00-1.49,MARQUISE,E,VVS1,CVD,IGI,-,EX,EX,1,28823.529412,169.5502
A,carat_bucket+Shape+Color+Clarity+TypeName+Report+Cut+Polish+Symmetry,1.00-1.49,MARQUISE,E,VVS1,HPHT,IGI,-,EX,EX,1,32400.0,190.5882
A,carat_bucket+Shape+Color+Clarity+TypeName+Report+Cut+Polish+Symmetry,1.00-1.49,MARQUISE,E,VVS2,CVD,IGI,-,EX,EX,155,22096.039604,129.9767
A,carat_bucket+Shape+Color+Clarity+TypeName+Report+Cut+Polish+Symmetry,1.00-1.49,MARQUISE,F,VS1,CVD,IGI,-,EX,EX,2,19559.500693,115.0559
A,carat_bucket+Shape+Color+Clarity+TypeName+Report+Cut+Polish+Symmetry,1.00-1.49,MARQUISE,F,VS2,HPHT,IGI,EX,EX,EX,1,19008.196721,111.8129
A,carat_bucket+Shape+Color+Clarity+TypeName+Report+Cut+Polish+Symmetry,1.00-1.49,MARQUISE,F,VVS2,CVD,IGI,-,EX,EX,7,21349.514563,125.5854
A,carat_bucket+Shape+Color+Clarity+TypeName+Report+Cut+Polish+Symmetry,1.00-1.49,OVAL,D,IF,HPHT,IGI,-,EX,EX,4,38827.261367,228.3957
A,carat_bucket+Shape+Color+Clarity+TypeName+Report+Cut+Polish+Symmetry,1.00-1.49,OVAL,D,VS1,CVD,IGI,-,EX,EX,119,19194.174757,112.9069
A,carat_bucket+Shape+Color+Clarity+TypeName+Report+Cut+Polish+Symmetry,1.00-1.49,OVAL,D,VS1,HPHT,IGI,-,EX,EX,25,19223.300971,113.0782
A,carat_bucket+Shape+Color+Clarity+TypeName+Report+Cut+Polish+Symmetry,1.00-1.49,OVAL,D,VS1,HPHT,IGI,EX,EX,EX,8,19486.446217,114.6262
A,carat_bucket+Shape+Color+Clarity+TypeName+Report+Cut+Polish+Symmetry,1.00-1.49,OVAL,D,VS1,HPHT,IGI,传统切,EX,EX,35,34603.960396,203.5527
A,carat_bucket+Shape+Color+Clarity+TypeName+Report+Cut+Polish+Symmetry,1.00-1.49,OVAL,D,VS2,CVD,IGI,-,EX,EX,3,19022.330097,111.8961
A,carat_bucket+Shape+Color+Clarity+TypeName+Report+Cut+Polish+Symmetry,1.00-1.49,OVAL,D,VS2,HPHT,IGI,-,EX,EX,8,19384.411765,114.026
A,carat_bucket+Shape+Color+Clarity+TypeName+Report+Cut+Polish+Symmetry,1.00-1.49,OVAL,D,VS2,HPHT,IGI,EX,EX,EX,9,18828.571429,110.7563
A,carat_bucket+Shape+Color+Clarity+TypeName+Report+Cut+Polish+Symmetry,1.00-1.49,OVAL,D,VVS1,CVD,IGI,-,EX,EX,8,22431.683168,131.9511
A,carat_bucket+Shape+Color+Clarity+TypeName+Report+Cut+Polish+Symmetry,1.00-1.49,OVAL,D,VVS1,HPHT,IGI,-,EX,EX,30,22294.117647,131.1419
A,carat_bucket+Shape+Color+Clarity+TypeName+Report+Cut+Polish+Symmetry,1.00-1.49,OVAL,D,VVS1,HPHT,IGI,EX,EX,EX,1,21339.622642,125.5272
A,carat_bucket+Shape+Color+Clarity+TypeName+Report+Cut+Polish+Symmetry,1.00-1.49,OVAL,D,VVS1,HPHT,IGI,传统切,EX,EX,13,39600.0,232.9412
A,carat_bucket+Shape+Color+Clarity+TypeName+Report+Cut+Polish+Symmetry,1.00-1.49,OVAL,D,VVS2,CVD,IGI,-,EX,EX,124,20257.425743,119.1613
A,carat_bucket+Shape+Color+Clarity+TypeName+Report+Cut+Polish+Symmetry,1.00-1.49,OVAL,D,VVS2,CVD,IGI,-,VG,EX,1,23593.220339,138.7836
A,carat_bucket+Shape+Color+Clarity+TypeName+Report+Cut+Polish+Symmetry,1.00-1.49,OVAL,D,VVS2,CVD,IGI,传统切,EX,EX,1,45962.264151,270.3663
A,carat_bucket+Shape+Color+Clarity+TypeName+Report+Cut+Polish+Symmetry,1.00-1.49,OVAL,D,VVS2,CVD,IGI,冰花切,EX,EX,1,47000.0,276.4706
A,carat_bucket+Shape+Color+Clarity+TypeName+Report+Cut+Polish+Symmetry,1.00-1.49,OVAL,D,VVS2,HPHT,IGI,-,EX,EX,68,20097.087379,118.2182
A,carat_bucket+Shape+Color+Clarity+TypeName+Report+Cut+Polish+Symmetry,1.00-1.49,OVAL,D,VVS2,HPHT,IGI,EX,EX,EX,9,19980.582524,117.5328
A,carat_bucket+Shape+Color+Clarity+TypeName+Report+Cut+Polish+Symmetry,1.00-1.49,OVAL,D,VVS2,HPHT,IGI,传统切,EX,EX,38,34237.735849,201.3984
A,carat_bucket+Shape+Color+Clarity+TypeName+Report+Cut+Polish+Symmetry,1.00-1.49,OVAL,E,VS1,CVD,IGI,-,EX,EX,84,21059.405941,123.8789
A,carat_bucket+Shape+Color+Clarity+TypeName+Report+Cut+Polish+Symmetry,1.00-1.49,OVAL,E,VS2,CVD,IGI,-,EX,EX,3,19437.0,114.3353
A,carat_bucket+Shape+Color+Clarity+TypeName+Report+Cut+Polish+Symmetry,1.00-1.49,OVAL,E,VS2,HPHT,IGI,-,EX,EX,1,19277.227723,113.3955
A,carat_bucket+Shape+Color+Clarity+TypeName+Report+Cut+Polish+Symmetry,1.00-1.49,OVAL,E,VS2,HPHT,IGI,EX,EX,EX,2,18670.36626,109.8257
A,carat_bucket+Shape+Color+Clarity+TypeName+Report+Cut+Polish+Symmetry,1.00-1.49,OVAL,E,VVS1,CVD,IGI,-,EX,EX,11,22241.176471,130.8304
A,carat_bucket+Shape+Color+Clarity+TypeName+Report+Cut+Polish+Symmetry,1.00-1.49,OVAL,E,VVS1,CVD,IGI,传统切,EX,EX,1,42311.320755,248.8901
A,carat_bucket+Shape+Color+Clarity+TypeName+Report+Cut+Polish+Symmetry,1.00-1.49,OVAL,E,VVS1,HPHT,IGI,-,EX,EX,5,22461.386139,132.1258
A,carat_bucket+Shape+Color+Clarity+TypeName+Report+Cut+Polish+Symmetry,1.00-1.49,OVAL,E,VVS2,CVD,IGI,-,EX,EX,32,19544.554455,114.968
A,carat_bucket+Shape+Color+Clarity+TypeName+Report+Cut+Polish+Symmetry,1.00-1.49,OVAL,E,VVS2,HPHT,IGI,-,EX,EX,3,18277.777778,107.5163
A,carat_bucket+Shape+Color+Clarity+TypeName+Report+Cut+Polish+Symmetry,1.00-1.49,OVAL,F,VS1,CVD,IGI,-,EX,EX,1,19694.117647,115.8478
A,carat_bucket+Shape+Color+Clarity+TypeName+Report+Cut+Polish+Symmetry,1.00-1.49,OVAL,F,VS1,HPHT,IGI,-,EX,EX,2,19851.237624,116.772
A,carat_bucket+Shape+Color+Clarity+TypeName+Report+Cut+Polish+Symmetry,1.00-1.49,OVAL,F,VS2,CVD,IGI,-,EX,EX,7,19563.0,115.0765
A,carat_bucket+Shape+Color+Clarity+TypeName+Report+Cut+Polish+Symmetry,1.00-1.49,OVAL,F,VS2,HPHT,IGI,EX,EX,EX,1,17944.954128,105.5586
A,carat_bucket+Shape+Color+Clarity+TypeName+Report+Cut+Polish+Symmetry,1.00-1.49,OVAL,F,VVS2,CVD,IGI,-,EX,EX,1,19541.176471,114.9481
A,carat_bucket+Shape+Color+Clarity+TypeName+Report+Cut+Polish+Symmetry,1.00-1.49,OVAL,F,VVS2,HPHT,IGI,-,EX,EX,4,19770.0,116.2941
A,carat_bucket+Shape+Color+Clarity+TypeName+Report+Cut+Polish+Symmetry,1.00-1.49,OVAL,F,VVS2,HPHT,IGI,EX,EX,EX,1,19009.615385,111.8213
A,carat_bucket+Shape+Color+Clarity+TypeName+Report+Cut+Polish+Symmetry,1.00-1.49,PEAR,D,IF,CVD,IGI,-,EX,EX,1,42825.742574,251.9161
A,carat_bucket+Shape+Color+Clarity+TypeName+Report+Cut+Polish+Symmetry,1.00-1.49,PEAR,D,IF,HPHT,IGI,-,EX,EX,4,42615.812464,250.6812
A,carat_bucket+Shape+Color+Clarity+TypeName+Report+Cut+Polish+Symmetry,1.00-1.49,PEAR,D,VS1,CVD,IGI,-,EX,EX,91,20790.0,122.2941
A,carat_bucket+Shape+Color+Clarity+TypeName+Report+Cut+Polish+Symmetry,1.00-1.49,PEAR,D,VS1,CVD,IGI,传统切,EX,EX,1,33147.058824,194.9827
A,carat_bucket+Shape+Color+Clarity+TypeName+Report+Cut+Polish+Symmetry,1.00-1.49,PEAR,D,VS1,CVD,IGI,冰花切,EX,EX,1,33147.058824,194.9827
A,carat_bucket+Shape+Color+Clarity+TypeName+Report+Cut+Polish+Symmetry,1.00-1.49,PEAR,D,VS1,HPHT,IGI,-,EX,EX,2,19975.210084,117.5012
A,carat_bucket+Shape+Color+Clarity+TypeName+Report+Cut+Polish+Symmetry,1.00-1.49,PEAR,D,VS1,HPHT,IGI,-,EX,VG,1,20670.0,121.5882
A,carat_bucket+Shape+Color+Clarity+TypeName+Report+Cut+Polish+Symmetry,1.00-1.49,PEAR,D,VS1,HPHT,IGI,EX,EX,EX,1,20264.705882,119.2042
A,carat_bucket+Shape+Color+Clarity+TypeName+Report+Cut+Polish+Symmetry,1.00-1.49,PEAR,D,VS2,CVD,IGI,-,EX,EX,16,21003.50495,123.55
A,carat_bucket+Shape+Color+Clarity+TypeName+Report+Cut+Polish+Symmetry,1.00-1.49,PEAR,D,VS2,CVD,IGI,传统切,EX,EX,1,24183.206107,142.2542
A,carat_bucket+Shape+Color+Clarity+TypeName+Report+Cut+Polish+Symmetry,1.00-1.49,PEAR,D,VS2,HPHT,IGI,-,EX,EX,3,20085.714286,118.1513
A,carat_bucket+Shape+Color+Clarity+TypeName+Report+Cut+Polish+Symmetry,1.00-1.49,PEAR,D,VS2,HPHT,IGI,EX,EX,EX,1,21090.0,124.0588
A,carat_bucket+Shape+Color+Clarity+TypeName+Report+Cut+Polish+Symmetry,1.00-1.49,PEAR,D,VVS1,CVD,IGI,-,EX,EX,17,26411.881188,155.364
A,carat_bucket+Shape+Color+Clarity+TypeName+Report+Cut+Polish+Symmetry,1.00-1.49,PEAR,D,VVS1,CVD,IGI,传统切,EX,EX,3,39663.461538,233.3145
A,carat_bucket+Shape+Color+Clarity+TypeName+Report+Cut+Polish+Symmetry,1.00-1.49,PEAR,D,VVS1,CVD,IGI,冰花切,EX,EX,6,38391.509434,225.8324
A,carat_bucket+Shape+Color+Clarity+TypeName+Report+Cut+Polish+Symmetry,1.00-1.49,PEAR,D,VVS1,HPHT,IGI,-,EX,EX,7,25899.029126,152.3472
A,carat_bucket+Shape+Color+Clarity+TypeName+Report+Cut+Polish+Symmetry,1.00-1.49,PEAR,D,VVS1,HPHT,IGI,EX,EX,EX,1,24190.909091,142.2995
A,carat_bucket+Shape+Color+Clarity+TypeName+Report+Cut+Polish+Symmetry,1.00-1.49,PEAR,D,VVS1,HPHT,IGI,传统切,EX,EX,8,26700.0,157.0588
A,carat_bucket+Shape+Color+Clarity+TypeName+Report+Cut+Polish+Symmetry,1.00-1.49,PEAR,D,VVS2,CVD,IGI,-,EX,EX,155,20881.188119,122.8305
A,carat_bucket+Shape+Color+Clarity+TypeName+Report+Cut+Polish+Symmetry,1.00-1.49,PEAR,D,VVS2,CVD,IGI,-,EX,VG,1,23794.871795,139.9698
A,carat_bucket+Shape+Color+Clarity+TypeName+Report+Cut+Polish+Symmetry,1.00-1.49,PEAR,D,VVS2,CVD,IGI,-,VG,EX,1,26264.150943,154.495
A,carat_bucket+Shape+Color+Clarity+TypeName+Report+Cut+Polish+Symmetry,1.00-1.49,PEAR,D,VVS2,CVD,IGI,传统切,EX,EX,5,38417.475728,225.9852
A,carat_bucket+Shape+Color+Clarity+TypeName+Report+Cut+Polish+Symmetry,1.00-1.49,PEAR,D,VVS2,CVD,IGI,冰花切,EX,EX,4,33240.169282,195.5304
A,carat_bucket+Shape+Color+Clarity+TypeName+Report+Cut+Polish+Symmetry,1.00-1.49,PEAR,D,VVS2,HPHT,IGI,-,EX,EX,18,20638.888889,121.4052
A,carat_bucket+Shape+Color+Clarity+TypeName+Report+Cut+Polish+Symmetry,1.00-1.49,PEAR,D,VVS2,HPHT,IGI,EX,EX,EX,4,20723.300971,121.9018
A,carat_bucket+Shape+Color+Clarity+TypeName+Report+Cut+Polish+Symmetry,1.00-1.49,PEAR,E,VS1,CVD,IGI,-,EX,EX,118,20370.0,119.8235
A,carat_bucket+Shape+Color+Clarity+TypeName+Report+Cut+Polish+Symmetry,1.00-1.49,PEAR,E,VS1,HPHT,IGI,-,EX,EX,8,19132.075472,112.5416
A,carat_bucket+Shape+Color+Clarity+TypeName+Report+Cut+Polish+Symmetry,1.00-1.49,PEAR,E,VS1,HPHT,IGI,EX,EX,EX,2,19884.264155,116.9663
A,carat_bucket+Shape+Color+Clarity+TypeName+Report+Cut+Polish+Symmetry,1.00-1.49,PEAR,E,VS2,CVD,IGI,-,EX,EX,10,20503.960396,120.6115
A,carat_bucket+Shape+Color+Clarity+TypeName+Report+Cut+Polish+Symmetry,1.00-1.49,PEAR,E,VS2,HPHT,IGI,-,EX,EX,1,20495.049505,120.5591
A,carat_bucket+Shape+Color+Clarity+TypeName+Report+Cut+Polish+Symmetry,1.00-1.49,PEAR,E,VS2,HPHT,IGI,EX,EX,EX,3,20495.049505,120.5591
A,carat_bucket+Shape+Color+Clarity+TypeName+Report+Cut+Polish+Symmetry,1.00-1.49,PEAR,E,VVS1,CVD,IGI,-,EX,EX,9,25829.70297,151.9394
A,carat_bucket+Shape+Color+Clarity+TypeName+Report+Cut+Polish+Symmetry,1.00-1.49,PEAR,E,VVS1,CVD,IGI,传统切,EX,EX,2,36080.0,212.2353
A,carat_bucket+Shape+Color+Clarity+TypeName+Report+Cut+Polish+Symmetry,1.00-1.49,PEAR,E,VVS1,HPHT,IGI,-,EX,EX,4,25699.07767,151.171
A,carat_bucket+Shape+Color+Clarity+TypeName+Report+Cut+Polish+Symmetry,1.00-1.49,PEAR,E,VVS1,HPHT,IGI,EX,EX,EX,1,25558.823529,150.346
A,carat_bucket+Shape+Color+Clarity+TypeName+Report+Cut+Polish+Symmetry,1.00-1.49,PEAR,E,VVS2,CVD,IGI,-,EX,EX,40,19443.396226,114.3729
A,carat_bucket+Shape+Color+Clarity+TypeName+Report+Cut+Polish+Symmetry,1.00-1.49,PEAR,E,VVS2,CVD,IGI,传统切,EX,EX,2,32222.996365,189.547
A,carat_bucket+Shape+Color+Clarity+TypeName+Report+Cut+Polish+Symmetry,1.00-1.49,PEAR,E,VVS2,CVD,IGI,冰花切,EX,EX,1,30933.962264,181.9645
A,carat_bucket+Shape+Color+Clarity+TypeName+Report+Cut+Polish+Symmetry,1.00-1.49,PEAR,E,VVS2,HPHT,IGI,-,EX,EX,7,20435.643564,120.2097
A,carat_bucket+Shape+Color+Clarity+TypeName+Report+Cut+Polish+Symmetry,1.00-1.49,PEAR,E,VVS2,HPHT,IGI,EX,EX,EX,3,20235.294118,119.0311
A,carat_bucket+Shape+Color+Clarity+TypeName+Report+Cut+Polish+Symmetry,1.00-1.49,PEAR,F,VS1,CVD,IGI,-,EX,EX,19,19805.825243,116.5049
A,carat_bucket+Shape+Color+Clarity+TypeName+Report+Cut+Polish+Symmetry,1.00-1.49,PEAR,F,VS2,CVD,IGI,-,EX,EX,4,20105.825243,118.2696
A,carat_bucket+Shape+Color+Clarity+TypeName+Report+Cut+Polish+Symmetry,1.00-1.49,PEAR,F,VVS1,CVD,IGI,-,EX,EX,1,31500.0,185.2941
A,carat_bucket+Shape+Color+Clarity+TypeName+Report+Cut+Polish+Symmetry,1.00-1.49,PEAR,F,VVS2,CVD,IGI,-,EX,EX,29,20044.660194,117.9098
A,carat_bucket+Shape+Color+Clarity+TypeName+Report+Cut+Polish+Symmetry,1.00-1.49,PEAR,F,VVS2,HPHT,IGI,-,EX,EX,4,19601.777939,115.3046
A,carat_bucket+Shape+Color+Clarity+TypeName+Report+Cut+Polish+Symmetry,1.00-1.49,PRINCESS,D,VS1,CVD,IGI,-,EX,EX,30,21101.004659,124.1236
A,carat_bucket+Shape+Color+Clarity+TypeName+Report+Cut+Polish+Symmetry,1.00-1.49,PRINCESS,D,VS1,HPHT,IGI,-,EX,EX,1,20204.716981,118.8513
A,carat_bucket+Shape+Color+Clarity+TypeName+Report+Cut+Polish+Symmetry,1.00-1.49,PRINCESS,D,VS1,HPHT,IGI,EX,EX,EX,1,20509.615385,120.6448
A,carat_bucket+Shape+Color+Clarity+TypeName+Report+Cut+Polish+Symmetry,1.00-1.49,PRINCESS,D,VS2,CVD,IGI,-,EX,EX,2,19988.554455,117.5797
A,carat_bucket+Shape+Color+Clarity+TypeName+Report+Cut+Polish+Symmetry,1.00-1.49,PRINCESS,D,VS2,HPHT,IGI,-,EX,EX,2,19773.878858,116.3169
A,carat_bucket+Shape+Color+Clarity+TypeName+Report+Cut+Polish+Symmetry,1.00-1.49,PRINCESS,D,VS2,HPHT,IGI,-,EX,VG,1,19603.960396,115.3174
A,carat_bucket+Shape+Color+Clarity+TypeName+Report+Cut+Polish+Symmetry,1.00-1.49,PRINCESS,D,VVS1,CVD,IGI,-,EX,EX,35,37800.0,222.3529
A,carat_bucket+Shape+Color+Clarity+TypeName+Report+Cut+Polish+Symmetry,1.00-1.49,PRINCESS,D,VVS1,HPHT,IGI,-,EX,EX,3,23244.117647,136.7301
A,carat_bucket+Shape+Color+Clarity+TypeName+Report+Cut+Polish+Symmetry,1.00-1.49,PRINCESS,D,VVS2,CVD,IGI,-,EX,EX,95,20311.926606,119.4819
A,carat_bucket+Shape+Color+Clarity+TypeName+Report+Cut+Polish+Symmetry,1.00-1.49,PRINCESS,D,VVS2,HPHT,IGI,-,EX,EX,9,21334.951456,125.4997
A,carat_bucket+Shape+Color+Clarity+TypeName+Report+Cut+Polish+Symmetry,1.00-1.49,PRINCESS,D,VVS2,HPHT,IGI,EX,EX,EX,2,21685.294118,127.5606
A,carat_bucket+Shape+Color+Clarity+TypeName+Report+Cut+Polish+Symmetry,1.00-1.49,PRINCESS,E,VS1,CVD,IGI,-,EX,EX,71,19782.178218,116.3658
A,carat_bucket+Shape+Color+Clarity+TypeName+Report+Cut+Polish+Symmetry,1.00-1.49,PRINCESS,E,VS2,CVD,IGI,-,EX,EX,3,20241.0,119.0647
A,carat_bucket+Shape+Color+Clarity+TypeName+Report+Cut+Polish+Symmetry,1.00-1.49,PRINCESS,E,VS2,HPHT,IGI,EX,EX,EX,2,19807.692308,116.5158
A,carat_bucket+Shape+Color+Clarity+TypeName+Report+Cut+Polish+Symmetry,1.00-1.49,PRINCESS,E,VVS1,CVD,IGI,-,EX,EX,6,38947.783589,229.1046
A,carat_bucket+Shape+Color+Clarity+TypeName+Report+Cut+Polish+Symmetry,1.00-1.49,PRINCESS,E,VVS2,CVD,IGI,-,EX,EX,32,19505.660377,114.7392
A,carat_bucket+Shape+Color+Clarity+TypeName+Report+Cut+Polish+Symmetry,1.00-1.49,PRINCESS,E,VVS2,HPHT,IGI,EX,EX,EX,1,20038.834951,117.8755
A,carat_bucket+Shape+Color+Clarity+TypeName+Report+Cut+Polish+Symmetry,1.00-1.49,PRINCESS,F,VS1,CVD,IGI,-,EX,EX,6,18287.373004,107.5728
A,carat_bucket+Shape+Color+Clarity+TypeName+Report+Cut+Polish+Symmetry,1.00-1.49,PRINCESS,F,VVS1,CVD,IGI,-,EX,EX,3,31211.009174,183.5942
A,carat_bucket+Shape+Color+Clarity+TypeName+Report+Cut+Polish+Symmetry,1.00-1.49,PRINCESS,F,VVS1,HPHT,IGI,-,EX,EX,1,26280.0,154.5882
A,carat_bucket+Shape+Color+Clarity+TypeName+Report+Cut+Polish+Symmetry,1.00-1.49,PRINCESS,F,VVS2,CVD,IGI,-,EX,EX,5,19306.930693,113.5702
A,carat_bucket+Shape+Color+Clarity+TypeName+Report+Cut+Polish+Symmetry,1.00-1.49,RADIANT,D,VS1,CVD,IGI,-,-,-,2,24747.340426,145.5726
A,carat_bucket+Shape+Color+Clarity+TypeName+Report+Cut+Polish+Symmetry,1.00-1.49,RADIANT,D,VS1,CVD,IGI,-,EX,EX,16,22584.292992,132.8488
A,carat_bucket+Shape+Color+Clarity+TypeName+Report+Cut+Polish+Symmetry,1.00-1.49,RADIANT,D,VS1,HPHT,IGI,-,EX,EX,7,21857.142857,128.5714
A,carat_bucket+Shape+Color+Clarity+TypeName+Report+Cut+Polish+Symmetry,1.00-1.49,RADIANT,D,VS2,CVD,IGI,-,-,-,1,20111.111111,118.3007
A,carat_bucket+Shape+Color+Clarity+TypeName+Report+Cut+Polish+Symmetry,1.00-1.49,RADIANT,D,VS2,HPHT,IGI,-,EX,EX,2,21484.245283,126.3779
A,carat_bucket+Shape+Color+Clarity+TypeName+Report+Cut+Polish+Symmetry,1.00-1.49,RADIANT,D,VVS1,CVD,IGI,-,EX,EX,1,24873.786408,146.3164
A,carat_bucket+Shape+Color+Clarity+TypeName+Report+Cut+Polish+Symmetry,1.00-1.49,RADIANT,D,VVS1,HPHT,IGI,-,EX,EX,7,24801.980198,145.894
A,carat_bucket+Shape+Color+Clarity+TypeName+Report+Cut+Polish+Symmetry,1.00-1.49,RADIANT,D,VVS1,HPHT,IGI,EX,EX,EX,2,25680.0,151.0588
A,carat_bucket+Shape+Color+Clarity+TypeName+Report+Cut+Polish+Symmetry,1.00-1.49,RADIANT,D,VVS2,CVD,IGI,-,-,-,1,24750.0,145.5882
A,carat_bucket+Shape+Color+Clarity+TypeName+Report+Cut+Polish+Symmetry,1.00-1.49,RADIANT,D,VVS2,CVD,IGI,-,EX,EX,36,24319.40814,143.0553
A,carat_bucket+Shape+Color+Clarity+TypeName+Report+Cut+Polish+Symmetry,1.00-1.49,RADIANT,D,VVS2,HPHT,IGI,-,EX,EX,11,24000.0,141.1765
A,carat_bucket+Shape+Color+Clarity+TypeName+Report+Cut+Polish+Symmetry,1.00-1.49,RADIANT,D,VVS2,HPHT,IGI,EX,EX,EX,3,23688.679245,139.3452
A,carat_bucket+Shape+Color+Clarity+TypeName+Report+Cut+Polish+Symmetry,1.00-1.49,RADIANT,E,VS1,CVD,IGI,-,-,-,1,23200.0,136.4706
A,carat_bucket+Shape+Color+Clarity+TypeName+Report+Cut+Polish+Symmetry,1.00-1.49,RADIANT,E,VS1,CVD,IGI,-,EX,EX,17,16939.694656,99.6453
A,carat_bucket+Shape+Color+Clarity+TypeName+Report+Cut+Polish+Symmetry,1.00-1.49,RADIANT,E,VS1,CVD,IGI,-,EX,VG,1,23198.630137,136.4625
A,carat_bucket+Shape+Color+Clarity+TypeName+Report+Cut+Polish+Symmetry,1.00-1.49,RADIANT,E,VS1,HPHT,IGI,-,EX,EX,6,20761.020984,122.1237
A,carat_bucket+Shape+Color+Clarity+TypeName+Report+Cut+Polish+Symmetry,1.00-1.49,RADIANT,E,VS2,CVD,IGI,-,EX,EX,1,20100.0,118.2353
A,carat_bucket+Shape+Color+Clarity+TypeName+Report+Cut+Polish+Symmetry,1.00-1.49,RADIANT,E,VVS1,HPHT,IGI,-,EX,EX,1,26280.0,154.5882
A,carat_bucket+Shape+Color+Clarity+TypeName+Report+Cut+Polish+Symmetry,1.00-1.49,RADIANT,E,VVS2,CVD,IGI,-,EX,EX,32,22029.411765,129.5848
A,carat_bucket+Shape+Color+Clarity+TypeName+Report+Cut+Polish+Symmetry,1.00-1.49,RADIANT,E,VVS2,HPHT,IGI,-,EX,EX,5,21576.923077,126.9231
A,carat_bucket+Shape+Color+Clarity+TypeName+Report+Cut+Polish+Symmetry,1.00-1.49,RADIANT,F,VS1,CVD,IGI,-,-,-,4,20104.347826,118.2609
A,carat_bucket+Shape+Color+Clarity+TypeName+Report+Cut+Polish+Symmetry,1.00-1.49,RADIANT,F,VS1,CVD,IGI,-,EX,EX,2,19781.045752,116.3591
A,carat_bucket+Shape+Color+Clarity+TypeName+Report+Cut+Polish+Symmetry,1.00-1.49,RADIANT,F,VS1,CVD,IGI,-,EX,VG,1,20113.636364,118.3155
A,carat_bucket+Shape+Color+Clarity+TypeName+Report+Cut+Polish+Symmetry,1.00-1.49,RADIANT,F,VVS2,HPHT,IGI,-,EX,EX,1,21115.384615,124.2081
A,carat_bucket+Shape+Color+Clarity+TypeName+Report+Cut+Polish+Symmetry,1.00-1.49,RADIANT,G,VS1,CVD,IGI,-,-,-,3,20125.984252,118.3881
A,carat_bucket+Shape+Color+Clarity+TypeName+Report+Cut+Polish+Symmetry,1.00-1.49,RADIANT,G,VS2,CVD,IGI,-,-,-,1,20116.27907,118.3311
A,carat_bucket+Shape+Color+Clarity+TypeName+Report+Cut+Polish+Symmetry,1.00-1.49,ROUND,D,IF,HPHT,IGI,ID,EX,EX,17,35192.523364,207.0148
A,carat_bucket+Shape+Color+Clarity+TypeName+Report+Cut+Polish+Symmetry,1.00-1.49,ROUND,D,SI1,CVD,IGI,EX,EX,EX,1,20821.782178,122.4811
A,carat_bucket+Shape+Color+Clarity+TypeName+Report+Cut+Polish+Symmetry,1.00-1.49,ROUND,D,SI1,HPHT,IGI,ID,EX,EX,2,17764.117647,104.4948
A,carat_bucket+Shape+Color+Clarity+TypeName+Report+Cut+Polish+Symmetry,1.00-1.49,ROUND,D,VS1,CVD,IGI,EX,EX,EX,16,21394.392034,125.8494
A,carat_bucket+Shape+Color+Clarity+TypeName+Report+Cut+Polish+Symmetry,1.00-1.49,ROUND,D,VS1,CVD,IGI,ID,EX,EX,48,22223.300971,130.7253
A,carat_bucket+Shape+Color+Clarity+TypeName+Report+Cut+Polish+Symmetry,1.00-1.49,ROUND,D,VS1,HPHT,IGI,EX,EX,EX,346,20625.480857,121.3264
A,carat_bucket+Shape+Color+Clarity+TypeName+Report+Cut+Polish+Symmetry,1.00-1.49,ROUND,D,VS1,HPHT,IGI,ID,EX,EX,833,19354.455446,113.8497
A,carat_bucket+Shape+Color+Clarity+TypeName+Report+Cut+Polish+Symmetry,1.00-1.49,ROUND,D,VS2,CVD,IGI,EX,EX,EX,9,21611.650485,127.1274
A,carat_bucket+Shape+Color+Clarity+TypeName+Report+Cut+Polish+Symmetry,1.00-1.49,ROUND,D,VS2,CVD,IGI,ID,EX,EX,29,21403.846154,125.905
A,carat_bucket+Shape+Color+Clarity+TypeName+Report+Cut+Polish+Symmetry,1.00-1.49,ROUND,D,VS2,CVD,IGI,VG,EX,EX,1,21030.0,123.7059
A,carat_bucket+Shape+Color+Clarity+TypeName+Report+Cut+Polish+Symmetry,1.00-1.49,ROUND,D,VS2,HPHT,IGI,EX,EX,EX,36,18594.059406,109.3768
A,carat_bucket+Shape+Color+Clarity+TypeName+Report+Cut+Polish+Symmetry,1.00-1.49,ROUND,D,VS2,HPHT,IGI,ID,EX,EX,198,18259.615385,107.4095
A,carat_bucket+Shape+Color+Clarity+TypeName+Report+Cut+Polish+Symmetry,1.00-1.49,ROUND,D,VS,-,IGI,EX,EX,EX,2,15475.79693,91.0341
A,carat_bucket+Shape+Color+Clarity+TypeName+Report+Cut+Polish+Symmetry,1.00-1.49,ROUND,D,VVS1,CVD,IGI,EX,EX,EX,5,30106.19469,177.0953
A,carat_bucket+Shape+Color+Clarity+TypeName+Report+Cut+Polish+Symmetry,1.00-1.49,ROUND,D,VVS1,CVD,IGI,ID,EX,EX,10,31500.0,185.2941
A,carat_bucket+Shape+Color+Clarity+TypeName+Report+Cut+Polish+Symmetry,1.00-1.49,ROUND,D,VVS1,HPHT,IGI,EX,EX,EX,58,22630.78241,133.1222
A,carat_bucket+Shape+Color+Clarity+TypeName+Report+Cut+Polish+Symmetry,1.00-1.49,ROUND,D,VVS1,HPHT,IGI,ID,EX,EX,323,21967.647059,129.2215
A,carat_bucket+Shape+Color+Clarity+TypeName+Report+Cut+Polish+Symmetry,1.00-1.49,ROUND,D,VVS2,CVD,IGI,EX,EX,EX,40,22098.214286,129.9895
A,carat_bucket+Shape+Color+Clarity+TypeName+Report+Cut+Polish+Symmetry,1.00-1.49,ROUND,D,VVS2,CVD,IGI,ID,EX,EX,143,21902.654867,128.8391
A,carat_bucket+Shape+Color+Clarity+TypeName+Report+Cut+Polish+Symmetry,1.00-1.49,ROUND,D,VVS2,HPHT,IGI,EX,EX,EX,225,21682.352941,127.5433
A,carat_bucket+Shape+Color+Clarity+TypeName+Report+Cut+Polish+Symmetry,1.00-1.49,ROUND,D,VVS2,HPHT,IGI,ID,EX,EX,860,19368.932039,113.9349
A,carat_bucket+Shape+Color+Clarity+TypeName+Report+Cut+Polish+Symmetry,1.00-1.49,ROUND,D,VVS,-,IGI,EX,EX,EX,5,16363.636364,96.2567
A,carat_bucket+Shape+Color+Clarity+TypeName+Report+Cut+Polish+Symmetry,1.00-1.49,ROUND,E,IF,HPHT,IGI,ID,EX,EX,2,29274.604072,172.2036
A,carat_bucket+Shape+Color+Clarity+TypeName+Report+Cut+Polish+Symmetry,1.00-1.49,ROUND,E,SI1,CVD,IGI,EX,EX,EX,1,19654.205607,115.613
A,carat_bucket+Shape+Color+Clarity+TypeName+Report+Cut+Polish+Symmetry,1.00-1.49,ROUND,E,SI1,HPHT,IGI,ID,EX,EX,3,18059.405941,106.2318
A,carat_bucket+Shape+Color+Clarity+TypeName+Report+Cut+Polish+Symmetry,1.00-1.49,ROUND,E,VS1,CVD,IGI,EX,EX,EX,27,21311.320755,125.3607
A,carat_bucket+Shape+Color+Clarity+TypeName+Report+Cut+Polish+Symmetry,1.00-1.49,ROUND,E,VS1,CVD,IGI,EX,IDEAL,EX,2,23726.522102,139.5678
A,carat_bucket+Shape+Color+Clarity+TypeName+Report+Cut+Polish+Symmetry,1.00-1.49,ROUND,E,VS1,CVD,IGI,ID,EX,EX,76,21311.320755,125.3607
A,carat_bucket+Shape+Color+Clarity+TypeName+Report+Cut+Polish+Symmetry,1.00-1.49,ROUND,E,VS1,HPHT,IGI,EX,EX,EX,21,19560.0,115.0588
A,carat_bucket+Shape+Color+Clarity+TypeName+Report+Cut+Polish+Symmetry,1.00-1.49,ROUND,E,VS1,HPHT,IGI,ID,EX,EX,84,19560.0,115.0588
A,carat_bucket+Shape+Color+Clarity+TypeName+Report+Cut+Polish+Symmetry,1.00-1.49,ROUND,E,VS2,CVD,IGI,EX,EX,EX,2,18437.047233,108.4532
A,carat_bucket+Shape+Color+Clarity+TypeName+Report+Cut+Polish+Symmetry,1.00-1.49,ROUND,E,VS2,CVD,IGI,ID,EX,EX,12,20338.476459,119.6381
A,carat_bucket+Shape+Color+Clarity+TypeName+Report+Cut+Polish+Symmetry,1.00-1.49,ROUND,E,VS2,HPHT,IGI,EX,EX,EX,1,19080.0,112.2353
A,carat_bucket+Shape+Color+Clarity+TypeName+Report+Cut+Polish+Symmetry,1.00-1.49,ROUND,E,VS2,HPHT,IGI,ID,EX,EX,23,18201.923077,107.0701
A,carat_bucket+Shape+Color+Clarity+TypeName+Report+Cut+Polish+Symmetry,1.00-1.49,ROUND,E,VVS1,CVD,IGI,EX,EX,EX,3,21521.73913,126.5985
A,carat_bucket+Shape+Color+Clarity+TypeName+Report+Cut+Polish+Symmetry,1.00-1.49,ROUND,E,VVS1,CVD,IGI,ID,EX,EX,2,32547.581975,191.4564
A,carat_bucket+Shape+Color+Clarity+TypeName+Report+Cut+Polish+Symmetry,1.00-1.49,ROUND,E,VVS1,HPHT,IGI,EX,EX,EX,11,21514.285714,126.5546
A,carat_bucket+Shape+Color+Clarity+TypeName+Report+Cut+Polish+Symmetry,1.00-1.49,ROUND,E,VVS1,HPHT,IGI,ID,EX,EX,68,20437.5,120.2206
A,carat_bucket+Shape+Color+Clarity+TypeName+Report+Cut+Polish+Symmetry,1.00-1.49,ROUND,E,VVS2,CVD,IGI,EX,EX,EX,14,20718.75,121.875
A,carat_bucket+Shape+Color+Clarity+TypeName+Report+Cut+Polish+Symmetry,1.00-1.49,ROUND,E,VVS2,CVD,IGI,ID,EX,EX,44,21392.523364,125.8384
A,carat_bucket+Shape+Color+Clarity+TypeName+Report+Cut+Polish+Symmetry,1.00-1.49,ROUND,E,VVS2,HPHT,IGI,EX,EX,EX,83,21403.846154,125.905
A,carat_bucket+Shape+Color+Clarity+TypeName+Report+Cut+Polish+Symmetry,1.00-1.49,ROUND,E,VVS2,HPHT,IGI,ID,EX,EX,275,20803.738318,122.3749
A,carat_bucket+Shape+Color+Clarity+TypeName+Report+Cut+Polish+Symmetry,1.00-1.49,ROUND,F,VS1,HPHT,IGI,ID,EX,EX,9,19369.306931,113.9371
A,carat_bucket+Shape+Color+Clarity+TypeName+Report+Cut+Polish+Symmetry,1.00-1.49,ROUND,F,VS2,HPHT,IGI,EX,EX,EX,2,19939.038462,117.2885
A,carat_bucket+Shape+Color+Clarity+TypeName+Report+Cut+Polish+Symmetry,1.00-1.49,ROUND,F,VS2,HPHT,IGI,ID,EX,EX,4,17819.444444,104.8203
A,carat_bucket+Shape+Color+Clarity+TypeName+Report+Cut+Polish+Symmetry,1.00-1.49,ROUND,F,VVS1,HPHT,IGI,ID,EX,EX,8,19478.512279,114.5795
A,carat_bucket+Shape+Color+Clarity+TypeName+Report+Cut+Polish+Symmetry,1.00-1.49,ROUND,F,VVS2,CVD,IGI,EX,EX,EX,13,22298.076923,131.1652
A,carat_bucket+Shape+Color+Clarity+TypeName+Report+Cut+Polish+Symmetry,1.00-1.49,ROUND,F,VVS2,CVD,IGI,EX,IDEAL,EX,1,21081.818182,124.0107
A,carat_bucket+Shape+Color+Clarity+TypeName+Report+Cut+Polish+Symmetry,1.00-1.49,ROUND,F,VVS2,CVD,IGI,ID,EX,EX,2,21674.790356,127.4988
A,carat_bucket+Shape+Color+Clarity+TypeName+Report+Cut+Polish+Symmetry,1.00-1.49,ROUND,F,VVS2,HPHT,IGI,EX,EX,EX,4,19462.5,114.4853
A,carat_bucket+Shape+Color+Clarity+TypeName+Report+Cut+Polish+Symmetry,1.00-1.49,ROUND,F,VVS2,HPHT,IGI,ID,EX,EX,11,18837.142857,110.8067
A,carat_bucket+Shape+Color+Clarity+TypeName+Report+Cut+Polish+Symmetry,1.00-1.49,SQUARE,D,VS1,CVD,IGI,-,EX,EX,3,19502.912621,114.723
A,carat_bucket+Shape+Color+Clarity+TypeName+Report+Cut+Polish+Symmetry,1.00-1.49,SQUARE,D,VS1,HPHT,IGI,-,EX,EX,6,20088.0,118.1647
A,carat_bucket+Shape+Color+Clarity+TypeName+Report+Cut+Polish+Symmetry,1.00-1.49,SQUARE,D,VVS2,HPHT,IGI,-,EX,EX,9,20135.643564,118.445
A,carat_bucket+Shape+Color+Clarity+TypeName+Report+Cut+Polish+Symmetry,1.00-1.49,SQUARE,E,VS1,CVD,IGI,-,EX,EX,6,19034.107523,111.9653
A,carat_bucket+Shape+Color+Clarity+TypeName+Report+Cut+Polish+Symmetry,1.00-1.49,SQUARE,E,VS1,HPHT,IGI,-,EX,EX,1,17980.909091,105.7701
A,carat_bucket+Shape+Color+Clarity+TypeName+Report+Cut+Polish+Symmetry,1.00-1.49,SQUARE,F,VS1,CVD,IGI,-,-,-,2,20126.049467,118.3885
A,carat_bucket+Shape+Color+Clarity+TypeName+Report+Cut+Polish+Symmetry,1.50-1.99,-,D,VS1,CVD,IGI,-,EX,EX,1,37924.528302,223.0855
A,carat_bucket+Shape+Color+Clarity+TypeName+Report+Cut+Polish+Symmetry,1.50-1.99,-,D,VS1,CVD,IGI,-,VG,VG,3,35922.580645,211.3093
A,carat_bucket+Shape+Color+Clarity+TypeName+Report+Cut+Polish+Symmetry,1.50-1.99,-,D,VVS1,CVD,IGI,-,EX,EX,1,45716.981132,268.9234
A,carat_bucket+Shape+Color+Clarity+TypeName+Report+Cut+Polish+Symmetry,1.50-1.99,-,D,VVS2,CVD,IGI,-,EX,EX,1,44320.0,260.7059
A,carat_bucket+Shape+Color+Clarity+TypeName+Report+Cut+Polish+Symmetry,1.50-1.99,-,D,VVS2,CVD,IGI,-,VG,VG,1,39653.846154,233.2579
A,carat_bucket+Shape+Color+Clarity+TypeName+Report+Cut+Polish+Symmetry,1.50-1.99,-,E,VVS2,CVD,IGI,-,EX,EX,4,37650.35014,221.4726
A,carat_bucket+Shape+Color+Clarity+TypeName+Report+Cut+Polish+Symmetry,1.50-1.99,ASSCHER,D,IF,HPHT,IGI,-,EX,EX,2,17311.336254,101.8314
A,carat_bucket+Shape+Color+Clarity+TypeName+Report+Cut+Polish+Symmetry,1.50-1.99,ASSCHER,D,VS1,CVD,IGI,-,EX,EX,6,19594.900662,115.2641
A,carat_bucket+Shape+Color+Clarity+TypeName+Report+Cut+Polish+Symmetry,1.50-1.99,ASSCHER,D,VS1,HPHT,IGI,-,EX,EX,1,19800.0,116.4706
A,carat_bucket+Shape+Color+Clarity+TypeName+Report+Cut+Polish+Symmetry,1.50-1.99,ASSCHER,D,VS2,HPHT,IGI,-,EX,EX,2,19415.496689,114.2088
A,carat_bucket+Shape+Color+Clarity+TypeName+Report+Cut+Polish+Symmetry,1.50-1.99,ASSCHER,D,VVS1,HPHT,IGI,-,EX,EX,1,30715.231788,180.6778
A,carat_bucket+Shape+Color+Clarity+TypeName+Report+Cut+Polish+Symmetry,1.50-1.99,ASSCHER,D,VVS2,CVD,IGI,-,EX,EX,2,18787.990196,110.5176
A,carat_bucket+Shape+Color+Clarity+TypeName+Report+Cut+Polish+Symmetry,1.50-1.99,ASSCHER,D,VVS2,HPHT,IGI,-,EX,EX,5,18398.734177,108.2278
A,carat_bucket+Shape+Color+Clarity+TypeName+Report+Cut+Polish+Symmetry,1.50-1.99,ASSCHER,E,VS1,CVD,IGI,-,EX,EX,3,18189.873418,106.9993
A,carat_bucket+Shape+Color+Clarity+TypeName+Report+Cut+Polish+Symmetry,1.50-1.99,ASSCHER,E,VVS2,CVD,IGI,-,EX,EX,6,19594.900662,115.2641
A,carat_bucket+Shape+Color+Clarity+TypeName+Report+Cut+Polish+Symmetry,1.50-1.99,ASSCHER,E,VVS2,HPHT,IGI,-,EX,EX,1,19401.315789,114.1254
A,carat_bucket+Shape+Color+Clarity+TypeName+Report+Cut+Polish+Symmetry,1.50-1.99,CUSHION,D,VS1,CVD,IGI,-,-,-,1,24745.22293,145.5601
A,carat_bucket+Shape+Color+Clarity+TypeName+Report+Cut+Polish+Symmetry,1.50-1.99,CUSHION,D,VS1,CVD,IGI,-,EX,EX,13,18700.0,110.0
A,carat_bucket+Shape+Color+Clarity+TypeName+Report+Cut+Polish+Symmetry,1.50-1.99,CUSHION,D,VS1,HPHT,IGI,-,EX,EX,11,18352.941176,107.9585
A,carat_bucket+Shape+Color+Clarity+TypeName+Report+Cut+Polish+Symmetry,1.50-1.99,CUSHION,D,VS2,CVD,IGI,-,EX,EX,1,18098.684211,106.4628
A,carat_bucket+Shape+Color+Clarity+TypeName+Report+Cut+Polish+Symmetry,1.50-1.99,CUSHION,D,VS2,HPHT,IGI,-,EX,EX,1,18118.421053,106.5789
A,carat_bucket+Shape+Color+Clarity+TypeName+Report+Cut+Polish+Symmetry,1.50-1.99,CUSHION,D,VVS1,HPHT,IGI,-,EX,EX,7,30823.529412,181.3149
A,carat_bucket+Shape+Color+Clarity+TypeName+Report+Cut+Polish+Symmetry,1.50-1.99,CUSHION,D,VVS2,CVD,IGI,-,EX,EX,9,19379.605263,113.9977
A,carat_bucket+Shape+Color+Clarity+TypeName+Report+Cut+Polish+Symmetry,1.50-1.99,CUSHION,D,VVS2,HPHT,IGI,-,EX,EX,43,19322.368421,113.661
A,carat_bucket+Shape+Color+Clarity+TypeName+Report+Cut+Polish+Symmetry,1.50-1.99,CUSHION,E,VS1,CVD,IGI,-,-,-,3,23195.121951,136.4419
A,carat_bucket+Shape+Color+Clarity+TypeName+Report+Cut+Polish+Symmetry,1.50-1.99,CUSHION,E,VS1,CVD,IGI,-,EX,EX,11,18098.684211,106.4628
A,carat_bucket+Shape+Color+Clarity+TypeName+Report+Cut+Polish+Symmetry,1.50-1.99,CUSHION,E,VS1,HPHT,IGI,-,EX,EX,3,18100.0,106.4706
A,carat_bucket+Shape+Color+Clarity+TypeName+Report+Cut+Polish+Symmetry,1.50-1.99,CUSHION,E,VVS1,HPHT,IGI,-,EX,EX,1,27929.032258,164.2884
A,carat_bucket+Shape+Color+Clarity+TypeName+Report+Cut+Polish+Symmetry,1.50-1.99,CUSHION,E,VVS2,CVD,IGI,-,EX,EX,9,17447.852761,102.6344
A,carat_bucket+Shape+Color+Clarity+TypeName+Report+Cut+Polish+Symmetry,1.50-1.99,CUSHION,E,VVS2,HPHT,IGI,-,EX,EX,8,18475.448763,108.6791
A,carat_bucket+Shape+Color+Clarity+TypeName+Report+Cut+Polish+Symmetry,1.50-1.99,CUSHION,F,VS1,CVD,IGI,-,-,-,1,20104.972376,118.2645
A,carat_bucket+Shape+Color+Clarity+TypeName+Report+Cut+Polish+Symmetry,1.50-1.99,CUSHION,F,VS1,HPHT,IGI,-,EX,EX,1,20688.311688,121.696
A,carat_bucket+Shape+Color+Clarity+TypeName+Report+Cut+Polish+Symmetry,1.50-1.99,CUSHION,F,VVS2,CVD,IGI,-,-,-,1,20111.842105,118.305
A,carat_bucket+Shape+Color+Clarity+TypeName+Report+Cut+Polish+Symmetry,1.50-1.99,CUSHION,F,VVS2,CVD,IGI,-,EX,EX,1,24681.818182,145.1872
A,carat_bucket+Shape+Color+Clarity+TypeName+Report+Cut+Polish+Symmetry,1.50-1.99,CUSHION,G,VVS2,HPHT,IGI,-,EX,EX,1,14961.290323,88.0076
A,carat_bucket+Shape+Color+Clarity+TypeName+Report+Cut+Polish+Symmetry,1.50-1.99,EMERALD,D,IF,HPHT,IGI,-,EX,EX,1,34980.392157,205.767
A,carat_bucket+Shape+Color+Clarity+TypeName+Report+Cut+Polish+Symmetry,1.50-1.99,EMERALD,D,VS1,CVD,IGI,-,EX,EX,41,17113.207547,100.6659
A,carat_bucket+Shape+Color+Clarity+TypeName+Report+Cut+Polish+Symmetry,1.50-1.99,EMERALD,D,VS1,HPHT,IGI,-,EX,EX,5,17537.254902,103.1603
A,carat_bucket+Shape+Color+Clarity+TypeName+Report+Cut+Polish+Symmetry,1.50-1.99,EMERALD,D,VS2,CVD,IGI,-,EX,EX,2,14939.772371,87.881
A,carat_bucket+Shape+Color+Clarity+TypeName+Report+Cut+Polish+Symmetry,1.50-1.99,EMERALD,D,VVS1,CVD,IGI,-,EX,EX,6,32530.769231,191.3575
A,carat_bucket+Shape+Color+Clarity+TypeName+Report+Cut+Polish+Symmetry,1.50-1.99,EMERALD,D,VVS1,HPHT,IGI,-,EX,EX,4,26090.322581,153.4725
A,carat_bucket+Shape+Color+Clarity+TypeName+Report+Cut+Polish+Symmetry,1.50-1.99,EMERALD,D,VVS2,CVD,IGI,-,EX,EX,39,19423.076923,114.2534
A,carat_bucket+Shape+Color+Clarity+TypeName+Report+Cut+Polish+Symmetry,1.50-1.99,EMERALD,D,VVS2,HPHT,IGI,-,EX,EX,3,19890.789474,117.0046
A,carat_bucket+Shape+Color+Clarity+TypeName+Report+Cut+Polish+Symmetry,1.50-1.99,EMERALD,E,IF,HPHT,IGI,-,EX,EX,1,26447.368421,155.5728
A,carat_bucket+Shape+Color+Clarity+TypeName+Report+Cut+Polish+Symmetry,1.50-1.99,EMERALD,E,VS1,CVD,IGI,-,-,-,1,23204.41989,136.4966
A,carat_bucket+Shape+Color+Clarity+TypeName+Report+Cut+Polish+Symmetry,1.50-1.99,EMERALD,E,VS1,CVD,IGI,-,EX,EX,36,17061.075717,100.3593
A,carat_bucket+Shape+Color+Clarity+TypeName+Report+Cut+Polish+Symmetry,1.50-1.99,EMERALD,E,VS2,CVD,IGI,-,EX,EX,6,16500.0,97.0588
A,carat_bucket+Shape+Color+Clarity+TypeName+Report+Cut+Polish+Symmetry,1.50-1.99,EMERALD,E,VVS1,HPHT,IGI,-,EX,EX,1,19860.0,116.8235
A,carat_bucket+Shape+Color+Clarity+TypeName+Report+Cut+Polish+Symmetry,1.50-1.99,EMERALD,E,VVS2,CVD,IGI,-,EX,EX,45,18552.631579,109.1331
A,carat_bucket+Shape+Color+Clarity+TypeName+Report+Cut+Polish+Symmetry,1.50-1.99,EMERALD,F,VS1,CVD,IGI,-,EX,EX,1,15355.263158,90.3251
A,carat_bucket+Shape+Color+Clarity+TypeName+Report+Cut+Polish+Symmetry,1.50-1.99,EMERALD,F,VS2,CVD,IGI,-,EX,EX,2,18732.492997,110.1911
A,carat_bucket+Shape+Color+Clarity+TypeName+Report+Cut+Polish+Symmetry,1.50-1.99,EMERALD,F,VVS2,CVD,IGI,-,EX,EX,3,17088.607595,100.5212
A,carat_bucket+Shape+Color+Clarity+TypeName+Report+Cut+Polish+Symmetry,1.50-1.99,EMERALD,G,VS1,CVD,IGI,-,-,-,1,20119.760479,118.3515
A,carat_bucket+Shape+Color+Clarity+TypeName+Report+Cut+Polish+Symmetry,1.50-1.99,EMERALD,G,VVS1,CVD,IGI,-,EX,EX,1,18867.924528,110.9878
A,carat_bucket+Shape+Color+Clarity+TypeName+Report+Cut+Polish+Symmetry,1.50-1.99,EMERALD,G,VVS2,CVD,IGI,-,-,-,1,20115.606936,118.3271
A,carat_bucket+Shape+Color+Clarity+TypeName+Report+Cut+Polish+Symmetry,1.50-1.99,HEART,D,VS1,CVD,IGI,-,EX,EX,7,20350.331126,119.7078
A,carat_bucket+Shape+Color+Clarity+TypeName+Report+Cut+Polish+Symmetry,1.50-1.99,HEART,D,VS1,CVD,IGI,-,VG,EX,4,22033.245243,129.6073
A,carat_bucket+Shape+Color+Clarity+TypeName+Report+Cut+Polish+Symmetry,1.50-1.99,HEART,D,VS1,HPHT,IGI,-,EX,EX,6,19916.329048,117.1549
A,carat_bucket+Shape+Color+Clarity+TypeName+Report+Cut+Polish+Symmetry,1.50-1.99,HEART,D,VVS2,CVD,IGI,-,EX,EX,7,20346.835443,119.6873
A,carat_bucket+Shape+Color+Clarity+TypeName+Report+Cut+Polish+Symmetry,1.50-1.99,HEART,D,VVS2,CVD,IGI,传统切,EX,EX,1,42134.831461,247.8519
A,carat_bucket+Shape+Color+Clarity+TypeName+Report+Cut+Polish+Symmetry,1.50-1.99,HEART,D,VVS2,CVD,IGI,冰花切,EX,EX,2,46798.078172,275.2828
A,carat_bucket+Shape+Color+Clarity+TypeName+Report+Cut+Polish+Symmetry,1.50-1.99,HEART,D,VVS2,HPHT,IGI,-,EX,EX,7,21298.013245,125.2824
A,carat_bucket+Shape+Color+Clarity+TypeName+Report+Cut+Polish+Symmetry,1.50-1.99,HEART,E,VS1,CVD,IGI,-,EX,EX,3,18723.417722,110.1378
A,carat_bucket+Shape+Color+Clarity+TypeName+Report+Cut+Polish+Symmetry,1.50-1.99,HEART,E,VS1,HPHT,IGI,-,EX,EX,1,18189.873418,106.9993
A,carat_bucket+Shape+Color+Clarity+TypeName+Report+Cut+Polish+Symmetry,1.50-1.99,HEART,E,VS2,CVD,IGI,-,EX,EX,1,29733.333333,174.902
A,carat_bucket+Shape+Color+Clarity+TypeName+Report+Cut+Polish+Symmetry,1.50-1.99,HEART,E,VVS1,CVD,IGI,冰花切,EX,EX,1,43773.584906,257.4917
A,carat_bucket+Shape+Color+Clarity+TypeName+Report+Cut+Polish+Symmetry,1.50-1.99,HEART,E,VVS2,CVD,IGI,-,EX,EX,2,19206.877303,112.9816
A,carat_bucket+Shape+Color+Clarity+TypeName+Report+Cut+Polish+Symmetry,1.50-1.99,HEART,E,VVS2,CVD,IGI,传统切,EX,EX,2,43203.918723,254.1407
A,carat_bucket+Shape+Color+Clarity+TypeName+Report+Cut+Polish+Symmetry,1.50-1.99,HEART,E,VVS2,HPHT,IGI,-,EX,EX,5,20549.019608,120.8766
A,carat_bucket+Shape+Color+Clarity+TypeName+Report+Cut+Polish+Symmetry,1.50-1.99,HEART,F,VS1,CVD,IGI,冰花切,EX,EX,1,19951.612903,117.3624
A,carat_bucket+Shape+Color+Clarity+TypeName+Report+Cut+Polish+Symmetry,1.50-1.99,MARQUISE,D,VS1,CVD,IGI,-,EX,EX,24,26321.052632,154.8297
A,carat_bucket+Shape+Color+Clarity+TypeName+Report+Cut+Polish+Symmetry,1.50-1.99,MARQUISE,D,VS1,HPHT,IGI,-,EX,EX,1,26269.736842,154.5279
A,carat_bucket+Shape+Color+Clarity+TypeName+Report+Cut+Polish+Symmetry,1.50-1.99,MARQUISE,D,VS2,CVD,IGI,-,EX,EX,3,26002.649007,152.9568
A,carat_bucket+Shape+Color+Clarity+TypeName+Report+Cut+Polish+Symmetry,1.50-1.99,MARQUISE,D,VVS1,CVD,IGI,-,EX,EX,1,41721.854305,245.4227
A,carat_bucket+Shape+Color+Clarity+TypeName+Report+Cut+Polish+Symmetry,1.50-1.99,MARQUISE,D,VVS2,CVD,IGI,-,EX,EX,15,26651.612903,156.7742
A,carat_bucket+Shape+Color+Clarity+TypeName+Report+Cut+Polish+Symmetry,1.50-1.99,MARQUISE,E,VS1,CVD,IGI,-,EX,EX,41,21888.888889,128.7582
A,carat_bucket+Shape+Color+Clarity+TypeName+Report+Cut+Polish+Symmetry,1.50-1.99,MARQUISE,E,VS2,CVD,IGI,-,EX,EX,5,21432.515337,126.0736
A,carat_bucket+Shape+Color+Clarity+TypeName+Report+Cut+Polish+Symmetry,1.50-1.99,MARQUISE,E,VVS2,CVD,IGI,-,EX,EX,32,22855.214724,134.4424
A,carat_bucket+Shape+Color+Clarity+TypeName+Report+Cut+Polish+Symmetry,1.50-1.99,MARQUISE,F,VVS2,CVD,IGI,-,EX,EX,2,31855.774003,187.3869
A,carat_bucket+Shape+Color+Clarity+TypeName+Report+Cut+Polish+Symmetry,1.50-1.99,OVAL,D,VS1,CVD,IGI,-,EX,EX,34,19080.0,112.2353
A,carat_bucket+Shape+Color+Clarity+TypeName+Report+Cut+Polish+Symmetry,1.50-1.99,OVAL,D,VS1,HPHT,IGI,-,EX,EX,13,18729.411765,110.173
A,carat_bucket+Shape+Color+Clarity+TypeName+Report+Cut+Polish+Symmetry,1.50-1.99,OVAL,D,VS2,CVD,IGI,-,EX,EX,16,18037.974684,106.1057
A,carat_bucket+Shape+Color+Clarity+TypeName+Report+Cut+Polish+Symmetry,1.50-1.99,OVAL,D,VS2,HPHT,IGI,-,EX,EX,1,31288.343558,184.0491
A,carat_bucket+Shape+Color+Clarity+TypeName+Report+Cut+Polish+Symmetry,1.50-1.99,OVAL,D,VVS1,CVD,IGI,-,EX,EX,20,31118.461538,183.0498
A,carat_bucket+Shape+Color+Clarity+TypeName+Report+Cut+Polish+Symmetry,1.50-1.99,OVAL,D,VVS1,CVD,IGI,传统切,EX,EX,1,39634.615385,233.1448
A,carat_bucket+Shape+Color+Clarity+TypeName+Report+Cut+Polish+Symmetry,1.50-1.99,OVAL,D,VVS1,HPHT,IGI,-,EX,EX,23,31608.552632,185.9327
A,carat_bucket+Shape+Color+Clarity+TypeName+Report+Cut+Polish+Symmetry,1.50-1.99,OVAL,D,VVS2,CVD,IGI,-,EX,EX,43,19450.980392,114.4175
A,carat_bucket+Shape+Color+Clarity+TypeName+Report+Cut+Polish+Symmetry,1.50-1.99,OVAL,D,VVS2,CVD,IGI,传统切,EX,EX,1,35000.0,205.8824
A,carat_bucket+Shape+Color+Clarity+TypeName+Report+Cut+Polish+Symmetry,1.50-1.99,OVAL,D,VVS2,CVD,IGI,冰花切,EX,EX,1,35841.059603,210.8298
A,carat_bucket+Shape+Color+Clarity+TypeName+Report+Cut+Polish+Symmetry,1.50-1.99,OVAL,D,VVS2,HPHT,IGI,-,EX,EX,33,19739.215686,116.113
A,carat_bucket+Shape+Color+Clarity+TypeName+Report+Cut+Polish+Symmetry,1.50-1.99,OVAL,E,VS1,CVD,IGI,-,EX,EX,58,17590.062112,103.471
A,carat_bucket+Shape+Color+Clarity+TypeName+Report+Cut+Polish+Symmetry,1.50-1.99,OVAL,E,VS1,CVD,IGI,冰花切,EX,EX,2,30439.858491,179.058
A,carat_bucket+Shape+Color+Clarity+TypeName+Report+Cut+Polish+Symmetry,1.50-1.99,OVAL,E,VS2,CVD,IGI,-,EX,EX,2,17817.303797,104.8077
A,carat_bucket+Shape+Color+Clarity+TypeName+Report+Cut+Polish+Symmetry,1.50-1.99,OVAL,E,VS2,CVD,IGI,冰花切,EX,EX,1,26664.473684,156.8498
A,carat_bucket+Shape+Color+Clarity+TypeName+Report+Cut+Polish+Symmetry,1.50-1.99,OVAL,E,VVS1,CVD,IGI,冰花切,EX,EX,1,35922.580645,211.3093
A,carat_bucket+Shape+Color+Clarity+TypeName+Report+Cut+Polish+Symmetry,1.50-1.99,OVAL,E,VVS2,CVD,IGI,-,EX,EX,61,18658.064516,109.7533
A,carat_bucket+Shape+Color+Clarity+TypeName+Report+Cut+Polish+Symmetry,1.50-1.99,OVAL,E,VVS2,CVD,IGI,冰花切,EX,EX,1,34827.81457,204.8695
A,carat_bucket+Shape+Color+Clarity+TypeName+Report+Cut+Polish+Symmetry,1.50-1.99,OVAL,E,VVS2,HPHT,IGI,-,EX,EX,2,26145.0,153.7941
A,carat_bucket+Shape+Color+Clarity+TypeName+Report+Cut+Polish+Symmetry,1.50-1.99,OVAL,E,VVS2,HPHT,IGI,EX,EX,EX,1,19280.0,113.4118
A,carat_bucket+Shape+Color+Clarity+TypeName+Report+Cut+Polish+Symmetry,1.50-1.99,OVAL,F,VS1,CVD,IGI,-,EX,EX,16,18834.437086,110.7908
A,carat_bucket+Shape+Color+Clarity+TypeName+Report+Cut+Polish+Symmetry,1.50-1.99,OVAL,F,VS2,CVD,IGI,-,EX,EX,2,18503.075472,108.8416
A,carat_bucket+Shape+Color+Clarity+TypeName+Report+Cut+Polish+Symmetry,1.50-1.99,OVAL,F,VS2,CVD,IGI,冰花切,EX,EX,1,23788.461538,139.9321
A,carat_bucket+Shape+Color+Clarity+TypeName+Report+Cut+Polish+Symmetry,1.50-1.99,OVAL,F,VVS2,CVD,IGI,-,EX,EX,13,18986.842105,111.6873
A,carat_bucket+Shape+Color+Clarity+TypeName+Report+Cut+Polish+Symmetry,1.50-1.99,PEAR,D,VS1,CVD,IGI,-,EX,EX,48,17951.54529,105.5973
A,carat_bucket+Shape+Color+Clarity+TypeName+Report+Cut+Polish+Symmetry,1.50-1.99,PEAR,D,VS1,CVD,IGI,冰花切,EX,EX,1,30920.0,181.8824
A,carat_bucket+Shape+Color+Clarity+TypeName+Report+Cut+Polish+Symmetry,1.50-1.99,PEAR,D,VS2,CVD,IGI,-,EX,EX,14,18710.526316,110.0619
A,carat_bucket+Shape+Color+Clarity+TypeName+Report+Cut+Polish+Symmetry,1.50-1.99,PEAR,D,VVS1,CVD,IGI,-,EX,EX,6,32688.258278,192.2839
A,carat_bucket+Shape+Color+Clarity+TypeName+Report+Cut+Polish+Symmetry,1.50-1.99,PEAR,D,VVS1,CVD,IGI,传统切,EX,EX,1,37916.129032,223.0361
A,carat_bucket+Shape+Color+Clarity+TypeName+Report+Cut+Polish+Symmetry,1.50-1.99,PEAR,D,VVS1,HPHT,IGI,-,EX,EX,1,32754.0,192.6706
A,carat_bucket+Shape+Color+Clarity+TypeName+Report+Cut+Polish+Symmetry,1.50-1.99,PEAR,D,VVS1,HPHT,IGI,EX,EX,EX,2,31871.473751,187.4793
A,carat_bucket+Shape+Color+Clarity+TypeName+Report+Cut+Polish+Symmetry,1.50-1.99,PEAR,D,VVS2,CVD,IGI,-,EX,EX,88,18470.588235,108.6505
A,carat_bucket+Shape+Color+Clarity+TypeName+Report+Cut+Polish+Symmetry,1.50-1.99,PEAR,D,VVS2,CVD,IGI,冰花切,EX,EX,2,30421.806967,178.9518
A,carat_bucket+Shape+Color+Clarity+TypeName+Report+Cut+Polish+Symmetry,1.50-1.99,PEAR,D,VVS2,HPHT,IGI,-,EX,EX,1,19325.165563,113.6774
A,carat_bucket+Shape+Color+Clarity+TypeName+Report+Cut+Polish+Symmetry,1.50-1.99,PEAR,D,VVS2,HPHT,IGI,EX,EX,EX,2,18696.273472,109.9781
A,carat_bucket+Shape+Color+Clarity+TypeName+Report+Cut+Polish+Symmetry,1.50-1.99,PEAR,D,VVS2,HPHT,IGI,EX,EX,VG,1,18515.923567,108.9172
A,carat_bucket+Shape+Color+Clarity+TypeName+Report+Cut+Polish+Symmetry,1.50-1.99,PEAR,E,VS1,CVD,IGI,-,EX,EX,38,18427.083333,108.3946
A,carat_bucket+Shape+Color+Clarity+TypeName+Report+Cut+Polish+Symmetry,1.50-1.99,PEAR,E,VS1,CVD,IGI,冰花切,EX,EX,1,29901.315789,175.8901
A,carat_bucket+Shape+Color+Clarity+TypeName+Report+Cut+Polish+Symmetry,1.50-1.99,PEAR,E,VS2,CVD,IGI,-,EX,EX,4,18627.81457,109.5754
A,carat_bucket+Shape+Color+Clarity+TypeName+Report+Cut+Polish+Symmetry,1.50-1.99,PEAR,E,VVS1,HPHT,IGI,-,EX,EX,1,28780.0,169.2941
A,carat_bucket+Shape+Color+Clarity+TypeName+Report+Cut+Polish+Symmetry,1.50-1.99,PEAR,E,VVS1,HPHT,IGI,EX,EX,EX,1,28589.403974,168.173
A,carat_bucket+Shape+Color+Clarity+TypeName+Report+Cut+Polish+Symmetry,1.50-1.99,PEAR,E,VVS2,CVD,IGI,-,EX,EX,78,18223.920103,107.1995
A,carat_bucket+Shape+Color+Clarity+TypeName+Report+Cut+Polish+Symmetry,1.50-1.99,PEAR,F,VS1,CVD,IGI,-,EX,EX,9,18496.688742,108.8041
A,carat_bucket+Shape+Color+Clarity+TypeName+Report+Cut+Polish+Symmetry,1.50-1.99,PEAR,F,VS1,HPHT,IGI,EX,EX,EX,1,18437.086093,108.4534
A,carat_bucket+Shape+Color+Clarity+TypeName+Report+Cut+Polish+Symmetry,1.50-1.99,PEAR,F,VS2,CVD,IGI,-,EX,EX,2,18277.265823,107.5133
A,carat_bucket+Shape+Color+Clarity+TypeName+Report+Cut+Polish+Symmetry,1.50-1.99,PEAR,F,VVS1,CVD,IGI,-,EX,EX,3,25548.387097,150.2846
A,carat_bucket+Shape+Color+Clarity+TypeName+Report+Cut+Polish+Symmetry,1.50-1.99,PEAR,F,VVS2,CVD,IGI,-,EX,EX,31,18346.153846,107.9186
A,carat_bucket+Shape+Color+Clarity+TypeName+Report+Cut+Polish+Symmetry,1.50-1.99,PRINCESS,D,VS1,CVD,IGI,-,EX,EX,70,28640.0,168.4706
A,carat_bucket+Shape+Color+Clarity+TypeName+Report+Cut+Polish+Symmetry,1.50-1.99,PRINCESS,D,VS2,CVD,IGI,-,EX,EX,4,21756.399632,127.9788
A,carat_bucket+Shape+Color+Clarity+TypeName+Report+Cut+Polish+Symmetry,1.50-1.99,PRINCESS,D,VS2,HPHT,IGI,EX,EX,EX,1,17442.307692,102.6018
A,carat_bucket+Shape+Color+Clarity+TypeName+Report+Cut+Polish+Symmetry,1.50-1.99,PRINCESS,D,VVS1,CVD,IGI,-,EX,EX,23,38156.862745,224.4521
A,carat_bucket+Shape+Color+Clarity+TypeName+Report+Cut+Polish+Symmetry,1.50-1.99,PRINCESS,D,VVS2,CVD,IGI,-,EX,EX,88,35018.867925,205.9933
A,carat_bucket+Shape+Color+Clarity+TypeName+Report+Cut+Polish+Symmetry,1.50-1.99,PRINCESS,E,VS1,CVD,IGI,-,EX,EX,37,23193.75,136.4338
A,carat_bucket+Shape+Color+Clarity+TypeName+Report+Cut+Polish+Symmetry,1.50-1.99,PRINCESS,E,VS2,CVD,IGI,-,EX,EX,2,20225.238411,118.972
A,carat_bucket+Shape+Color+Clarity+TypeName+Report+Cut+Polish+Symmetry,1.50-1.99,PRINCESS,E,VVS1,CVD,IGI,-,EX,EX,20,34151.85636,200.8933
A,carat_bucket+Shape+Color+Clarity+TypeName+Report+Cut+Polish+Symmetry,1.50-1.99,PRINCESS,E,VVS2,CVD,IGI,-,EX,EX,50,18019.86755,105.9992
A,carat_bucket+Shape+Color+Clarity+TypeName+Report+Cut+Polish+Symmetry,1.50-1.99,PRINCESS,E,VVS2,HPHT,IGI,-,EX,EX,1,18040.0,106.1176
A,carat_bucket+Shape+Color+Clarity+TypeName+Report+Cut+Polish+Symmetry,1.50-1.99,PRINCESS,F,VS1,CVD,IGI,-,EX,EX,1,16470.588235,96.8858
A,carat_bucket+Shape+Color+Clarity+TypeName+Report+Cut+Polish+Symmetry,1.50-1.99,PRINCESS,F,VS2,CVD,IGI,-,EX,EX,2,21645.686275,127.3276
A,carat_bucket+Shape+Color+Clarity+TypeName+Report+Cut+Polish+Symmetry,1.50-1.99,PRINCESS,F,VVS1,CVD,IGI,-,EX,EX,5,26857.894737,157.9876
A,carat_bucket+Shape+Color+Clarity+TypeName+Report+Cut+Polish+Symmetry,1.50-1.99,PRINCESS,F,VVS2,CVD,IGI,-,EX,EX,9,22754.716981,133.8513
A,carat_bucket+Shape+Color+Clarity+TypeName+Report+Cut+Polish+Symmetry,1.50-1.99,PRINCESS,G,VVS1,CVD,IGI,-,EX,EX,2,18897.033267,111.159
A,carat_bucket+Shape+Color+Clarity+TypeName+Report+Cut+Polish+Symmetry,1.50-1.99,RADIANT,D,VS1,CVD,IGI,-,-,-,1,24750.0,145.5882
A,carat_bucket+Shape+Color+Clarity+TypeName+Report+Cut+Polish+Symmetry,1.50-1.99,RADIANT,D,VS1,CVD,IGI,-,EX,EX,29,15042.038217,88.4826
A,carat_bucket+Shape+Color+Clarity+TypeName+Report+Cut+Polish+Symmetry,1.50-1.99,RADIANT,D,VVS1,HPHT,IGI,EX,EX,EX,1,24254.901961,142.6759
A,carat_bucket+Shape+Color+Clarity+TypeName+Report+Cut+Polish+Symmetry,1.50-1.99,RADIANT,D,VVS2,CVD,IGI,-,EX,EX,29,16470.588235,96.8858
A,carat_bucket+Shape+Color+Clarity+TypeName+Report+Cut+Polish+Symmetry,1.50-1.99,RADIANT,D,VVS2,HPHT,IGI,-,EX,EX,6,16914.473684,99.4969
A,carat_bucket+Shape+Color+Clarity+TypeName+Report+Cut+Polish+Symmetry,1.50-1.99,RADIANT,D,VVS2,HPHT,IGI,-,EX,VG,1,19588.235294,115.2249
A,carat_bucket+Shape+Color+Clarity+TypeName+Report+Cut+Polish+Symmetry,1.50-1.99,RADIANT,E,VS1,CVD,IGI,-,EX,EX,19,14852.830189,87.3696
A,carat_bucket+Shape+Color+Clarity+TypeName+Report+Cut+Polish+Symmetry,1.50-1.99,RADIANT,E,VVS1,HPHT,IGI,-,EX,EX,1,21967.105263,129.2183
A,carat_bucket+Shape+Color+Clarity+TypeName+Report+Cut+Polish+Symmetry,1.50-1.99,RADIANT,E,VVS2,CVD,IGI,-,EX,EX,24,15217.105263,89.5124
A,carat_bucket+Shape+Color+Clarity+TypeName+Report+Cut+Polish+Symmetry,1.50-1.99,RADIANT,F,VS1,CVD,IGI,-,-,-,1,20111.111111,118.3007
A,carat_bucket+Shape+Color+Clarity+TypeName+Report+Cut+Polish+Symmetry,1.50-1.99,RADIANT,F,VS1,CVD,IGI,-,EX,EX,2,14140.701071,83.1806
A,carat_bucket+Shape+Color+Clarity+TypeName+Report+Cut+Polish+Symmetry,1.50-1.99,RADIANT,F,VVS2,CVD,IGI,-,EX,EX,4,14582.278481,85.7781
A,carat_bucket+Shape+Color+Clarity+TypeName+Report+Cut+Polish+Symmetry,1.50-1.99,ROUND,D,IF,HPHT,IGI,ID,EX,EX,8,48112.5,283.0147
A,carat_bucket+Shape+Color+Clarity+TypeName+Report+Cut+Polish+Symmetry,1.50-1.99,ROUND,D,SI1,CVD,IGI,EX,EX,EX,1,22381.578947,131.6563
A,carat_bucket+Shape+Color+Clarity+TypeName+Report+Cut+Polish+Symmetry,1.50-1.99,ROUND,D,VS1,CVD,IGI,EX,EX,EX,6,21293.220762,125.2542
A,carat_bucket+Shape+Color+Clarity+TypeName+Report+Cut+Polish+Symmetry,1.50-1.99,ROUND,D,VS1,CVD,IGI,ID,EX,EX,8,21366.217812,125.6836
A,carat_bucket+Shape+Color+Clarity+TypeName+Report+Cut+Polish+Symmetry,1.50-1.99,ROUND,D,VS1,HPHT,IGI,EX,EX,EX,21,19820.0,116.5882
A,carat_bucket+Shape+Color+Clarity+TypeName+Report+Cut+Polish+Symmetry,1.50-1.99,ROUND,D,VS1,HPHT,IGI,ID,EX,EX,62,19395.686275,114.0923
A,carat_bucket+Shape+Color+Clarity+TypeName+Report+Cut+Polish+Symmetry,1.50-1.99,ROUND,D,VS2,CVD,IGI,EX,EX,EX,1,18150.0,106.7647
A,carat_bucket+Shape+Color+Clarity+TypeName+Report+Cut+Polish+Symmetry,1.50-1.99,ROUND,D,VS2,CVD,IGI,ID,EX,EX,9,19432.0,114.3059
A,carat_bucket+Shape+Color+Clarity+TypeName+Report+Cut+Polish+Symmetry,1.50-1.99,ROUND,D,VS2,HPHT,IGI,EX,EX,EX,13,21854.304636,128.5547
A,carat_bucket+Shape+Color+Clarity+TypeName+Report+Cut+Polish+Symmetry,1.50-1.99,ROUND,D,VS2,HPHT,IGI,ID,EX,EX,24,18565.605096,109.2094
A,carat_bucket+Shape+Color+Clarity+TypeName+Report+Cut+Polish+Symmetry,1.50-1.99,ROUND,D,VVS1,CVD,IGI,ID,EX,EX,4,29171.359899,171.5962
A,carat_bucket+Shape+Color+Clarity+TypeName+Report+Cut+Polish+Symmetry,1.50-1.99,ROUND,D,VVS1,HPHT,IGI,EX,EX,EX,4,29260.12309,172.1184
A,carat_bucket+Shape+Color+Clarity+TypeName+Report+Cut+Polish+Symmetry,1.50-1.99,ROUND,D,VVS1,HPHT,IGI,ID,EX,EX,54,29360.784314,172.7105
A,carat_bucket+Shape+Color+Clarity+TypeName+Report+Cut+Polish+Symmetry,1.50-1.99,ROUND,D,VVS2,CVD,IGI,EX,EX,EX,1,29900.0,175.8824
A,carat_bucket+Shape+Color+Clarity+TypeName+Report+Cut+Polish+Symmetry,1.50-1.99,ROUND,D,VVS2,CVD,IGI,ID,EX,EX,14,23877.176471,140.454
A,carat_bucket+Shape+Color+Clarity+TypeName+Report+Cut+Polish+Symmetry,1.50-1.99,ROUND,D,VVS2,HPHT,IGI,EX,EX,EX,18,21340.0,125.5294
A,carat_bucket+Shape+Color+Clarity+TypeName+Report+Cut+Polish+Symmetry,1.50-1.99,ROUND,D,VVS2,HPHT,IGI,ID,EX,EX,52,21198.675497,124.6981
A,carat_bucket+Shape+Color+Clarity+TypeName+Report+Cut+Polish+Symmetry,1.50-1.99,ROUND,E,VS1,CVD,IGI,EX,EX,EX,6,18491.992775,108.7764
A,carat_bucket+Shape+Color+Clarity+TypeName+Report+Cut+Polish+Symmetry,1.50-1.99,ROUND,E,VS1,CVD,IGI,ID,EX,EX,19,23788.461538,139.9321
A,carat_bucket+Shape+Color+Clarity+TypeName+Report+Cut+Polish+Symmetry,1.50-1.99,ROUND,E,VS1,HPHT,IGI,EX,EX,EX,2,22772.52527,133.956
A,carat_bucket+Shape+Color+Clarity+TypeName+Report+Cut+Polish+Symmetry,1.50-1.99,ROUND,E,VS1,HPHT,IGI,ID,EX,EX,13,18725.0,110.1471
A,carat_bucket+Shape+Color+Clarity+TypeName+Report+Cut+Polish+Symmetry,1.50-1.99,ROUND,E,VS2,CVD,IGI,ID,EX,EX,4,19059.776316,112.1163
A,carat_bucket+Shape+Color+Clarity+TypeName+Report+Cut+Polish+Symmetry,1.50-1.99,ROUND,E,VS2,HPHT,IGI,EX,EX,EX,1,17227.54491,101.3385
A,carat_bucket+Shape+Color+Clarity+TypeName+Report+Cut+Polish+Symmetry,1.50-1.99,ROUND,E,VS2,HPHT,IGI,ID,EX,EX,17,18567.096774,109.2182
A,carat_bucket+Shape+Color+Clarity+TypeName+Report+Cut+Polish+Symmetry,1.50-1.99,ROUND,E,VVS1,CVD,IGI,EX,EX,EX,3,36080.0,212.2353
A,carat_bucket+Shape+Color+Clarity+TypeName+Report+Cut+Polish+Symmetry,1.50-1.99,ROUND,E,VVS1,CVD,IGI,ID,EX,EX,8,30162.823149,177.4284
A,carat_bucket+Shape+Color+Clarity+TypeName+Report+Cut+Polish+Symmetry,1.50-1.99,ROUND,E,VVS2,CVD,IGI,EX,EX,EX,19,20664.473684,121.5557
A,carat_bucket+Shape+Color+Clarity+TypeName+Report+Cut+Polish+Symmetry,1.50-1.99,ROUND,E,VVS2,CVD,IGI,ID,EX,EX,73,20264.516129,119.203
A,carat_bucket+Shape+Color+Clarity+TypeName+Report+Cut+Polish+Symmetry,1.50-1.99,ROUND,E,VVS2,HPHT,IGI,EX,EX,EX,18,20940.0,123.1765
A,carat_bucket+Shape+Color+Clarity+TypeName+Report+Cut+Polish+Symmetry,1.50-1.99,ROUND,E,VVS2,HPHT,IGI,ID,EX,EX,33,20664.473684,121.5557
A,carat_bucket+Shape+Color+Clarity+TypeName+Report+Cut+Polish+Symmetry,1.50-1.99,ROUND,F,VS1,CVD,IGI,EX,EX,EX,1,18398.734177,108.2278
A,carat_bucket+Shape+Color+Clarity+TypeName+Report+Cut+Polish+Symmetry,1.50-1.99,ROUND,F,VS1,CVD,IGI,ID,EX,EX,7,19243.708609,113.1983
A,carat_bucket+Shape+Color+Clarity+TypeName+Report+Cut+Polish+Symmetry,1.50-1.99,ROUND,F,VS2,CVD,IGI,ID,EX,EX,5,19448.344371,114.402
A,carat_bucket+Shape+Color+Clarity+TypeName+Report+Cut+Polish+Symmetry,1.50-1.99,ROUND,F,VVS1,CVD,IGI,EX,EX,EX,1,28085.526316,165.209
A,carat_bucket+Shape+Color+Clarity+TypeName+Report+Cut+Polish+Symmetry,1.50-1.99,ROUND,F,VVS1,CVD,IGI,ID,EX,EX,6,25346.844181,149.0991
A,carat_bucket+Shape+Color+Clarity+TypeName+Report+Cut+Polish+Symmetry,1.50-1.99,ROUND,F,VVS2,CVD,IGI,EX,EX,EX,10,26274.509804,154.5559
A,carat_bucket+Shape+Color+Clarity+TypeName+Report+Cut+Polish+Symmetry,1.50-1.99,ROUND,F,VVS2,CVD,IGI,ID,EX,EX,10,25910.931174,152.4172
A,carat_bucket+Shape+Color+Clarity+TypeName+Report+Cut+Polish+Symmetry,1.50-1.99,ROUND,F,VVS2,HPHT,IGI,EX,EX,EX,1,22360.248447,131.5309
A,carat_bucket+Shape+Color+Clarity+TypeName+Report+Cut+Polish+Symmetry,1.50-1.99,ROUND,F,VVS2,HPHT,IGI,ID,EX,EX,1,19607.843137,115.3403
A,carat_bucket+Shape+Color+Clarity+TypeName+Report+Cut+Polish+Symmetry,1.50-1.99,ROUND,H,VVS2,HPHT,IGI,ID,EX,EX,1,18710.526316,110.0619
A,carat_bucket+Shape+Color+Clarity+TypeName+Report+Cut+Polish+Symmetry,1.50-1.99,SQUARE,D,VS1,CVD,IGI,-,EX,EX,5,16292.81768,95.8401
A,carat_bucket+Shape+Color+Clarity+TypeName+Report+Cut+Polish+Symmetry,1.50-1.99,SQUARE,D,VVS1,CVD,IGI,-,EX,EX,2,32418.551587,190.6974
A,carat_bucket+Shape+Color+Clarity+TypeName+Report+Cut+Polish+Symmetry,1.50-1.99,SQUARE,D,VVS2,CVD,IGI,-,EX,EX,2,25879.280224,152.2311
A,carat_bucket+Shape+Color+Clarity+TypeName+Report+Cut+Polish+Symmetry,1.50-1.99,SQUARE,E,VS1,CVD,IGI,-,EX,EX,7,19274.509804,113.3795
A,carat_bucket+Shape+Color+Clarity+TypeName+Report+Cut+Polish+Symmetry,1.50-1.99,SQUARE,E,VS1,HPHT,IGI,-,EX,EX,1,19660.0,115.6471
A,carat_bucket+Shape+Color+Clarity+TypeName+Report+Cut+Polish+Symmetry,1.50-1.99,SQUARE,E,VVS2,CVD,IGI,-,EX,EX,5,19025.806452,111.9165
A,carat_bucket+Shape+Color+Clarity+TypeName+Report+Cut+Polish+Symmetry,1.50-1.99,SQUARE,F,VS1,CVD,IGI,-,EX,EX,1,24948.387097,146.7552
A,carat_bucket+Shape+Color+Clarity+TypeName+Report+Cut+Polish+Symmetry,10.00+,-,D,VVS1,CVD,IGI,-,EX,EX,1,118405.819296,696.5048
A,carat_bucket+Shape+Color+Clarity+TypeName+Report+Cut+Polish+Symmetry,10.00+,ASHOKA,E,VS1,CVD,IGI,-,EX,EX,1,59765.217391,351.5601
A,carat_bucket+Shape+Color+Clarity+TypeName+Report+Cut+Polish+Symmetry,10.00+,CUSHION,D,VS1,CVD,IGI,-,VG,VG,1,30834.49651,181.3794
A,carat_bucket+Shape+Color+Clarity+TypeName+Report+Cut+Polish+Symmetry,10.00+,CUSHION,F,VVS2,CVD,IGI,-,EX,EX,1,27640.516385,162.5913
A,carat_bucket+Shape+Color+Clarity+TypeName+Report+Cut+Polish+Symmetry,10.00+,EMERALD,D,VS1,CVD,IGI,-,EX,EX,2,55175.256963,324.5603
A,carat_bucket+Shape+Color+Clarity+TypeName+Report+Cut+Polish+Symmetry,10.00+,EMERALD,D,VVS1,CVD,IGI,-,EX,EX,22,41759.669202,245.6451
A,carat_bucket+Shape+Color+Clarity+TypeName+Report+Cut+Polish+Symmetry,10.00+,EMERALD,D,VVS2,CVD,IGI,-,EX,EX,6,68814.583431,404.7917
A,carat_bucket+Shape+Color+Clarity+TypeName+Report+Cut+Polish+Symmetry,10.00+,EMERALD,E,VS1,CVD,IGI,-,EX,EX,16,25371.399707,149.2435
A,carat_bucket+Shape+Color+Clarity+TypeName+Report+Cut+Polish+Symmetry,10.00+,EMERALD,E,VVS1,CVD,IGI,-,EX,EX,2,37334.936564,219.6173
A,carat_bucket+Shape+Color+Clarity+TypeName+Report+Cut+Polish+Symmetry,10.00+,EMERALD,E,VVS2,CVD,IGI,-,EX,EX,22,26949.330804,158.5255
A,carat_bucket+Shape+Color+Clarity+TypeName+Report+Cut+Polish+Symmetry,10.00+,EMERALD,F,VS1,CVD,IGI,-,EX,EX,14,25173.951209,148.0821
A,carat_bucket+Shape+Color+Clarity+TypeName+Report+Cut+Polish+Symmetry,10.00+,EMERALD,F,VVS2,CVD,IGI,-,EX,EX,12,24935.592765,146.68
A,carat_bucket+Shape+Color+Clarity+TypeName+Report+Cut+Polish+Symmetry,10.00+,HEART,D,VS1,CVD,IGI,-,EX,EX,1,67701.19403,398.2423
A,carat_bucket+Shape+Color+Clarity+TypeName+Report+Cut+Polish+Symmetry,10.00+,HEART,D,VVS1,CVD,IGI,-,EX,EX,1,129051.798561,759.1282
A,carat_bucket+Shape+Color+Clarity+TypeName+Report+Cut+Polish+Symmetry,10.00+,HEART,D,VVS1,CVD,IGI,冰花切,EX,EX,7,89440.639269,526.1214
A,carat_bucket+Shape+Color+Clarity+TypeName+Report+Cut+Polish+Symmetry,10.00+,HEART,D,VVS2,CVD,IGI,冰花切,EX,EX,3,65083.333333,382.8431
A,carat_bucket+Shape+Color+Clarity+TypeName+Report+Cut+Polish+Symmetry,10.00+,HEART,E,VS1,CVD,IGI,-,EX,EX,3,50927.54491,299.5738
A,carat_bucket+Shape+Color+Clarity+TypeName+Report+Cut+Polish+Symmetry,10.00+,MARQUISE,D,VVS1,CVD,IGI,-,EX,EX,3,83427.745665,490.7514
A,carat_bucket+Shape+Color+Clarity+TypeName+Report+Cut+Polish+Symmetry,10.00+,MARQUISE,D,VVS2,CVD,IGI,-,EX,EX,1,71393.351801,419.9609
A,carat_bucket+Shape+Color+Clarity+TypeName+Report+Cut+Polish+Symmetry,10.00+,MARQUISE,E,VS1,CVD,IGI,-,EX,EX,3,27176.470588,159.8616
A,carat_bucket+Shape+Color+Clarity+TypeName+Report+Cut+Polish+Symmetry,10.00+,MARQUISE,E,VVS1,CVD,IGI,-,EX,EX,1,132194.539249,777.6149
A,carat_bucket+Shape+Color+Clarity+TypeName+Report+Cut+Polish+Symmetry,10.00+,MARQUISE,E,VVS2,CVD,IGI,-,EX,EX,7,33065.47619,194.5028
A,carat_bucket+Shape+Color+Clarity+TypeName+Report+Cut+Polish+Symmetry,10.00+,MARQUISE,F,VVS2,CVD,IGI,-,EX,EX,4,32705.681282,192.3864
A,carat_bucket+Shape+Color+Clarity+TypeName+Report+Cut+Polish+Symmetry,10.00+,OVAL,D,VS1,CVD,IGI,冰花切,EX,EX,1,50268.582755,295.6975
A,carat_bucket+Shape+Color+Clarity+TypeName+Report+Cut+Polish+Symmetry,10.00+,OVAL,D,VVS1,CVD,IGI,-,EX,EX,11,99568.350669,585.6962
A,carat_bucket+Shape+Color+Clarity+TypeName+Report+Cut+Polish+Symmetry,10.00+,OVAL,D,VVS1,CVD,IGI,传统切,EX,EX,2,95795.938359,563.5055
A,carat_bucket+Shape+Color+Clarity+TypeName+Report+Cut+Polish+Symmetry,10.00+,OVAL,D,VVS1,CVD,IGI,冰花切,EX,EX,11,60436.68993,355.5099
A,carat_bucket+Shape+Color+Clarity+TypeName+Report+Cut+Polish+Symmetry,10.00+,OVAL,D,VVS2,CVD,IGI,-,EX,EX,2,91479.573459,538.1151
A,carat_bucket+Shape+Color+Clarity+TypeName+Report+Cut+Polish+Symmetry,10.00+,OVAL,D,VVS2,CVD,IGI,冰花切,EX,EX,5,77473.161034,455.7245
A,carat_bucket+Shape+Color+Clarity+TypeName+Report+Cut+Polish+Symmetry,10.00+,OVAL,E,VS1,CVD,IGI,-,EX,EX,5,34318.145563,201.8714
A,carat_bucket+Shape+Color+Clarity+TypeName+Report+Cut+Polish+Symmetry,10.00+,OVAL,E,VVS1,CVD,IGI,传统切,EX,EX,1,48643.68932,286.1393
A,carat_bucket+Shape+Color+Clarity+TypeName+Report+Cut+Polish+Symmetry,10.00+,OVAL,E,VVS2,CVD,IGI,-,EX,EX,31,34811.665005,204.7745
A,carat_bucket+Shape+Color+Clarity+TypeName+Report+Cut+Polish+Symmetry,10.00+,OVAL,F,VS1,CVD,IGI,-,EX,EX,7,29565.434565,173.9143
A,carat_bucket+Shape+Color+Clarity+TypeName+Report+Cut+Polish+Symmetry,10.00+,OVAL,F,VVS1,CVD,IGI,-,EX,EX,2,41239.0113,242.5824
A,carat_bucket+Shape+Color+Clarity+TypeName+Report+Cut+Polish+Symmetry,10.00+,OVAL,F,VVS2,CVD,IGI,-,EX,EX,11,31893.638171,187.6096
A,carat_bucket+Shape+Color+Clarity+TypeName+Report+Cut+Polish+Symmetry,10.00+,PEAR,D,VS1,CVD,IGI,传统切,EX,EX,1,51453.982301,302.6705
A,carat_bucket+Shape+Color+Clarity+TypeName+Report+Cut+Polish+Symmetry,10.00+,PEAR,D,VVS1,CVD,IGI,-,EX,EX,5,59416.167665,349.5069
A,carat_bucket+Shape+Color+Clarity+TypeName+Report+Cut+Polish+Symmetry,10.00+,PEAR,D,VVS1,CVD,IGI,传统切,EX,EX,3,65112.214499,383.013
A,carat_bucket+Shape+Color+Clarity+TypeName+Report+Cut+Polish+Symmetry,10.00+,PEAR,D,VVS1,CVD,IGI,冰花切,EX,EX,15,125123.25784,736.0192
A,carat_bucket+Shape+Color+Clarity+TypeName+Report+Cut+Polish+Symmetry,10.00+,PEAR,D,VVS2,CVD,IGI,-,EX,EX,1,118186.046512,695.212
A,carat_bucket+Shape+Color+Clarity+TypeName+Report+Cut+Polish+Symmetry,10.00+,PEAR,D,VVS2,CVD,IGI,冰花切,EX,EX,2,74952.816516,440.8989
A,carat_bucket+Shape+Color+Clarity+TypeName+Report+Cut+Polish+Symmetry,10.00+,PEAR,E,VS1,CVD,IGI,-,EX,EX,5,31000.96432,182.3586
A,carat_bucket+Shape+Color+Clarity+TypeName+Report+Cut+Polish+Symmetry,10.00+,PEAR,E,VVS2,CVD,IGI,-,EX,EX,5,32628.712871,191.9336
A,carat_bucket+Shape+Color+Clarity+TypeName+Report+Cut+Polish+Symmetry,10.00+,PEAR,F,VS1,CVD,IGI,-,EX,EX,5,29714.001986,174.7882
A,carat_bucket+Shape+Color+Clarity+TypeName+Report+Cut+Polish+Symmetry,10.00+,PEAR,F,VVS2,CVD,IGI,-,EX,EX,3,30038.88335,176.6993
A,carat_bucket+Shape+Color+Clarity+TypeName+Report+Cut+Polish+Symmetry,10.00+,PRINCESS,E,VVS2,CVD,IGI,-,EX,EX,1,59206.759443,348.2751
A,carat_bucket+Shape+Color+Clarity+TypeName+Report+Cut+Polish+Symmetry,10.00+,RADIANT,D,VVS1,CVD,IGI,-,EX,EX,5,38062.5,223.8971
A,carat_bucket+Shape+Color+Clarity+TypeName+Report+Cut+Polish+Symmetry,10.00+,RADIANT,D,VVS2,CVD,IGI,-,EX,EX,2,71151.912339,418.5407
A,carat_bucket+Shape+Color+Clarity+TypeName+Report+Cut+Polish+Symmetry,10.00+,RADIANT,E,VS1,CVD,IGI,-,EX,EX,3,29153.046953,171.4885
A,carat_bucket+Shape+Color+Clarity+TypeName+Report+Cut+Polish+Symmetry,10.00+,RADIANT,E,VVS2,CVD,IGI,-,EX,EX,9,30218.344965,177.755
A,carat_bucket+Shape+Color+Clarity+TypeName+Report+Cut+Polish+Symmetry,10.00+,RADIANT,F,VVS2,CVD,IGI,-,EX,EX,1,29407.738095,172.9867
A,carat_bucket+Shape+Color+Clarity+TypeName+Report+Cut+Polish+Symmetry,10.00+,ROUND,D,VVS1,CVD,IGI,EX,EX,EX,3,92506.480558,544.1558
A,carat_bucket+Shape+Color+Clarity+TypeName+Report+Cut+Polish+Symmetry,10.00+,ROUND,D,VVS1,CVD,IGI,ID,EX,EX,23,86252.988048,507.3705
A,carat_bucket+Shape+Color+Clarity+TypeName+Report+Cut+Polish+Symmetry,10.00+,ROUND,D,VVS2,CVD,IGI,EX,EX,EX,2,75912.682067,446.5452
A,carat_bucket+Shape+Color+Clarity+TypeName+Report+Cut+Polish+Symmetry,10.00+,ROUND,D,VVS2,CVD,IGI,ID,EX,EX,3,70024.528302,411.909
A,carat_bucket+Shape+Color+Clarity+TypeName+Report+Cut+Polish+Symmetry,10.00+,ROUND,E,VS1,CVD,IGI,EX,EX,EX,1,53601.190476,315.3011
A,carat_bucket+Shape+Color+Clarity+TypeName+Report+Cut+Polish+Symmetry,10.00+,ROUND,E,VS1,CVD,IGI,ID,EX,EX,3,53958.383234,317.4023
A,carat_bucket+Shape+Color+Clarity+TypeName+Report+Cut+Polish+Symmetry,10.00+,ROUND,E,VVS1,CVD,IGI,ID,EX,EX,4,63087.129313,371.1008
A,carat_bucket+Shape+Color+Clarity+TypeName+Report+Cut+Polish+Symmetry,10.00+,ROUND,E,VVS2,CVD,IGI,ID,EX,EX,4,60651.898431,356.7759
A,carat_bucket+Shape+Color+Clarity+TypeName+Report+Cut+Polish+Symmetry,10.00+,ROUND,F,VS1,CVD,IGI,EX,EX,EX,1,51514.97006,303.0292
A,carat_bucket+Shape+Color+Clarity+TypeName+Report+Cut+Polish+Symmetry,10.00+,ROUND,F,VVS1,CVD,IGI,ID,EX,EX,1,49978.279757,293.9899
A,carat_bucket+Shape+Color+Clarity+TypeName+Report+Cut+Polish+Symmetry,10.00+,ROUND,F,VVS2,CVD,IGI,ID,EX,EX,3,54107.355865,318.2786
A,carat_bucket+Shape+Color+Clarity+TypeName+Report+Cut+Polish+Symmetry,10.00+,SQUARE,D,VVS1,CVD,IGI,-,EX,EX,2,88734.157596,521.9656
A,carat_bucket+Shape+Color+Clarity+TypeName+Report+Cut+Polish+Symmetry,10.00+,SQUARE,D,VVS2,CVD,IGI,-,EX,EX,3,59005.121639,347.089
A,carat_bucket+Shape+Color+Clarity+TypeName+Report+Cut+Polish+Symmetry,10.00+,SQUARE,E,VS1,CVD,IGI,-,EX,EX,2,68313.879364,401.8463
A,carat_bucket+Shape+Color+Clarity+TypeName+Report+Cut+Polish+Symmetry,10.00+,SQUARE,E,VVS1,CVD,IGI,-,EX,EX,1,28986.041874,170.5061
A,carat_bucket+Shape+Color+Clarity+TypeName+Report+Cut+Polish+Symmetry,10.00+,SQUARE,E,VVS2,CVD,IGI,-,EX,EX,1,55242.637644,324.9567
A,carat_bucket+Shape+Color+Clarity+TypeName+Report+Cut+Polish+Symmetry,10.00+,SQUARE,F,VVS1,CVD,IGI,-,EX,EX,1,26232.142857,154.3067
A,carat_bucket+Shape+Color+Clarity+TypeName+Report+Cut+Polish+Symmetry,2.00-2.99,-,D,VS1,CVD,IGI,-,EX,EX,10,53141.114149,312.5948
A,carat_bucket+Shape+Color+Clarity+TypeName+Report+Cut+Polish+Symmetry,2.00-2.99,-,D,VVS1,CVD,IGI,-,EX,EX,21,66588.516746,391.6972
A,carat_bucket+Shape+Color+Clarity+TypeName+Report+Cut+Polish+Symmetry,2.00-2.99,-,D,VVS2,CVD,IGI,-,EX,EX,39,59196.172249,348.2128
A,carat_bucket+Shape+Color+Clarity+TypeName+Report+Cut+Polish+Symmetry,2.00-2.99,-,E,VVS1,CVD,IGI,-,EX,EX,8,48956.678783,287.9805
A,carat_bucket+Shape+Color+Clarity+TypeName+Report+Cut+Polish+Symmetry,2.00-2.99,-,E,VVS2,CVD,IGI,-,EX,EX,5,45043.68932,264.9629
A,carat_bucket+Shape+Color+Clarity+TypeName+Report+Cut+Polish+Symmetry,2.00-2.99,ASSCHER,D,VS1,CVD,IGI,-,EX,EX,3,23762.376238,139.7787
A,carat_bucket+Shape+Color+Clarity+TypeName+Report+Cut+Polish+Symmetry,2.00-2.99,ASSCHER,D,VS1,HPHT,IGI,-,EX,EX,3,24626.865672,144.8639
A,carat_bucket+Shape+Color+Clarity+TypeName+Report+Cut+Polish+Symmetry,2.00-2.99,ASSCHER,D,VVS1,HPHT,IGI,-,EX,EX,1,38462.686567,226.2511
A,carat_bucket+Shape+Color+Clarity+TypeName+Report+Cut+Polish+Symmetry,2.00-2.99,ASSCHER,D,VVS2,CVD,IGI,-,EX,EX,3,25014.925373,147.1466
A,carat_bucket+Shape+Color+Clarity+TypeName+Report+Cut+Polish+Symmetry,2.00-2.99,ASSCHER,D,VVS2,HPHT,IGI,-,EX,EX,4,28339.805825,166.7047
A,carat_bucket+Shape+Color+Clarity+TypeName+Report+Cut+Polish+Symmetry,2.00-2.99,ASSCHER,E,VS1,CVD,IGI,-,EX,EX,5,21524.271845,126.6134
A,carat_bucket+Shape+Color+Clarity+TypeName+Report+Cut+Polish+Symmetry,2.00-2.99,ASSCHER,E,VVS2,CVD,IGI,-,EX,EX,6,21891.956865,128.7762
A,carat_bucket+Shape+Color+Clarity+TypeName+Report+Cut+Polish+Symmetry,2.00-2.99,ASSCHER,E,VVS2,HPHT,IGI,-,EX,EX,1,21980.769231,129.2986
A,carat_bucket+Shape+Color+Clarity+TypeName+Report+Cut+Polish+Symmetry,2.00-2.99,ASSCHER,F,VS2,HPHT,IGI,-,EX,EX,1,21180.0,124.5882
A,carat_bucket+Shape+Color+Clarity+TypeName+Report+Cut+Polish+Symmetry,2.00-2.99,CUSHION,D,VS1,CVD,IGI,-,EX,EX,17,21447.761194,126.1633
A,carat_bucket+Shape+Color+Clarity+TypeName+Report+Cut+Polish+Symmetry,2.00-2.99,CUSHION,D,VVS1,HPHT,IGI,-,EX,EX,3,38316.831683,225.3931
A,carat_bucket+Shape+Color+Clarity+TypeName+Report+Cut+Polish+Symmetry,2.00-2.99,CUSHION,D,VVS2,CVD,IGI,-,EX,EX,21,24390.0,143.4706
A,carat_bucket+Shape+Color+Clarity+TypeName+Report+Cut+Polish+Symmetry,2.00-2.99,CUSHION,D,VVS2,HPHT,IGI,-,EX,EX,8,23907.804878,140.6341
A,carat_bucket+Shape+Color+Clarity+TypeName+Report+Cut+Polish+Symmetry,2.00-2.99,CUSHION,E,VS1,CVD,IGI,-,-,-,1,27832.03125,163.7178
A,carat_bucket+Shape+Color+Clarity+TypeName+Report+Cut+Polish+Symmetry,2.00-2.99,CUSHION,E,VS1,CVD,IGI,-,EX,EX,53,20940.298507,123.1782
A,carat_bucket+Shape+Color+Clarity+TypeName+Report+Cut+Polish+Symmetry,2.00-2.99,CUSHION,E,VS2,CVD,IGI,-,EX,EX,1,20611.940299,121.2467
A,carat_bucket+Shape+Color+Clarity+TypeName+Report+Cut+Polish+Symmetry,2.00-2.99,CUSHION,E,VS2,HPHT,IGI,-,EX,EX,2,20612.450495,121.2497
A,carat_bucket+Shape+Color+Clarity+TypeName+Report+Cut+Polish+Symmetry,2.00-2.99,CUSHION,E,VVS1,HPHT,IGI,-,EX,EX,1,36561.576355,215.0681
A,carat_bucket+Shape+Color+Clarity+TypeName+Report+Cut+Polish+Symmetry,2.00-2.99,CUSHION,E,VVS2,CVD,IGI,-,EX,EX,22,21411.231884,125.9484
A,carat_bucket+Shape+Color+Clarity+TypeName+Report+Cut+Polish+Symmetry,2.00-2.99,CUSHION,E,VVS2,HPHT,IGI,-,EX,EX,2,21874.40997,128.673
A,carat_bucket+Shape+Color+Clarity+TypeName+Report+Cut+Polish+Symmetry,2.00-2.99,CUSHION,F,VS1,HPHT,IGI,-,EX,EX,1,20850.746269,122.6514
A,carat_bucket+Shape+Color+Clarity+TypeName+Report+Cut+Polish+Symmetry,2.00-2.99,CUSHION,G,VS1,CVD,IGI,-,-,-,1,23193.396226,136.4317
A,carat_bucket+Shape+Color+Clarity+TypeName+Report+Cut+Polish+Symmetry,2.00-2.99,EMERALD,D,VS1,CVD,IGI,-,EX,EX,61,20544.117647,120.8478
A,carat_bucket+Shape+Color+Clarity+TypeName+Report+Cut+Polish+Symmetry,2.00-2.99,EMERALD,D,VS1,HPHT,IGI,-,EX,EX,1,20896.039604,122.9179
A,carat_bucket+Shape+Color+Clarity+TypeName+Report+Cut+Polish+Symmetry,2.00-2.99,EMERALD,D,VS2,CVD,IGI,-,EX,EX,6,20765.671642,122.151
A,carat_bucket+Shape+Color+Clarity+TypeName+Report+Cut+Polish+Symmetry,2.00-2.99,EMERALD,D,VVS1,CVD,IGI,-,EX,EX,1,31004.0,182.3765
A,carat_bucket+Shape+Color+Clarity+TypeName+Report+Cut+Polish+Symmetry,2.00-2.99,EMERALD,D,VVS1,HPHT,IGI,-,EX,EX,3,33537.980769,197.2822
A,carat_bucket+Shape+Color+Clarity+TypeName+Report+Cut+Polish+Symmetry,2.00-2.99,EMERALD,D,VVS2,CVD,IGI,-,EX,EX,25,21383.168317,125.7833
A,carat_bucket+Shape+Color+Clarity+TypeName+Report+Cut+Polish+Symmetry,2.00-2.99,EMERALD,E,VS1,CVD,IGI,-,EX,EX,55,19054.455446,112.085
A,carat_bucket+Shape+Color+Clarity+TypeName+Report+Cut+Polish+Symmetry,2.00-2.99,EMERALD,E,VS2,CVD,IGI,-,EX,EX,2,21079.495103,123.997
A,carat_bucket+Shape+Color+Clarity+TypeName+Report+Cut+Polish+Symmetry,2.00-2.99,EMERALD,E,VVS1,CVD,IGI,-,EX,EX,2,39088.05256,229.9297
A,carat_bucket+Shape+Color+Clarity+TypeName+Report+Cut+Polish+Symmetry,2.00-2.99,EMERALD,E,VVS2,CVD,IGI,-,EX,EX,58,19340.57971,113.7681
A,carat_bucket+Shape+Color+Clarity+TypeName+Report+Cut+Polish+Symmetry,2.00-2.99,EMERALD,F,VS1,CVD,IGI,-,EX,EX,5,18825.742574,110.7397
A,carat_bucket+Shape+Color+Clarity+TypeName+Report+Cut+Polish+Symmetry,2.00-2.99,EMERALD,F,VS2,CVD,IGI,-,EX,EX,2,21645.880996,127.3287
A,carat_bucket+Shape+Color+Clarity+TypeName+Report+Cut+Polish+Symmetry,2.00-2.99,EMERALD,F,VVS2,CVD,IGI,-,EX,EX,32,18750.0,110.2941
A,carat_bucket+Shape+Color+Clarity+TypeName+Report+Cut+Polish+Symmetry,2.00-2.99,EMERALD,F,VVS2,CVD,IGI,-,VG,VG,1,23198.275862,136.4604
A,carat_bucket+Shape+Color+Clarity+TypeName+Report+Cut+Polish+Symmetry,2.00-2.99,EMERALD,G,VS1,CVD,IGI,-,-,-,1,23204.651163,136.4979
A,carat_bucket+Shape+Color+Clarity+TypeName+Report+Cut+Polish+Symmetry,2.00-2.99,HEART,D,SI1,CVD,IGI,-,EX,EX,1,24892.682927,146.4275
A,carat_bucket+Shape+Color+Clarity+TypeName+Report+Cut+Polish+Symmetry,2.00-2.99,HEART,D,SI1,CVD,IGI,-,VG,EX,1,23445.49763,137.9147
A,carat_bucket+Shape+Color+Clarity+TypeName+Report+Cut+Polish+Symmetry,2.00-2.99,HEART,D,VS1,CVD,IGI,-,EX,EX,29,21024.285714,123.6723
A,carat_bucket+Shape+Color+Clarity+TypeName+Report+Cut+Polish+Symmetry,2.00-2.99,HEART,D,VS1,CVD,IGI,-,VG,EX,2,26921.168804,158.3598
A,carat_bucket+Shape+Color+Clarity+TypeName+Report+Cut+Polish+Symmetry,2.00-2.99,HEART,D,VS1,CVD,IGI,传统切,EX,EX,2,36766.551878,216.2738
A,carat_bucket+Shape+Color+Clarity+TypeName+Report+Cut+Polish+Symmetry,2.00-2.99,HEART,D,VS2,CVD,IGI,-,EX,EX,3,21226.865672,124.8639
A,carat_bucket+Shape+Color+Clarity+TypeName+Report+Cut+Polish+Symmetry,2.00-2.99,HEART,D,VS2,CVD,IGI,-,VG,EX,1,26295.0,154.6765
A,carat_bucket+Shape+Color+Clarity+TypeName+Report+Cut+Polish+Symmetry,2.00-2.99,HEART,D,VVS1,CVD,IGI,-,EX,EX,5,42659.482759,250.9381
A,carat_bucket+Shape+Color+Clarity+TypeName+Report+Cut+Polish+Symmetry,2.00-2.99,HEART,D,VVS1,CVD,IGI,传统切,EX,EX,1,47581.730769,279.8925
A,carat_bucket+Shape+Color+Clarity+TypeName+Report+Cut+Polish+Symmetry,2.00-2.99,HEART,D,VVS1,HPHT,IGI,-,EX,EX,4,42683.823529,251.0813
A,carat_bucket+Shape+Color+Clarity+TypeName+Report+Cut+Polish+Symmetry,2.00-2.99,HEART,D,VVS2,CVD,IGI,-,EX,EX,34,21657.971014,127.3998
A,carat_bucket+Shape+Color+Clarity+TypeName+Report+Cut+Polish+Symmetry,2.00-2.99,HEART,D,VVS2,CVD,IGI,-,EX,VG,3,24690.140845,145.2361
A,carat_bucket+Shape+Color+Clarity+TypeName+Report+Cut+Polish+Symmetry,2.00-2.99,HEART,D,VVS2,CVD,IGI,-,VG,EX,1,22096.638655,129.9802
A,carat_bucket+Shape+Color+Clarity+TypeName+Report+Cut+Polish+Symmetry,2.00-2.99,HEART,D,VVS2,CVD,IGI,传统切,EX,EX,15,56224.880383,330.7346
A,carat_bucket+Shape+Color+Clarity+TypeName+Report+Cut+Polish+Symmetry,2.00-2.99,HEART,D,VVS2,CVD,IGI,冰花切,EX,EX,3,41128.078818,241.9299
A,carat_bucket+Shape+Color+Clarity+TypeName+Report+Cut+Polish+Symmetry,2.00-2.99,HEART,D,VVS2,HPHT,IGI,-,EX,EX,3,25014.705882,147.1453
A,carat_bucket+Shape+Color+Clarity+TypeName+Report+Cut+Polish+Symmetry,2.00-2.99,HEART,E,SI1,CVD,IGI,-,VG,EX,1,29388.349515,172.8726
A,carat_bucket+Shape+Color+Clarity+TypeName+Report+Cut+Polish+Symmetry,2.00-2.99,HEART,E,VS1,CVD,IGI,-,EX,EX,18,19372.412241,113.9554
A,carat_bucket+Shape+Color+Clarity+TypeName+Report+Cut+Polish+Symmetry,2.00-2.99,HEART,E,VS1,CVD,IGI,-,VG,EX,2,22191.453752,130.538
A,carat_bucket+Shape+Color+Clarity+TypeName+Report+Cut+Polish+Symmetry,2.00-2.99,HEART,E,VS2,CVD,IGI,-,EX,EX,2,19164.691604,112.7335
A,carat_bucket+Shape+Color+Clarity+TypeName+Report+Cut+Polish+Symmetry,2.00-2.99,HEART,E,VVS1,CVD,IGI,传统切,EX,EX,1,45251.231527,266.1837
A,carat_bucket+Shape+Color+Clarity+TypeName+Report+Cut+Polish+Symmetry,2.00-2.99,HEART,E,VVS2,CVD,IGI,-,EX,EX,9,21054.285714,123.8487
A,carat_bucket+Shape+Color+Clarity+TypeName+Report+Cut+Polish+Symmetry,2.00-2.99,HEART,E,VVS2,CVD,IGI,传统切,EX,EX,1,42415.841584,249.505
A,carat_bucket+Shape+Color+Clarity+TypeName+Report+Cut+Polish+Symmetry,2.00-2.99,HEART,E,VVS2,CVD,IGI,冰花切,EX,EX,1,36065.502183,212.15
A,carat_bucket+Shape+Color+Clarity+TypeName+Report+Cut+Polish+Symmetry,2.00-2.99,HEART,F,VS1,CVD,IGI,-,EX,EX,1,33480.582524,196.9446
A,carat_bucket+Shape+Color+Clarity+TypeName+Report+Cut+Polish+Symmetry,2.00-2.99,HEART,F,VVS2,CVD,IGI,传统切,EX,EX,2,37111.337365,218.302
A,carat_bucket+Shape+Color+Clarity+TypeName+Report+Cut+Polish+Symmetry,2.00-2.99,HEART,G,VS1,CVD,IGI,-,-,-,1,26288.135593,154.6361
A,carat_bucket+Shape+Color+Clarity+TypeName+Report+Cut+Polish+Symmetry,2.00-2.99,MARQUISE,D,VS1,CVD,IGI,-,EX,EX,13,33472.906404,196.8994
A,carat_bucket+Shape+Color+Clarity+TypeName+Report+Cut+Polish+Symmetry,2.00-2.99,MARQUISE,D,VVS2,CVD,IGI,-,EX,EX,37,35370.44335,208.0614
A,carat_bucket+Shape+Color+Clarity+TypeName+Report+Cut+Polish+Symmetry,2.00-2.99,MARQUISE,D,VVS2,HPHT,IGI,-,EX,EX,2,35811.69403,210.657
A,carat_bucket+Shape+Color+Clarity+TypeName+Report+Cut+Polish+Symmetry,2.00-2.99,MARQUISE,E,VS1,CVD,IGI,-,EX,EX,33,20815.841584,122.4461
A,carat_bucket+Shape+Color+Clarity+TypeName+Report+Cut+Polish+Symmetry,2.00-2.99,MARQUISE,E,VS1,CVD,IGI,-,VG,VG,2,30925.022012,181.9119
A,carat_bucket+Shape+Color+Clarity+TypeName+Report+Cut+Polish+Symmetry,2.00-2.99,MARQUISE,E,VVS2,CVD,IGI,-,EX,EX,38,21223.880597,124.8464
A,carat_bucket+Shape+Color+Clarity+TypeName+Report+Cut+Polish+Symmetry,2.00-2.99,OVAL,D,VS1,CVD,IGI,-,EX,EX,184,22253.731343,130.9043
A,carat_bucket+Shape+Color+Clarity+TypeName+Report+Cut+Polish+Symmetry,2.00-2.99,OVAL,D,VS1,HPHT,IGI,-,EX,EX,3,22099.009901,129.9942
A,carat_bucket+Shape+Color+Clarity+TypeName+Report+Cut+Polish+Symmetry,2.00-2.99,OVAL,D,VS2,CVD,IGI,-,EX,EX,29,20771.428571,122.1849
A,carat_bucket+Shape+Color+Clarity+TypeName+Report+Cut+Polish+Symmetry,2.00-2.99,OVAL,D,VS2,HPHT,IGI,-,EX,EX,3,21057.971014,123.8704
A,carat_bucket+Shape+Color+Clarity+TypeName+Report+Cut+Polish+Symmetry,2.00-2.99,OVAL,D,VS2,HPHT,IGI,EX,EX,EX,1,21057.971014,123.8704
A,carat_bucket+Shape+Color+Clarity+TypeName+Report+Cut+Polish+Symmetry,2.00-2.99,OVAL,D,VVS1,CVD,IGI,-,EX,EX,9,37075.609756,218.0918
A,carat_bucket+Shape+Color+Clarity+TypeName+Report+Cut+Polish+Symmetry,2.00-2.99,OVAL,D,VVS1,HPHT,IGI,-,EX,EX,23,37075.609756,218.0918
A,carat_bucket+Shape+Color+Clarity+TypeName+Report+Cut+Polish+Symmetry,2.00-2.99,OVAL,D,VVS1,HPHT,IGI,EX,EX,EX,1,37485.148515,220.5009
A,carat_bucket+Shape+Color+Clarity+TypeName+Report+Cut+Polish+Symmetry,2.00-2.99,OVAL,D,VVS1,HPHT,IGI,传统切,EX,EX,10,41440.0399,243.7649
A,carat_bucket+Shape+Color+Clarity+TypeName+Report+Cut+Polish+Symmetry,2.00-2.99,OVAL,D,VVS2,CVD,IGI,-,EX,EX,131,22641.791045,133.187
A,carat_bucket+Shape+Color+Clarity+TypeName+Report+Cut+Polish+Symmetry,2.00-2.99,OVAL,D,VVS2,HPHT,IGI,-,EX,EX,22,23272.277228,136.8957
A,carat_bucket+Shape+Color+Clarity+TypeName+Report+Cut+Polish+Symmetry,2.00-2.99,OVAL,D,VVS2,HPHT,IGI,EX,EX,EX,1,23608.695652,138.8747
A,carat_bucket+Shape+Color+Clarity+TypeName+Report+Cut+Polish+Symmetry,2.00-2.99,OVAL,E,VS1,CVD,IGI,-,EX,EX,191,20208.955224,118.8762
A,carat_bucket+Shape+Color+Clarity+TypeName+Report+Cut+Polish+Symmetry,2.00-2.99,OVAL,E,VS1,CVD,IGI,冰花切,EX,EX,1,33466.019417,196.8589
A,carat_bucket+Shape+Color+Clarity+TypeName+Report+Cut+Polish+Symmetry,2.00-2.99,OVAL,E,VS2,CVD,IGI,-,EX,EX,12,19965.671642,117.4451
A,carat_bucket+Shape+Color+Clarity+TypeName+Report+Cut+Polish+Symmetry,2.00-2.99,OVAL,E,VVS1,CVD,IGI,冰花切,EX,EX,2,36839.120509,216.7007
A,carat_bucket+Shape+Color+Clarity+TypeName+Report+Cut+Polish+Symmetry,2.00-2.99,OVAL,E,VVS2,CVD,IGI,-,EX,EX,180,21371.287129,125.7135
A,carat_bucket+Shape+Color+Clarity+TypeName+Report+Cut+Polish+Symmetry,2.00-2.99,OVAL,E,VVS2,CVD,IGI,传统切,EX,EX,1,34932.692308,205.4864
A,carat_bucket+Shape+Color+Clarity+TypeName+Report+Cut+Polish+Symmetry,2.00-2.99,OVAL,E,VVS2,CVD,IGI,冰花切,EX,EX,1,35970.29703,211.59
A,carat_bucket+Shape+Color+Clarity+TypeName+Report+Cut+Polish+Symmetry,2.00-2.99,OVAL,F,VS1,CVD,IGI,-,EX,EX,18,19980.597015,117.5329
A,carat_bucket+Shape+Color+Clarity+TypeName+Report+Cut+Polish+Symmetry,2.00-2.99,OVAL,F,VS2,CVD,IGI,-,EX,EX,3,19965.671642,117.4451
A,carat_bucket+Shape+Color+Clarity+TypeName+Report+Cut+Polish+Symmetry,2.00-2.99,OVAL,F,VVS1,CVD,IGI,冰花切,EX,EX,1,28788.17734,169.3422
A,carat_bucket+Shape+Color+Clarity+TypeName+Report+Cut+Polish+Symmetry,2.00-2.99,OVAL,F,VVS2,CVD,IGI,-,EX,EX,15,21565.5,126.8559
A,carat_bucket+Shape+Color+Clarity+TypeName+Report+Cut+Polish+Symmetry,2.00-2.99,OVAL,F,VVS2,CVD,IGI,冰花切,EX,EX,1,26495.049505,155.8532
A,carat_bucket+Shape+Color+Clarity+TypeName+Report+Cut+Polish+Symmetry,2.00-2.99,OVAL,F,VVS2,HPHT,IGI,-,EX,EX,1,20937.378641,123.1611
A,carat_bucket+Shape+Color+Clarity+TypeName+Report+Cut+Polish+Symmetry,2.00-2.99,PEAR,D,VS1,CVD,IGI,-,EX,EX,49,21873.786408,128.6693
A,carat_bucket+Shape+Color+Clarity+TypeName+Report+Cut+Polish+Symmetry,2.00-2.99,PEAR,D,VS1,CVD,IGI,-,VG,EX,1,30932.432432,181.9555
A,carat_bucket+Shape+Color+Clarity+TypeName+Report+Cut+Polish+Symmetry,2.00-2.99,PEAR,D,VS1,CVD,IGI,-,VG,VG,2,30927.832211,181.9284
A,carat_bucket+Shape+Color+Clarity+TypeName+Report+Cut+Polish+Symmetry,2.00-2.99,PEAR,D,VS1,CVD,IGI,传统切,EX,EX,1,31725.321888,186.6195
A,carat_bucket+Shape+Color+Clarity+TypeName+Report+Cut+Polish+Symmetry,2.00-2.99,PEAR,D,VS1,HPHT,IGI,-,EX,EX,1,25567.588933,150.3976
A,carat_bucket+Shape+Color+Clarity+TypeName+Report+Cut+Polish+Symmetry,2.00-2.99,PEAR,D,VS2,CVD,IGI,-,EX,EX,1,19768.269231,116.2839
A,carat_bucket+Shape+Color+Clarity+TypeName+Report+Cut+Polish+Symmetry,2.00-2.99,PEAR,D,VS2,HPHT,IGI,-,EX,EX,1,20520.0,120.7059
A,carat_bucket+Shape+Color+Clarity+TypeName+Report+Cut+Polish+Symmetry,2.00-2.99,PEAR,D,VS2,HPHT,IGI,EX,EX,EX,1,20520.0,120.7059
A,carat_bucket+Shape+Color+Clarity+TypeName+Report+Cut+Polish+Symmetry,2.00-2.99,PEAR,D,VVS1,CVD,IGI,-,EX,EX,1,36358.851675,213.8756
A,carat_bucket+Shape+Color+Clarity+TypeName+Report+Cut+Polish+Symmetry,2.00-2.99,PEAR,D,VVS1,HPHT,IGI,-,EX,EX,7,38967.164179,229.2186
A,carat_bucket+Shape+Color+Clarity+TypeName+Report+Cut+Polish+Symmetry,2.00-2.99,PEAR,D,VVS1,HPHT,IGI,传统切,EX,EX,16,41331.683168,243.1275
A,carat_bucket+Shape+Color+Clarity+TypeName+Report+Cut+Polish+Symmetry,2.00-2.99,PEAR,D,VVS2,CVD,IGI,-,EX,EX,19,23775.0,139.8529
A,carat_bucket+Shape+Color+Clarity+TypeName+Report+Cut+Polish+Symmetry,2.00-2.99,PEAR,D,VVS2,CVD,IGI,冰花切,EX,EX,5,34221.343874,201.302
A,carat_bucket+Shape+Color+Clarity+TypeName+Report+Cut+Polish+Symmetry,2.00-2.99,PEAR,D,VVS2,HPHT,IGI,-,EX,EX,2,25466.1014,149.8006
A,carat_bucket+Shape+Color+Clarity+TypeName+Report+Cut+Polish+Symmetry,2.00-2.99,PEAR,E,VS1,CVD,IGI,-,EX,EX,60,20295.0,119.3824
A,carat_bucket+Shape+Color+Clarity+TypeName+Report+Cut+Polish+Symmetry,2.00-2.99,PEAR,E,VS1,CVD,IGI,冰花切,EX,EX,1,26377.16263,155.1598
A,carat_bucket+Shape+Color+Clarity+TypeName+Report+Cut+Polish+Symmetry,2.00-2.99,PEAR,E,VS2,CVD,IGI,-,EX,EX,2,20118.408416,118.3436
A,carat_bucket+Shape+Color+Clarity+TypeName+Report+Cut+Polish+Symmetry,2.00-2.99,PEAR,E,VS2,HPHT,IGI,EX,EX,EX,1,19616.504854,115.3912
A,carat_bucket+Shape+Color+Clarity+TypeName+Report+Cut+Polish+Symmetry,2.00-2.99,PEAR,E,VVS1,CVD,IGI,-,EX,EX,1,33264.084507,195.6711
A,carat_bucket+Shape+Color+Clarity+TypeName+Report+Cut+Polish+Symmetry,2.00-2.99,PEAR,E,VVS1,CVD,IGI,传统切,EX,EX,1,37980.582524,223.4152
A,carat_bucket+Shape+Color+Clarity+TypeName+Report+Cut+Polish+Symmetry,2.00-2.99,PEAR,E,VVS1,CVD,IGI,冰花切,EX,EX,1,33771.84466,198.6579
A,carat_bucket+Shape+Color+Clarity+TypeName+Report+Cut+Polish+Symmetry,2.00-2.99,PEAR,E,VVS2,CVD,IGI,-,EX,EX,30,20463.861386,120.3757
A,carat_bucket+Shape+Color+Clarity+TypeName+Report+Cut+Polish+Symmetry,2.00-2.99,PEAR,E,VVS2,CVD,IGI,-,VG,VG,2,29381.234916,172.8308
A,carat_bucket+Shape+Color+Clarity+TypeName+Report+Cut+Polish+Symmetry,2.00-2.99,PEAR,E,VVS2,CVD,IGI,冰花切,EX,EX,3,32626.865672,191.9227
A,carat_bucket+Shape+Color+Clarity+TypeName+Report+Cut+Polish+Symmetry,2.00-2.99,PEAR,F,VS1,CVD,IGI,-,EX,EX,8,19997.014925,117.6295
A,carat_bucket+Shape+Color+Clarity+TypeName+Report+Cut+Polish+Symmetry,2.00-2.99,PEAR,F,VS2,CVD,IGI,-,EX,EX,5,19863.0,116.8412
A,carat_bucket+Shape+Color+Clarity+TypeName+Report+Cut+Polish+Symmetry,2.00-2.99,PEAR,F,VVS2,CVD,IGI,-,EX,EX,19,20238.80597,119.0518
A,carat_bucket+Shape+Color+Clarity+TypeName+Report+Cut+Polish+Symmetry,2.00-2.99,PRINCESS,D,SI1,CVD,IGI,-,EX,EX,1,26164.179104,153.9069
A,carat_bucket+Shape+Color+Clarity+TypeName+Report+Cut+Polish+Symmetry,2.00-2.99,PRINCESS,D,VS1,CVD,IGI,-,EX,EX,29,21462.686567,126.2511
A,carat_bucket+Shape+Color+Clarity+TypeName+Report+Cut+Polish+Symmetry,2.00-2.99,PRINCESS,D,VVS1,CVD,IGI,-,EX,EX,18,39273.506624,231.0206
A,carat_bucket+Shape+Color+Clarity+TypeName+Report+Cut+Polish+Symmetry,2.00-2.99,PRINCESS,D,VVS2,CVD,IGI,-,EX,EX,56,22717.5,133.6324
A,carat_bucket+Shape+Color+Clarity+TypeName+Report+Cut+Polish+Symmetry,2.00-2.99,PRINCESS,E,VS1,CVD,IGI,-,EX,EX,21,20995.522388,123.5031
A,carat_bucket+Shape+Color+Clarity+TypeName+Report+Cut+Polish+Symmetry,2.00-2.99,PRINCESS,E,VS2,CVD,IGI,-,EX,EX,1,26644.268775,156.731
A,carat_bucket+Shape+Color+Clarity+TypeName+Report+Cut+Polish+Symmetry,2.00-2.99,PRINCESS,E,VVS1,CVD,IGI,-,EX,EX,11,32970.44335,193.9438
A,carat_bucket+Shape+Color+Clarity+TypeName+Report+Cut+Polish+Symmetry,2.00-2.99,PRINCESS,E,VVS2,CVD,IGI,-,EX,EX,31,31076.555024,182.8033
A,carat_bucket+Shape+Color+Clarity+TypeName+Report+Cut+Polish+Symmetry,2.00-2.99,PRINCESS,F,VS1,CVD,IGI,-,-,-,1,23202.247191,136.4838
A,carat_bucket+Shape+Color+Clarity+TypeName+Report+Cut+Polish+Symmetry,2.00-2.99,PRINCESS,F,VS1,CVD,IGI,-,EX,EX,2,24884.638723,146.3802
A,carat_bucket+Shape+Color+Clarity+TypeName+Report+Cut+Polish+Symmetry,2.00-2.99,PRINCESS,F,VVS1,CVD,IGI,-,EX,EX,1,30465.0,179.2059
A,carat_bucket+Shape+Color+Clarity+TypeName+Report+Cut+Polish+Symmetry,2.00-2.99,PRINCESS,F,VVS2,CVD,IGI,-,EX,EX,15,26128.078818,153.6946
A,carat_bucket+Shape+Color+Clarity+TypeName+Report+Cut+Polish+Symmetry,2.00-2.99,RADIANT,D,VS1,CVD,IGI,-,EX,EX,16,23683.589437,139.3152
A,carat_bucket+Shape+Color+Clarity+TypeName+Report+Cut+Polish+Symmetry,2.00-2.99,RADIANT,D,VS1,CVD,IGI,-,VG,VG,1,29388.059701,172.8709
A,carat_bucket+Shape+Color+Clarity+TypeName+Report+Cut+Polish+Symmetry,2.00-2.99,RADIANT,D,VVS1,HPHT,IGI,-,EX,EX,6,38364.504212,225.6736
A,carat_bucket+Shape+Color+Clarity+TypeName+Report+Cut+Polish+Symmetry,2.00-2.99,RADIANT,D,VVS2,CVD,IGI,-,EX,EX,22,26569.500355,156.2912
A,carat_bucket+Shape+Color+Clarity+TypeName+Report+Cut+Polish+Symmetry,2.00-2.99,RADIANT,D,VVS2,HPHT,IGI,-,EX,EX,1,27861.386139,163.8905
A,carat_bucket+Shape+Color+Clarity+TypeName+Report+Cut+Polish+Symmetry,2.00-2.99,RADIANT,E,VS1,CVD,IGI,-,EX,EX,17,22363.636364,131.5508
A,carat_bucket+Shape+Color+Clarity+TypeName+Report+Cut+Polish+Symmetry,2.00-2.99,RADIANT,E,VVS2,CVD,IGI,-,EX,EX,23,23330.097087,137.2359
A,carat_bucket+Shape+Color+Clarity+TypeName+Report+Cut+Polish+Symmetry,2.00-2.99,RADIANT,E,VVS2,HPHT,IGI,-,EX,EX,3,23971.014493,141.006
A,carat_bucket+Shape+Color+Clarity+TypeName+Report+Cut+Polish+Symmetry,2.00-2.99,RADIANT,F,VVS2,CVD,IGI,-,EX,EX,2,22627.871182,133.1051
A,carat_bucket+Shape+Color+Clarity+TypeName+Report+Cut+Polish+Symmetry,2.00-2.99,ROUND,D,SI1,CVD,IGI,ID,EX,EX,1,21178.082192,124.577
A,carat_bucket+Shape+Color+Clarity+TypeName+Report+Cut+Polish+Symmetry,2.00-2.99,ROUND,D,VS1,CVD,IGI,EX,EX,EX,151,21240.0,124.9412
A,carat_bucket+Shape+Color+Clarity+TypeName+Report+Cut+Polish+Symmetry,2.00-2.99,ROUND,D,VS1,CVD,IGI,ID,EX,EX,262,21240.0,124.9412
A,carat_bucket+Shape+Color+Clarity+TypeName+Report+Cut+Polish+Symmetry,2.00-2.99,ROUND,D,VS1,HPHT,IGI,EX,EX,EX,4,32835.820896,193.1519
A,carat_bucket+Shape+Color+Clarity+TypeName+Report+Cut+Polish+Symmetry,2.00-2.99,ROUND,D,VS1,HPHT,IGI,ID,EX,EX,6,25468.347339,149.8138
A,carat_bucket+Shape+Color+Clarity+TypeName+Report+Cut+Polish+Symmetry,2.00-2.99,ROUND,D,VS2,CVD,IGI,ID,EX,EX,6,22338.0,131.4
A,carat_bucket+Shape+Color+Clarity+TypeName+Report+Cut+Polish+Symmetry,2.00-2.99,ROUND,D,VS2,HPHT,IGI,ID,EX,EX,2,25292.537313,148.7796
A,carat_bucket+Shape+Color+Clarity+TypeName+Report+Cut+Polish+Symmetry,2.00-2.99,ROUND,D,VVS1,CVD,IGI,ID,EX,EX,10,38252.390223,225.0141
A,carat_bucket+Shape+Color+Clarity+TypeName+Report+Cut+Polish+Symmetry,2.00-2.99,ROUND,D,VVS1,HPHT,IGI,EX,EX,EX,21,42103.960396,247.6704
A,carat_bucket+Shape+Color+Clarity+TypeName+Report+Cut+Polish+Symmetry,2.00-2.99,ROUND,D,VVS1,HPHT,IGI,ID,EX,EX,84,41765.87809,245.6816
A,carat_bucket+Shape+Color+Clarity+TypeName+Report+Cut+Polish+Symmetry,2.00-2.99,ROUND,D,VVS2,-,IGI,EX,EX,EX,1,36450.0,214.4118
A,carat_bucket+Shape+Color+Clarity+TypeName+Report+Cut+Polish+Symmetry,2.00-2.99,ROUND,D,VVS2,-,IGI,ID,EX,EX,1,35911.330049,211.2431
A,carat_bucket+Shape+Color+Clarity+TypeName+Report+Cut+Polish+Symmetry,2.00-2.99,ROUND,D,VVS2,CVD,IGI,EX,EX,EX,162,23417.910448,137.7524
A,carat_bucket+Shape+Color+Clarity+TypeName+Report+Cut+Polish+Symmetry,2.00-2.99,ROUND,D,VVS2,CVD,IGI,ID,EX,EX,227,23776.119403,139.8595
A,carat_bucket+Shape+Color+Clarity+TypeName+Report+Cut+Polish+Symmetry,2.00-2.99,ROUND,D,VVS2,HPHT,IGI,EX,EX,EX,9,35625.0,209.5588
A,carat_bucket+Shape+Color+Clarity+TypeName+Report+Cut+Polish+Symmetry,2.00-2.99,ROUND,D,VVS2,HPHT,IGI,ID,EX,EX,70,34285.714286,201.6807
A,carat_bucket+Shape+Color+Clarity+TypeName+Report+Cut+Polish+Symmetry,2.00-2.99,ROUND,E,SI1,CVD,IGI,ID,EX,EX,2,22792.393142,134.0729
A,carat_bucket+Shape+Color+Clarity+TypeName+Report+Cut+Polish+Symmetry,2.00-2.99,ROUND,E,VS1,CVD,IGI,EX,EX,EX,145,20070.0,118.0588
A,carat_bucket+Shape+Color+Clarity+TypeName+Report+Cut+Polish+Symmetry,2.00-2.99,ROUND,E,VS1,CVD,IGI,ID,EX,EX,351,19915.384615,117.1493
A,carat_bucket+Shape+Color+Clarity+TypeName+Report+Cut+Polish+Symmetry,2.00-2.99,ROUND,E,VS1,CVD,IGI,老欧切,EX,EX,1,30029.126214,176.6419
A,carat_bucket+Shape+Color+Clarity+TypeName+Report+Cut+Polish+Symmetry,2.00-2.99,ROUND,E,VS2,CVD,IGI,EX,EX,EX,1,21051.06383,123.8298
A,carat_bucket+Shape+Color+Clarity+TypeName+Report+Cut+Polish+Symmetry,2.00-2.99,ROUND,E,VS2,CVD,IGI,ID,EX,EX,18,20097.0,118.2176
A,carat_bucket+Shape+Color+Clarity+TypeName+Report+Cut+Polish+Symmetry,2.00-2.99,ROUND,E,VVS1,CVD,IGI,ID,EX,EX,9,30014.563107,176.5563
A,carat_bucket+Shape+Color+Clarity+TypeName+Report+Cut+Polish+Symmetry,2.00-2.99,ROUND,E,VVS2,CVD,IGI,EX,EX,EX,45,20970.0,123.3529
A,carat_bucket+Shape+Color+Clarity+TypeName+Report+Cut+Polish+Symmetry,2.00-2.99,ROUND,E,VVS2,CVD,IGI,ID,EX,EX,306,19925.373134,117.2081
A,carat_bucket+Shape+Color+Clarity+TypeName+Report+Cut+Polish+Symmetry,2.00-2.99,ROUND,E,VVS2,HPHT,IGI,ID,EX,EX,3,22881.176471,134.5952
A,carat_bucket+Shape+Color+Clarity+TypeName+Report+Cut+Polish+Symmetry,2.00-2.99,ROUND,F,VS1,CVD,IGI,ID,EX,EX,1,21697.368421,127.6316
A,carat_bucket+Shape+Color+Clarity+TypeName+Report+Cut+Polish+Symmetry,2.00-2.99,ROUND,F,VS2,CVD,IGI,ID,EX,EX,2,22636.452548,133.1556
A,carat_bucket+Shape+Color+Clarity+TypeName+Report+Cut+Polish+Symmetry,2.00-2.99,ROUND,F,VVS1,CVD,IGI,EX,EX,EX,1,25262.376238,148.6022
A,carat_bucket+Shape+Color+Clarity+TypeName+Report+Cut+Polish+Symmetry,2.00-2.99,ROUND,F,VVS2,CVD,IGI,EX,EX,EX,3,22317.073171,131.2769
A,carat_bucket+Shape+Color+Clarity+TypeName+Report+Cut+Polish+Symmetry,2.00-2.99,ROUND,F,VVS2,CVD,IGI,ID,EX,EX,43,20716.41791,121.8613
A,carat_bucket+Shape+Color+Clarity+TypeName+Report+Cut+Polish+Symmetry,2.00-2.99,SQUARE,D,VS1,CVD,IGI,-,EX,EX,6,31889.476832,187.5852
A,carat_bucket+Shape+Color+Clarity+TypeName+Report+Cut+Polish+Symmetry,2.00-2.99,SQUARE,D,VS2,CVD,IGI,-,EX,EX,1,31238.80597,183.7577
A,carat_bucket+Shape+Color+Clarity+TypeName+Report+Cut+Polish+Symmetry,2.00-2.99,SQUARE,D,VVS2,CVD,IGI,-,EX,EX,8,32918.409851,193.6377
A,carat_bucket+Shape+Color+Clarity+TypeName+Report+Cut+Polish+Symmetry,2.00-2.99,SQUARE,D,VVS2,HPHT,IGI,-,EX,EX,1,25058.208955,147.4012
A,carat_bucket+Shape+Color+Clarity+TypeName+Report+Cut+Polish+Symmetry,2.00-2.99,SQUARE,E,VS1,CVD,IGI,-,EX,EX,8,26286.980769,154.6293
A,carat_bucket+Shape+Color+Clarity+TypeName+Report+Cut+Polish+Symmetry,2.00-2.99,SQUARE,E,VS2,CVD,IGI,-,EX,EX,1,26928.229665,158.4014
A,carat_bucket+Shape+Color+Clarity+TypeName+Report+Cut+Polish+Symmetry,2.00-2.99,SQUARE,E,VVS1,CVD,IGI,-,EX,EX,3,41440.191388,243.7658
A,carat_bucket+Shape+Color+Clarity+TypeName+Report+Cut+Polish+Symmetry,2.00-2.99,SQUARE,E,VVS2,CVD,IGI,-,EX,EX,17,28436.440678,167.2732
A,carat_bucket+Shape+Color+Clarity+TypeName+Report+Cut+Polish+Symmetry,2.00-2.99,SQUARE,F,VS1,CVD,IGI,-,EX,EX,3,24585.365854,144.6198
A,carat_bucket+Shape+Color+Clarity+TypeName+Report+Cut+Polish+Symmetry,2.00-2.99,SQUARE,F,VS2,CVD,IGI,-,-,-,1,23192.307692,136.4253
A,carat_bucket+Shape+Color+Clarity+TypeName+Report+Cut+Polish+Symmetry,2.00-2.99,SQUARE,F,VVS1,CVD,IGI,-,EX,EX,1,28701.923077,168.8348
A,carat_bucket+Shape+Color+Clarity+TypeName+Report+Cut+Polish+Symmetry,2.00-2.99,SQUARE,F,VVS2,CVD,IGI,-,EX,EX,1,27118.226601,159.519
A,carat_bucket+Shape+Color+Clarity+TypeName+Report+Cut+Polish+Symmetry,3.00-3.99,-,D,VS1,CVD,IGI,-,EX,EX,12,58833.047782,346.0768
A,carat_bucket+Shape+Color+Clarity+TypeName+Report+Cut+Polish+Symmetry,3.00-3.99,-,D,VVS1,CVD,IGI,-,EX,EX,8,74067.961165,435.6939
A,carat_bucket+Shape+Color+Clarity+TypeName+Report+Cut+Polish+Symmetry,3.00-3.99,-,D,VVS2,CVD,IGI,-,EX,EX,36,68168.736603,400.9926
A,carat_bucket+Shape+Color+Clarity+TypeName+Report+Cut+Polish+Symmetry,3.00-3.99,-,E,VVS1,CVD,IGI,-,EX,EX,4,59214.650091,348.3215
A,carat_bucket+Shape+Color+Clarity+TypeName+Report+Cut+Polish+Symmetry,3.00-3.99,-,E,VVS2,CVD,IGI,-,EX,EX,9,60058.252427,353.2838
A,carat_bucket+Shape+Color+Clarity+TypeName+Report+Cut+Polish+Symmetry,3.00-3.99,-,F,VVS1,CVD,IGI,-,EX,EX,1,39264.248705,230.9662
A,carat_bucket+Shape+Color+Clarity+TypeName+Report+Cut+Polish+Symmetry,3.00-3.99,-,F,VVS2,CVD,IGI,-,EX,EX,1,43834.951456,257.8527
A,carat_bucket+Shape+Color+Clarity+TypeName+Report+Cut+Polish+Symmetry,3.00-3.99,ASSCHER,D,VS1,CVD,IGI,-,EX,EX,6,26650.318162,156.7666
A,carat_bucket+Shape+Color+Clarity+TypeName+Report+Cut+Polish+Symmetry,3.00-3.99,ASSCHER,D,VVS2,CVD,IGI,-,EX,EX,2,27520.0,161.8824
A,carat_bucket+Shape+Color+Clarity+TypeName+Report+Cut+Polish+Symmetry,3.00-3.99,ASSCHER,E,VVS2,CVD,IGI,-,EX,EX,4,24802.024035,145.8943
A,carat_bucket+Shape+Color+Clarity+TypeName+Report+Cut+Polish+Symmetry,3.00-3.99,CUSHION,D,VS1,CVD,IGI,-,EX,EX,7,23529.139073,138.4067
A,carat_bucket+Shape+Color+Clarity+TypeName+Report+Cut+Polish+Symmetry,3.00-3.99,CUSHION,D,VVS2,CVD,IGI,-,EX,EX,11,26832.55814,157.8386
A,carat_bucket+Shape+Color+Clarity+TypeName+Report+Cut+Polish+Symmetry,3.00-3.99,CUSHION,D,VVS2,HPHT,IGI,-,EX,EX,2,30597.058824,179.9827
A,carat_bucket+Shape+Color+Clarity+TypeName+Report+Cut+Polish+Symmetry,3.00-3.99,CUSHION,E,VS1,CVD,IGI,-,EX,EX,15,22216.831683,130.6872
A,carat_bucket+Shape+Color+Clarity+TypeName+Report+Cut+Polish+Symmetry,3.00-3.99,CUSHION,E,VS1,CVD,IGI,-,VG,VG,1,30931.677019,181.951
A,carat_bucket+Shape+Color+Clarity+TypeName+Report+Cut+Polish+Symmetry,3.00-3.99,CUSHION,E,VS1,CVD,IGI,长垫形,EX,EX,1,33906.976744,199.4528
A,carat_bucket+Shape+Color+Clarity+TypeName+Report+Cut+Polish+Symmetry,3.00-3.99,CUSHION,E,VS2,CVD,IGI,-,EX,EX,1,26285.714286,154.6218
A,carat_bucket+Shape+Color+Clarity+TypeName+Report+Cut+Polish+Symmetry,3.00-3.99,CUSHION,E,VVS1,CVD,IGI,长垫形,EX,EX,1,38411.764706,225.9516
A,carat_bucket+Shape+Color+Clarity+TypeName+Report+Cut+Polish+Symmetry,3.00-3.99,CUSHION,E,VVS2,CVD,IGI,-,EX,EX,9,23958.278146,140.931
A,carat_bucket+Shape+Color+Clarity+TypeName+Report+Cut+Polish+Symmetry,3.00-3.99,CUSHION,F,VVS2,CVD,IGI,-,EX,EX,3,22724.252492,133.6721
A,carat_bucket+Shape+Color+Clarity+TypeName+Report+Cut+Polish+Symmetry,3.00-3.99,EMERALD,D,VS1,CVD,IGI,-,EX,EX,33,21511.881188,126.5405
A,carat_bucket+Shape+Color+Clarity+TypeName+Report+Cut+Polish+Symmetry,3.00-3.99,EMERALD,D,VS2,CVD,IGI,-,EX,EX,2,28655.739261,168.5632
A,carat_bucket+Shape+Color+Clarity+TypeName+Report+Cut+Polish+Symmetry,3.00-3.99,EMERALD,D,VVS1,CVD,IGI,-,EX,EX,1,37524.271845,220.731
A,carat_bucket+Shape+Color+Clarity+TypeName+Report+Cut+Polish+Symmetry,3.00-3.99,EMERALD,D,VVS2,CVD,IGI,-,EX,EX,36,28743.720688,169.0807
A,carat_bucket+Shape+Color+Clarity+TypeName+Report+Cut+Polish+Symmetry,3.00-3.99,EMERALD,E,VS1,CVD,IGI,-,EX,EX,56,19254.901961,113.2641
A,carat_bucket+Shape+Color+Clarity+TypeName+Report+Cut+Polish+Symmetry,3.00-3.99,EMERALD,E,VS1,CVD,IGI,-,VG,VG,1,32475.247525,191.0309
A,carat_bucket+Shape+Color+Clarity+TypeName+Report+Cut+Polish+Symmetry,3.00-3.99,EMERALD,E,VS2,CVD,IGI,-,EX,EX,6,19215.920268,113.0348
A,carat_bucket+Shape+Color+Clarity+TypeName+Report+Cut+Polish+Symmetry,3.00-3.99,EMERALD,E,VVS1,CVD,IGI,-,EX,EX,2,33079.316888,194.5842
A,carat_bucket+Shape+Color+Clarity+TypeName+Report+Cut+Polish+Symmetry,3.00-3.99,EMERALD,E,VVS2,CVD,IGI,-,EX,EX,59,20960.264901,123.2957
A,carat_bucket+Shape+Color+Clarity+TypeName+Report+Cut+Polish+Symmetry,3.00-3.99,EMERALD,F,VS1,CVD,IGI,-,EX,EX,7,18800.0,110.5882
A,carat_bucket+Shape+Color+Clarity+TypeName+Report+Cut+Polish+Symmetry,3.00-3.99,EMERALD,F,VS2,CVD,IGI,-,EX,EX,2,22076.318321,129.8607
A,carat_bucket+Shape+Color+Clarity+TypeName+Report+Cut+Polish+Symmetry,3.00-3.99,EMERALD,F,VVS1,CVD,IGI,-,EX,EX,1,28825.242718,169.5603
A,carat_bucket+Shape+Color+Clarity+TypeName+Report+Cut+Polish+Symmetry,3.00-3.99,EMERALD,F,VVS2,CVD,IGI,-,EX,EX,18,20616.972124,121.2763
A,carat_bucket+Shape+Color+Clarity+TypeName+Report+Cut+Polish+Symmetry,3.00-3.99,HEART,D,VS1,CVD,IGI,-,EX,EX,29,18471.568627,108.6563
A,carat_bucket+Shape+Color+Clarity+TypeName+Report+Cut+Polish+Symmetry,3.00-3.99,HEART,D,VVS2,CVD,IGI,-,EX,EX,45,21938.110749,129.0477
A,carat_bucket+Shape+Color+Clarity+TypeName+Report+Cut+Polish+Symmetry,3.00-3.99,HEART,D,VVS2,CVD,IGI,传统切,EX,EX,2,55227.272727,324.8663
A,carat_bucket+Shape+Color+Clarity+TypeName+Report+Cut+Polish+Symmetry,3.00-3.99,HEART,E,VS1,CVD,IGI,-,EX,EX,29,18389.508197,108.1736
A,carat_bucket+Shape+Color+Clarity+TypeName+Report+Cut+Polish+Symmetry,3.00-3.99,HEART,E,VS2,CVD,IGI,传统切,EX,EX,1,38096.02649,224.0943
A,carat_bucket+Shape+Color+Clarity+TypeName+Report+Cut+Polish+Symmetry,3.00-3.99,HEART,E,VVS1,CVD,IGI,-,EX,EX,1,53264.705882,313.3218
A,carat_bucket+Shape+Color+Clarity+TypeName+Report+Cut+Polish+Symmetry,3.00-3.99,HEART,E,VVS2,CVD,IGI,-,EX,EX,24,18912.621359,111.2507
A,carat_bucket+Shape+Color+Clarity+TypeName+Report+Cut+Polish+Symmetry,3.00-3.99,HEART,F,VS1,CVD,IGI,-,EX,EX,2,19894.50971,117.0265
A,carat_bucket+Shape+Color+Clarity+TypeName+Report+Cut+Polish+Symmetry,3.00-3.99,HEART,F,VVS1,CVD,IGI,-,EX,EX,1,39971.698113,235.1276
A,carat_bucket+Shape+Color+Clarity+TypeName+Report+Cut+Polish+Symmetry,3.00-3.99,HEART,F,VVS2,CVD,IGI,-,EX,EX,5,17920.792079,105.4164
A,carat_bucket+Shape+Color+Clarity+TypeName+Report+Cut+Polish+Symmetry,3.00-3.99,MARQUISE,D,VS1,CVD,IGI,-,EX,EX,10,27978.919415,164.5819
A,carat_bucket+Shape+Color+Clarity+TypeName+Report+Cut+Polish+Symmetry,3.00-3.99,MARQUISE,E,VS1,CVD,IGI,-,EX,EX,19,22389.108911,131.7006
A,carat_bucket+Shape+Color+Clarity+TypeName+Report+Cut+Polish+Symmetry,3.00-3.99,MARQUISE,E,VVS1,CVD,IGI,-,EX,EX,1,47262.458472,278.0145
A,carat_bucket+Shape+Color+Clarity+TypeName+Report+Cut+Polish+Symmetry,3.00-3.99,MARQUISE,E,VVS2,CVD,IGI,-,EX,EX,25,23681.063123,139.3004
A,carat_bucket+Shape+Color+Clarity+TypeName+Report+Cut+Polish+Symmetry,3.00-3.99,MARQUISE,E,VVS2,HPHT,IGI,-,EX,EX,1,23631.229236,139.0072
A,carat_bucket+Shape+Color+Clarity+TypeName+Report+Cut+Polish+Symmetry,3.00-3.99,MARQUISE,F,VVS2,CVD,IGI,-,EX,EX,3,32681.564246,192.2445
A,carat_bucket+Shape+Color+Clarity+TypeName+Report+Cut+Polish+Symmetry,3.00-3.99,OVAL,D,VS1,CVD,IGI,-,EX,EX,49,26000.0,152.9412
A,carat_bucket+Shape+Color+Clarity+TypeName+Report+Cut+Polish+Symmetry,3.00-3.99,OVAL,D,VS1,CVD,IGI,传统切,EX,EX,1,36468.438538,214.5202
A,carat_bucket+Shape+Color+Clarity+TypeName+Report+Cut+Polish+Symmetry,3.00-3.99,OVAL,D,VS2,CVD,IGI,-,EX,EX,6,22923.58804,134.8446
A,carat_bucket+Shape+Color+Clarity+TypeName+Report+Cut+Polish+Symmetry,3.00-3.99,OVAL,D,VS2,HPHT,IGI,-,EX,EX,1,20541.528239,120.8325
A,carat_bucket+Shape+Color+Clarity+TypeName+Report+Cut+Polish+Symmetry,3.00-3.99,OVAL,D,VVS1,CVD,IGI,-,EX,EX,1,44850.498339,263.8265
A,carat_bucket+Shape+Color+Clarity+TypeName+Report+Cut+Polish+Symmetry,3.00-3.99,OVAL,D,VVS1,HPHT,IGI,-,EX,EX,3,45049.50495,264.9971
A,carat_bucket+Shape+Color+Clarity+TypeName+Report+Cut+Polish+Symmetry,3.00-3.99,OVAL,D,VVS2,CVD,IGI,-,EX,EX,37,27886.363636,164.0374
A,carat_bucket+Shape+Color+Clarity+TypeName+Report+Cut+Polish+Symmetry,3.00-3.99,OVAL,D,VVS2,HPHT,IGI,-,EX,EX,2,30863.859649,181.5521
A,carat_bucket+Shape+Color+Clarity+TypeName+Report+Cut+Polish+Symmetry,3.00-3.99,OVAL,E,VS1,CVD,IGI,-,EX,EX,128,21339.805825,125.5283
A,carat_bucket+Shape+Color+Clarity+TypeName+Report+Cut+Polish+Symmetry,3.00-3.99,OVAL,E,VS2,CVD,IGI,-,EX,EX,5,20907.615894,122.986
A,carat_bucket+Shape+Color+Clarity+TypeName+Report+Cut+Polish+Symmetry,3.00-3.99,OVAL,E,VVS2,CVD,IGI,-,EX,EX,133,21600.0,127.0588
A,carat_bucket+Shape+Color+Clarity+TypeName+Report+Cut+Polish+Symmetry,3.00-3.99,OVAL,E,VVS2,CVD,IGI,冰花切,EX,EX,3,33633.116883,197.8419
A,carat_bucket+Shape+Color+Clarity+TypeName+Report+Cut+Polish+Symmetry,3.00-3.99,OVAL,F,VS1,CVD,IGI,-,EX,EX,20,19125.201607,112.5012
A,carat_bucket+Shape+Color+Clarity+TypeName+Report+Cut+Polish+Symmetry,3.00-3.99,OVAL,F,VS2,CVD,IGI,-,EX,EX,1,19517.940199,114.8114
A,carat_bucket+Shape+Color+Clarity+TypeName+Report+Cut+Polish+Symmetry,3.00-3.99,OVAL,F,VVS1,CVD,IGI,冰花切,EX,EX,2,29445.484748,173.2087
A,carat_bucket+Shape+Color+Clarity+TypeName+Report+Cut+Polish+Symmetry,3.00-3.99,OVAL,F,VVS2,CVD,IGI,-,EX,EX,59,19250.0,113.2353
A,carat_bucket+Shape+Color+Clarity+TypeName+Report+Cut+Polish+Symmetry,3.00-3.99,OVAL,F,VVS2,CVD,IGI,冰花切,EX,EX,1,25669.902913,150.9994
A,carat_bucket+Shape+Color+Clarity+TypeName+Report+Cut+Polish+Symmetry,3.00-3.99,PEAR,D,VS1,CVD,IGI,-,EX,EX,31,27467.532468,161.5737
A,carat_bucket+Shape+Color+Clarity+TypeName+Report+Cut+Polish+Symmetry,3.00-3.99,PEAR,D,VS2,CVD,IGI,-,EX,EX,2,24569.604575,144.5271
A,carat_bucket+Shape+Color+Clarity+TypeName+Report+Cut+Polish+Symmetry,3.00-3.99,PEAR,D,VVS2,CVD,IGI,-,EX,EX,6,36764.479787,216.2616
A,carat_bucket+Shape+Color+Clarity+TypeName+Report+Cut+Polish+Symmetry,3.00-3.99,PEAR,D,VVS2,CVD,IGI,传统切,EX,EX,2,38424.962293,226.0292
A,carat_bucket+Shape+Color+Clarity+TypeName+Report+Cut+Polish+Symmetry,3.00-3.99,PEAR,D,VVS2,CVD,IGI,冰花切,EX,EX,2,35724.529617,210.1443
A,carat_bucket+Shape+Color+Clarity+TypeName+Report+Cut+Polish+Symmetry,3.00-3.99,PEAR,E,VS1,CVD,IGI,-,EX,EX,41,19603.278689,115.3134
A,carat_bucket+Shape+Color+Clarity+TypeName+Report+Cut+Polish+Symmetry,3.00-3.99,PEAR,E,VS2,CVD,IGI,-,EX,EX,4,19012.621359,111.8389
A,carat_bucket+Shape+Color+Clarity+TypeName+Report+Cut+Polish+Symmetry,3.00-3.99,PEAR,E,VS2,CVD,IGI,冰花切,EX,EX,1,31644.518272,186.1442
A,carat_bucket+Shape+Color+Clarity+TypeName+Report+Cut+Polish+Symmetry,3.00-3.99,PEAR,E,VVS2,CVD,IGI,-,EX,EX,39,21580.0,126.9412
A,carat_bucket+Shape+Color+Clarity+TypeName+Report+Cut+Polish+Symmetry,3.00-3.99,PEAR,F,VS1,CVD,IGI,-,EX,EX,19,18671.052632,109.8297
A,carat_bucket+Shape+Color+Clarity+TypeName+Report+Cut+Polish+Symmetry,3.00-3.99,PEAR,F,VS2,CVD,IGI,-,EX,EX,1,19247.682119,113.2217
A,carat_bucket+Shape+Color+Clarity+TypeName+Report+Cut+Polish+Symmetry,3.00-3.99,PEAR,F,VVS1,CVD,IGI,-,EX,EX,1,28470.198675,167.4718
A,carat_bucket+Shape+Color+Clarity+TypeName+Report+Cut+Polish+Symmetry,3.00-3.99,PEAR,F,VVS2,CVD,IGI,-,EX,EX,27,20662.251656,121.5427
A,carat_bucket+Shape+Color+Clarity+TypeName+Report+Cut+Polish+Symmetry,3.00-3.99,PEAR,G,VVS1,HPHT,IGI,-,EX,EX,1,16037.735849,94.3396
A,carat_bucket+Shape+Color+Clarity+TypeName+Report+Cut+Polish+Symmetry,3.00-3.99,PRINCESS,D,VS1,CVD,IGI,-,EX,EX,15,28399.41691,167.0554
A,carat_bucket+Shape+Color+Clarity+TypeName+Report+Cut+Polish+Symmetry,3.00-3.99,PRINCESS,D,VS2,CVD,IGI,-,EX,EX,1,29180.0,171.6471
A,carat_bucket+Shape+Color+Clarity+TypeName+Report+Cut+Polish+Symmetry,3.00-3.99,PRINCESS,D,VVS1,CVD,IGI,-,EX,EX,2,37646.170172,221.4481
A,carat_bucket+Shape+Color+Clarity+TypeName+Report+Cut+Polish+Symmetry,3.00-3.99,PRINCESS,D,VVS2,CVD,IGI,-,EX,EX,57,32970.873786,193.9463
A,carat_bucket+Shape+Color+Clarity+TypeName+Report+Cut+Polish+Symmetry,3.00-3.99,PRINCESS,E,VS1,CVD,IGI,-,EX,EX,6,27191.314701,159.9489
A,carat_bucket+Shape+Color+Clarity+TypeName+Report+Cut+Polish+Symmetry,3.00-3.99,PRINCESS,E,VS2,CVD,IGI,-,EX,EX,1,26423.84106,155.4344
A,carat_bucket+Shape+Color+Clarity+TypeName+Report+Cut+Polish+Symmetry,3.00-3.99,PRINCESS,E,VVS1,CVD,IGI,-,EX,EX,7,32571.428571,191.5966
A,carat_bucket+Shape+Color+Clarity+TypeName+Report+Cut+Polish+Symmetry,3.00-3.99,PRINCESS,E,VVS2,CVD,IGI,-,EX,EX,24,29921.568627,176.0092
A,carat_bucket+Shape+Color+Clarity+TypeName+Report+Cut+Polish+Symmetry,3.00-3.99,PRINCESS,F,VS1,CVD,IGI,-,-,-,1,26292.134831,154.6596
A,carat_bucket+Shape+Color+Clarity+TypeName+Report+Cut+Polish+Symmetry,3.00-3.99,PRINCESS,F,VVS2,CVD,IGI,-,EX,EX,7,27214.285714,160.084
A,carat_bucket+Shape+Color+Clarity+TypeName+Report+Cut+Polish+Symmetry,3.00-3.99,PRINCESS,G,VS1,CVD,IGI,-,EX,VG,1,26292.358804,154.6609
A,carat_bucket+Shape+Color+Clarity+TypeName+Report+Cut+Polish+Symmetry,3.00-3.99,RADIANT,D,VS1,CVD,IGI,-,-,-,2,32477.000635,191.0412
A,carat_bucket+Shape+Color+Clarity+TypeName+Report+Cut+Polish+Symmetry,3.00-3.99,RADIANT,D,VS1,CVD,IGI,-,EX,EX,35,22225.913621,130.7407
A,carat_bucket+Shape+Color+Clarity+TypeName+Report+Cut+Polish+Symmetry,3.00-3.99,RADIANT,D,VVS2,CVD,IGI,-,EX,EX,25,25415.841584,149.505
A,carat_bucket+Shape+Color+Clarity+TypeName+Report+Cut+Polish+Symmetry,3.00-3.99,RADIANT,E,VS1,CVD,IGI,-,EX,EX,26,20544.554455,120.8503
A,carat_bucket+Shape+Color+Clarity+TypeName+Report+Cut+Polish+Symmetry,3.00-3.99,RADIANT,E,VVS2,CVD,IGI,-,EX,EX,35,21358.609272,125.6389
A,carat_bucket+Shape+Color+Clarity+TypeName+Report+Cut+Polish+Symmetry,3.00-3.99,RADIANT,F,VVS2,CVD,IGI,-,EX,EX,6,20065.14658,118.0303
A,carat_bucket+Shape+Color+Clarity+TypeName+Report+Cut+Polish+Symmetry,3.00-3.99,ROUND,D,SI1,CVD,IGI,ID,EX,EX,1,23754.901961,139.7347
A,carat_bucket+Shape+Color+Clarity+TypeName+Report+Cut+Polish+Symmetry,3.00-3.99,ROUND,D,VS1,CVD,IGI,EX,EX,EX,5,25813.953488,151.8468
A,carat_bucket+Shape+Color+Clarity+TypeName+Report+Cut+Polish+Symmetry,3.00-3.99,ROUND,D,VS1,CVD,IGI,ID,EX,EX,26,26139.0,153.7588
A,carat_bucket+Shape+Color+Clarity+TypeName+Report+Cut+Polish+Symmetry,3.00-3.99,ROUND,D,VS1,HPHT,IGI,ID,EX,EX,1,25965.89404,152.7406
A,carat_bucket+Shape+Color+Clarity+TypeName+Report+Cut+Polish+Symmetry,3.00-3.99,ROUND,D,VS2,CVD,IGI,ID,EX,EX,5,24464.705882,143.91
A,carat_bucket+Shape+Color+Clarity+TypeName+Report+Cut+Polish+Symmetry,3.00-3.99,ROUND,D,VS2,HPHT,IGI,EX,EX,EX,1,24867.109635,146.2771
A,carat_bucket+Shape+Color+Clarity+TypeName+Report+Cut+Polish+Symmetry,3.00-3.99,ROUND,D,VS2,HPHT,IGI,ID,EX,EX,2,24262.624511,142.7213
A,carat_bucket+Shape+Color+Clarity+TypeName+Report+Cut+Polish+Symmetry,3.00-3.99,ROUND,D,VVS1,HPHT,IGI,EX,EX,EX,1,56511.627907,332.4213
A,carat_bucket+Shape+Color+Clarity+TypeName+Report+Cut+Polish+Symmetry,3.00-3.99,ROUND,D,VVS1,HPHT,IGI,ID,EX,EX,25,55953.947368,329.1409
A,carat_bucket+Shape+Color+Clarity+TypeName+Report+Cut+Polish+Symmetry,3.00-3.99,ROUND,D,VVS2,CVD,IGI,EX,EX,EX,18,31065.789474,182.7399
A,carat_bucket+Shape+Color+Clarity+TypeName+Report+Cut+Polish+Symmetry,3.00-3.99,ROUND,D,VVS2,CVD,IGI,ID,EX,EX,95,30862.745098,181.5456
A,carat_bucket+Shape+Color+Clarity+TypeName+Report+Cut+Polish+Symmetry,3.00-3.99,ROUND,D,VVS2,HPHT,IGI,EX,EX,EX,3,30764.705882,180.9689
A,carat_bucket+Shape+Color+Clarity+TypeName+Report+Cut+Polish+Symmetry,3.00-3.99,ROUND,D,VVS2,HPHT,IGI,ID,EX,EX,30,31670.688935,186.2982
A,carat_bucket+Shape+Color+Clarity+TypeName+Report+Cut+Polish+Symmetry,3.00-3.99,ROUND,E,VS1,CVD,IGI,EX,EX,EX,14,28053.287721,165.0193
A,carat_bucket+Shape+Color+Clarity+TypeName+Report+Cut+Polish+Symmetry,3.00-3.99,ROUND,E,VS1,CVD,IGI,ID,EX,EX,168,18498.33887,108.8138
A,carat_bucket+Shape+Color+Clarity+TypeName+Report+Cut+Polish+Symmetry,3.00-3.99,ROUND,E,VS2,CVD,IGI,EX,EX,EX,1,25107.843137,147.6932
A,carat_bucket+Shape+Color+Clarity+TypeName+Report+Cut+Polish+Symmetry,3.00-3.99,ROUND,E,VS2,CVD,IGI,ID,EX,EX,4,18567.207547,109.2189
A,carat_bucket+Shape+Color+Clarity+TypeName+Report+Cut+Polish+Symmetry,3.00-3.99,ROUND,E,VVS1,CVD,IGI,ID,EX,EX,15,36146.103896,212.6241
A,carat_bucket+Shape+Color+Clarity+TypeName+Report+Cut+Polish+Symmetry,3.00-3.99,ROUND,E,VVS2,CVD,IGI,EX,EX,EX,41,19144.736842,112.6161
A,carat_bucket+Shape+Color+Clarity+TypeName+Report+Cut+Polish+Symmetry,3.00-3.99,ROUND,E,VVS2,CVD,IGI,ID,EX,EX,450,18576.15894,109.2715
A,carat_bucket+Shape+Color+Clarity+TypeName+Report+Cut+Polish+Symmetry,3.00-3.99,ROUND,E,VVS2,HPHT,IGI,EX,EX,EX,4,20715.686275,121.857
A,carat_bucket+Shape+Color+Clarity+TypeName+Report+Cut+Polish+Symmetry,3.00-3.99,ROUND,E,VVS2,HPHT,IGI,ID,EX,EX,19,19268.852459,113.3462
A,carat_bucket+Shape+Color+Clarity+TypeName+Report+Cut+Polish+Symmetry,3.00-3.99,ROUND,F,VS1,CVD,IGI,EX,EX,EX,14,23354.304636,137.3783
A,carat_bucket+Shape+Color+Clarity+TypeName+Report+Cut+Polish+Symmetry,3.00-3.99,ROUND,F,VS1,CVD,IGI,ID,EX,EX,26,18646.751447,109.6868
A,carat_bucket+Shape+Color+Clarity+TypeName+Report+Cut+Polish+Symmetry,3.00-3.99,ROUND,F,VS1,CVD,IGI,VG,EX,EX,1,23510.0,138.2941
A,carat_bucket+Shape+Color+Clarity+TypeName+Report+Cut+Polish+Symmetry,3.00-3.99,ROUND,F,VS2,CVD,IGI,EX,EX,EX,4,19106.523179,112.3913
A,carat_bucket+Shape+Color+Clarity+TypeName+Report+Cut+Polish+Symmetry,3.00-3.99,ROUND,F,VS2,CVD,IGI,ID,EX,EX,4,19011.622189,111.8331
A,carat_bucket+Shape+Color+Clarity+TypeName+Report+Cut+Polish+Symmetry,3.00-3.99,ROUND,F,VVS2,CVD,IGI,EX,EX,EX,9,20860.927152,122.7113
A,carat_bucket+Shape+Color+Clarity+TypeName+Report+Cut+Polish+Symmetry,3.00-3.99,ROUND,F,VVS2,CVD,IGI,ID,EX,EX,20,19918.674757,117.1687
A,carat_bucket+Shape+Color+Clarity+TypeName+Report+Cut+Polish+Symmetry,3.00-3.99,ROUND,F,VVS2,HPHT,IGI,ID,EX,EX,1,19067.647059,112.1626
A,carat_bucket+Shape+Color+Clarity+TypeName+Report+Cut+Polish+Symmetry,3.00-3.99,SQUARE,D,VS1,CVD,IGI,-,EX,EX,13,30019.417476,176.5848
A,carat_bucket+Shape+Color+Clarity+TypeName+Report+Cut+Polish+Symmetry,3.00-3.99,SQUARE,D,VS2,CVD,IGI,-,EX,EX,4,27916.761543,164.2162
A,carat_bucket+Shape+Color+Clarity+TypeName+Report+Cut+Polish+Symmetry,3.00-3.99,SQUARE,D,VVS1,CVD,IGI,-,EX,EX,9,37221.498371,218.95
A,carat_bucket+Shape+Color+Clarity+TypeName+Report+Cut+Polish+Symmetry,3.00-3.99,SQUARE,D,VVS2,CVD,IGI,-,EX,EX,26,33741.386328,198.4787
A,carat_bucket+Shape+Color+Clarity+TypeName+Report+Cut+Polish+Symmetry,3.00-3.99,SQUARE,E,VS1,CVD,IGI,-,EX,EX,13,26578.378378,156.3434
A,carat_bucket+Shape+Color+Clarity+TypeName+Report+Cut+Polish+Symmetry,3.00-3.99,SQUARE,E,VVS1,CVD,IGI,-,EX,EX,9,34066.666667,200.3922
A,carat_bucket+Shape+Color+Clarity+TypeName+Report+Cut+Polish+Symmetry,3.00-3.99,SQUARE,E,VVS2,CVD,IGI,-,EX,EX,30,34029.126214,200.1713
A,carat_bucket+Shape+Color+Clarity+TypeName+Report+Cut+Polish+Symmetry,3.00-3.99,SQUARE,F,VS1,CVD,IGI,-,-,-,1,26292.682927,154.6628
A,carat_bucket+Shape+Color+Clarity+TypeName+Report+Cut+Polish+Symmetry,3.00-3.99,SQUARE,F,VS1,CVD,IGI,-,EX,EX,3,27088.235294,159.3426
A,carat_bucket+Shape+Color+Clarity+TypeName+Report+Cut+Polish+Symmetry,3.00-3.99,SQUARE,F,VS1,CVD,IGI,-,EX,VG,1,26297.297297,154.69
A,carat_bucket+Shape+Color+Clarity+TypeName+Report+Cut+Polish+Symmetry,3.00-3.99,SQUARE,F,VS2,CVD,IGI,-,EX,EX,1,24825.242718,146.0308
A,carat_bucket+Shape+Color+Clarity+TypeName+Report+Cut+Polish+Symmetry,3.00-3.99,SQUARE,F,VVS2,CVD,IGI,-,-,-,1,26288.659794,154.6392
A,carat_bucket+Shape+Color+Clarity+TypeName+Report+Cut+Polish+Symmetry,3.00-3.99,SQUARE,F,VVS2,CVD,IGI,-,EX,EX,1,28612.37785,168.3081
A,carat_bucket+Shape+Color+Clarity+TypeName+Report+Cut+Polish+Symmetry,4.00-4.99,ASSCHER,E,VVS2,CVD,IGI,-,EX,EX,1,31739.856802,186.705
A,carat_bucket+Shape+Color+Clarity+TypeName+Report+Cut+Polish+Symmetry,4.00-4.99,CUSHION,D,VS1,CVD,IGI,-,EX,EX,1,33073.170732,194.5481
A,carat_bucket+Shape+Color+Clarity+TypeName+Report+Cut+Polish+Symmetry,4.00-4.99,CUSHION,D,VVS2,CVD,IGI,-,EX,EX,2,40418.037994,237.7532
A,carat_bucket+Shape+Color+Clarity+TypeName+Report+Cut+Polish+Symmetry,4.00-4.99,CUSHION,E,VS1,CVD,IGI,-,EX,EX,2,31131.082542,183.124
A,carat_bucket+Shape+Color+Clarity+TypeName+Report+Cut+Polish+Symmetry,4.00-4.99,CUSHION,E,VVS2,CVD,IGI,-,EX,EX,1,31280.487805,184.0029
A,carat_bucket+Shape+Color+Clarity+TypeName+Report+Cut+Polish+Symmetry,4.00-4.99,CUSHION,F,VVS2,CVD,IGI,-,EX,EX,1,30774.193548,181.0247
A,carat_bucket+Shape+Color+Clarity+TypeName+Report+Cut+Polish+Symmetry,4.00-4.99,CUSHION,G,VS1,CVD,IGI,-,EX,EX,1,26292.383292,154.6611
A,carat_bucket+Shape+Color+Clarity+TypeName+Report+Cut+Polish+Symmetry,4.00-4.99,EMERALD,D,VS1,CVD,IGI,-,EX,EX,3,26299.7543,154.7044
A,carat_bucket+Shape+Color+Clarity+TypeName+Report+Cut+Polish+Symmetry,4.00-4.99,EMERALD,D,VVS2,CVD,IGI,-,EX,EX,1,31254.950495,183.8526
A,carat_bucket+Shape+Color+Clarity+TypeName+Report+Cut+Polish+Symmetry,4.00-4.99,EMERALD,D,VVS2,HPHT,IGI,-,EX,EX,1,31199.259259,183.5251
A,carat_bucket+Shape+Color+Clarity+TypeName+Report+Cut+Polish+Symmetry,4.00-4.99,EMERALD,E,VS1,CVD,IGI,-,EX,EX,10,22075.609756,129.8565
A,carat_bucket+Shape+Color+Clarity+TypeName+Report+Cut+Polish+Symmetry,4.00-4.99,EMERALD,E,VVS2,CVD,IGI,-,EX,EX,6,25647.678275,150.8687
A,carat_bucket+Shape+Color+Clarity+TypeName+Report+Cut+Polish+Symmetry,4.00-4.99,EMERALD,E,VVS2,HPHT,IGI,-,EX,EX,1,26162.094763,153.8947
A,carat_bucket+Shape+Color+Clarity+TypeName+Report+Cut+Polish+Symmetry,4.00-4.99,EMERALD,F,VS1,CVD,IGI,-,EX,EX,2,20689.655172,121.7039
A,carat_bucket+Shape+Color+Clarity+TypeName+Report+Cut+Polish+Symmetry,4.00-4.99,HEART,D,VS1,CVD,IGI,-,EX,EX,1,32738.498789,192.5794
A,carat_bucket+Shape+Color+Clarity+TypeName+Report+Cut+Polish+Symmetry,4.00-4.99,HEART,D,VVS2,CVD,IGI,-,EX,EX,3,40358.208955,237.4012
A,carat_bucket+Shape+Color+Clarity+TypeName+Report+Cut+Polish+Symmetry,4.00-4.99,HEART,D,VVS2,CVD,IGI,传统切,EX,EX,1,52034.739454,306.0867
A,carat_bucket+Shape+Color+Clarity+TypeName+Report+Cut+Polish+Symmetry,4.00-4.99,HEART,E,VS1,CVD,IGI,-,EX,EX,6,28132.576571,165.4857
A,carat_bucket+Shape+Color+Clarity+TypeName+Report+Cut+Polish+Symmetry,4.00-4.99,HEART,E,VVS2,CVD,IGI,-,EX,EX,1,30916.507177,181.8618
A,carat_bucket+Shape+Color+Clarity+TypeName+Report+Cut+Polish+Symmetry,4.00-4.99,MARQUISE,D,VS1,CVD,IGI,-,EX,EX,4,31303.864522,184.1404
A,carat_bucket+Shape+Color+Clarity+TypeName+Report+Cut+Polish+Symmetry,4.00-4.99,MARQUISE,D,VVS2,CVD,IGI,-,EX,EX,3,47782.5,281.0735
A,carat_bucket+Shape+Color+Clarity+TypeName+Report+Cut+Polish+Symmetry,4.00-4.99,MARQUISE,E,VS1,CVD,IGI,-,EX,EX,16,26406.025825,155.3296
A,carat_bucket+Shape+Color+Clarity+TypeName+Report+Cut+Polish+Symmetry,4.00-4.99,MARQUISE,E,VVS2,CVD,IGI,-,EX,EX,9,32532.089552,191.3652
A,carat_bucket+Shape+Color+Clarity+TypeName+Report+Cut+Polish+Symmetry,4.00-4.99,MARQUISE,F,VS1,CVD,IGI,-,EX,EX,4,21560.665857,126.8274
A,carat_bucket+Shape+Color+Clarity+TypeName+Report+Cut+Polish+Symmetry,4.00-4.99,MARQUISE,F,VVS2,CVD,IGI,-,EX,EX,2,29777.408331,175.1612
A,carat_bucket+Shape+Color+Clarity+TypeName+Report+Cut+Polish+Symmetry,4.00-4.99,OVAL,D,VS1,CVD,IGI,-,EX,EX,12,26264.373464,154.4963
A,carat_bucket+Shape+Color+Clarity+TypeName+Report+Cut+Polish+Symmetry,4.00-4.99,OVAL,D,VVS2,CVD,IGI,-,EX,EX,11,32067.487685,188.6323
A,carat_bucket+Shape+Color+Clarity+TypeName+Report+Cut+Polish+Symmetry,4.00-4.99,OVAL,D,VVS2,HPHT,IGI,-,EX,EX,1,32183.168317,189.3128
A,carat_bucket+Shape+Color+Clarity+TypeName+Report+Cut+Polish+Symmetry,4.00-4.99,OVAL,E,VS1,CVD,IGI,-,EX,EX,31,21755.501222,127.9735
A,carat_bucket+Shape+Color+Clarity+TypeName+Report+Cut+Polish+Symmetry,4.00-4.99,OVAL,E,VS1,HPHT,IGI,EX,EX,EX,2,21886.699507,128.7453
A,carat_bucket+Shape+Color+Clarity+TypeName+Report+Cut+Polish+Symmetry,4.00-4.99,OVAL,E,VS2,CVD,IGI,-,EX,EX,1,21923.134328,128.9596
A,carat_bucket+Shape+Color+Clarity+TypeName+Report+Cut+Polish+Symmetry,4.00-4.99,OVAL,E,VVS2,CVD,IGI,-,EX,EX,55,23566.084788,138.624
A,carat_bucket+Shape+Color+Clarity+TypeName+Report+Cut+Polish+Symmetry,4.00-4.99,OVAL,F,VS1,CVD,IGI,-,EX,EX,3,22032.75,129.6044
A,carat_bucket+Shape+Color+Clarity+TypeName+Report+Cut+Polish+Symmetry,4.00-4.99,OVAL,F,VS2,CVD,IGI,-,EX,EX,1,21977.805486,129.2812
A,carat_bucket+Shape+Color+Clarity+TypeName+Report+Cut+Polish+Symmetry,4.00-4.99,OVAL,F,VVS2,CVD,IGI,-,EX,EX,1,20740.740741,122.0044
A,carat_bucket+Shape+Color+Clarity+TypeName+Report+Cut+Polish+Symmetry,4.00-4.99,PEAR,D,VS1,CVD,IGI,-,EX,EX,5,28555.555556,167.9739
A,carat_bucket+Shape+Color+Clarity+TypeName+Report+Cut+Polish+Symmetry,4.00-4.99,PEAR,D,VVS2,CVD,IGI,-,EX,EX,2,37146.598684,218.5094
A,carat_bucket+Shape+Color+Clarity+TypeName+Report+Cut+Polish+Symmetry,4.00-4.99,PEAR,E,VS1,CVD,IGI,-,EX,EX,16,24845.149254,146.1479
A,carat_bucket+Shape+Color+Clarity+TypeName+Report+Cut+Polish+Symmetry,4.00-4.99,PEAR,E,VS2,CVD,IGI,-,EX,EX,2,24352.607904,143.2506
A,carat_bucket+Shape+Color+Clarity+TypeName+Report+Cut+Polish+Symmetry,4.00-4.99,PEAR,E,VVS2,CVD,IGI,-,EX,EX,9,26977.61194,158.6918
A,carat_bucket+Shape+Color+Clarity+TypeName+Report+Cut+Polish+Symmetry,4.00-4.99,PEAR,F,VS1,CVD,IGI,-,EX,EX,3,22600.232019,132.9425
A,carat_bucket+Shape+Color+Clarity+TypeName+Report+Cut+Polish+Symmetry,4.00-4.99,PRINCESS,D,VS1,CVD,IGI,-,EX,EX,2,36163.432836,212.7261
A,carat_bucket+Shape+Color+Clarity+TypeName+Report+Cut+Polish+Symmetry,4.00-4.99,PRINCESS,D,VVS1,CVD,IGI,-,EX,EX,1,41896.551724,246.4503
A,carat_bucket+Shape+Color+Clarity+TypeName+Report+Cut+Polish+Symmetry,4.00-4.99,PRINCESS,D,VVS2,CVD,IGI,-,EX,EX,2,31312.415742,184.1907
A,carat_bucket+Shape+Color+Clarity+TypeName+Report+Cut+Polish+Symmetry,4.00-4.99,PRINCESS,E,VS1,CVD,IGI,-,EX,EX,1,23117.22488,135.9837
A,carat_bucket+Shape+Color+Clarity+TypeName+Report+Cut+Polish+Symmetry,4.00-4.99,PRINCESS,E,VVS2,CVD,IGI,-,EX,EX,1,26693.266833,157.0192
A,carat_bucket+Shape+Color+Clarity+TypeName+Report+Cut+Polish+Symmetry,4.00-4.99,PRINCESS,F,VS1,CVD,IGI,-,EX,EX,2,31252.31718,183.8372
A,carat_bucket+Shape+Color+Clarity+TypeName+Report+Cut+Polish+Symmetry,4.00-4.99,RADIANT,D,VS1,CVD,IGI,-,EX,EX,6,27602.189781,162.3658
A,carat_bucket+Shape+Color+Clarity+TypeName+Report+Cut+Polish+Symmetry,4.00-4.99,RADIANT,D,VVS2,CVD,IGI,-,EX,EX,7,39717.456359,233.6321
A,carat_bucket+Shape+Color+Clarity+TypeName+Report+Cut+Polish+Symmetry,4.00-4.99,RADIANT,E,VS1,CVD,IGI,-,EX,EX,7,25281.553398,148.715
A,carat_bucket+Shape+Color+Clarity+TypeName+Report+Cut+Polish+Symmetry,4.00-4.99,RADIANT,E,VVS2,CVD,IGI,-,EX,EX,7,28488.148148,167.5773
A,carat_bucket+Shape+Color+Clarity+TypeName+Report+Cut+Polish+Symmetry,4.00-4.99,RADIANT,F,VS1,CVD,IGI,-,EX,EX,2,24421.641791,143.6567
A,carat_bucket+Shape+Color+Clarity+TypeName+Report+Cut+Polish+Symmetry,4.00-4.99,RADIANT,F,VVS2,CVD,IGI,-,EX,EX,2,25248.143519,148.5185
A,carat_bucket+Shape+Color+Clarity+TypeName+Report+Cut+Polish+Symmetry,4.00-4.99,ROUND,D,VS1,CVD,IGI,EX,EX,EX,1,30406.403941,178.8612
A,carat_bucket+Shape+Color+Clarity+TypeName+Report+Cut+Polish+Symmetry,4.00-4.99,ROUND,D,VS1,CVD,IGI,ID,EX,EX,1,42415.9601,249.5056
A,carat_bucket+Shape+Color+Clarity+TypeName+Report+Cut+Polish+Symmetry,4.00-4.99,ROUND,D,VS1,HPHT,IGI,EX,EX,EX,1,31755.0,186.7941
A,carat_bucket+Shape+Color+Clarity+TypeName+Report+Cut+Polish+Symmetry,4.00-4.99,ROUND,D,VVS2,CVD,IGI,ID,EX,EX,4,50339.729132,296.1161
A,carat_bucket+Shape+Color+Clarity+TypeName+Report+Cut+Polish+Symmetry,4.00-4.99,ROUND,E,VS1,CVD,IGI,EX,EX,EX,9,21487.5,126.3971
A,carat_bucket+Shape+Color+Clarity+TypeName+Report+Cut+Polish+Symmetry,4.00-4.99,ROUND,E,VS1,CVD,IGI,ID,EX,EX,42,21433.915212,126.0819
A,carat_bucket+Shape+Color+Clarity+TypeName+Report+Cut+Polish+Symmetry,4.00-4.99,ROUND,E,VS2,CVD,IGI,ID,EX,EX,1,21923.134328,128.9596
A,carat_bucket+Shape+Color+Clarity+TypeName+Report+Cut+Polish+Symmetry,4.00-4.99,ROUND,E,VVS2,CVD,IGI,EX,EX,EX,8,23287.128713,136.9831
A,carat_bucket+Shape+Color+Clarity+TypeName+Report+Cut+Polish+Symmetry,4.00-4.99,ROUND,E,VVS2,CVD,IGI,ID,EX,EX,37,23466.583541,138.0387
A,carat_bucket+Shape+Color+Clarity+TypeName+Report+Cut+Polish+Symmetry,4.00-4.99,ROUND,E,VVS2,HPHT,IGI,EX,EX,EX,3,23313.432836,137.1378
A,carat_bucket+Shape+Color+Clarity+TypeName+Report+Cut+Polish+Symmetry,4.00-4.99,ROUND,E,VVS2,HPHT,IGI,ID,EX,EX,15,23371.571072,137.4798
A,carat_bucket+Shape+Color+Clarity+TypeName+Report+Cut+Polish+Symmetry,4.00-4.99,ROUND,F,VS1,CVD,IGI,ID,EX,EX,13,20573.566085,121.021
A,carat_bucket+Shape+Color+Clarity+TypeName+Report+Cut+Polish+Symmetry,4.00-4.99,ROUND,F,VS2,CVD,IGI,ID,EX,EX,1,18151.572327,106.774
A,carat_bucket+Shape+Color+Clarity+TypeName+Report+Cut+Polish+Symmetry,4.00-4.99,ROUND,F,VVS2,CVD,IGI,ID,EX,EX,11,22014.925373,129.4996
A,carat_bucket+Shape+Color+Clarity+TypeName+Report+Cut+Polish+Symmetry,4.00-4.99,SQUARE,D,VS1,CVD,IGI,-,EX,EX,4,33435.091278,196.677
A,carat_bucket+Shape+Color+Clarity+TypeName+Report+Cut+Polish+Symmetry,4.00-4.99,SQUARE,D,VS2,CVD,IGI,-,EX,EX,1,30314.214464,178.3189
A,carat_bucket+Shape+Color+Clarity+TypeName+Report+Cut+Polish+Symmetry,4.00-4.99,SQUARE,D,VVS1,CVD,IGI,-,EX,EX,1,39114.558473,230.0856
A,carat_bucket+Shape+Color+Clarity+TypeName+Report+Cut+Polish+Symmetry,4.00-4.99,SQUARE,D,VVS2,CVD,IGI,-,EX,EX,3,31496.932515,185.2761
A,carat_bucket+Shape+Color+Clarity+TypeName+Report+Cut+Polish+Symmetry,4.00-4.99,SQUARE,E,VS1,CVD,IGI,-,EX,EX,1,30249.388753,177.9376
A,carat_bucket+Shape+Color+Clarity+TypeName+Report+Cut+Polish+Symmetry,4.00-4.99,SQUARE,E,VVS2,CVD,IGI,-,EX,EX,3,35039.408867,206.1142
A,carat_bucket+Shape+Color+Clarity+TypeName+Report+Cut+Polish+Symmetry,4.00-4.99,SQUARE,F,VVS2,CVD,IGI,-,EX,EX,1,30592.105263,179.9536
A,carat_bucket+Shape+Color+Clarity+TypeName+Report+Cut+Polish+Symmetry,5.00-9.99,-,D,VVS1,CVD,IGI,-,EX,EX,1,79773.809524,469.2577
A,carat_bucket+Shape+Color+Clarity+TypeName+Report+Cut+Polish+Symmetry,5.00-9.99,-,D,VVS2,CVD,IGI,-,EX,EX,1,65423.076923,384.8416
A,carat_bucket+Shape+Color+Clarity+TypeName+Report+Cut+Polish+Symmetry,5.00-9.99,-,E,VVS1,CVD,IGI,-,EX,EX,1,60760.314342,357.4136
A,carat_bucket+Shape+Color+Clarity+TypeName+Report+Cut+Polish+Symmetry,5.00-9.99,-,E,VVS2,CVD,IGI,-,EX,EX,1,52177.91411,306.9289
A,carat_bucket+Shape+Color+Clarity+TypeName+Report+Cut+Polish+Symmetry,5.00-9.99,ASHOKA,E,VVS2,CVD,IGI,-,EX,EX,2,57167.84455,336.2814
A,carat_bucket+Shape+Color+Clarity+TypeName+Report+Cut+Polish+Symmetry,5.00-9.99,ASSCHER,E,VS1,CVD,IGI,-,EX,EX,5,27984.095427,164.6123
A,carat_bucket+Shape+Color+Clarity+TypeName+Report+Cut+Polish+Symmetry,5.00-9.99,ASSCHER,E,VVS2,CVD,IGI,-,EX,EX,3,29388.118812,172.8713
A,carat_bucket+Shape+Color+Clarity+TypeName+Report+Cut+Polish+Symmetry,5.00-9.99,CUSHION,D,VS1,CVD,IGI,-,EX,EX,2,28577.647059,168.1038
A,carat_bucket+Shape+Color+Clarity+TypeName+Report+Cut+Polish+Symmetry,5.00-9.99,CUSHION,D,VS1,CVD,IGI,长垫形,EX,EX,2,44104.943665,259.4408
A,carat_bucket+Shape+Color+Clarity+TypeName+Report+Cut+Polish+Symmetry,5.00-9.99,CUSHION,D,VVS1,CVD,IGI,-,EX,EX,3,45204.628502,265.9096
A,carat_bucket+Shape+Color+Clarity+TypeName+Report+Cut+Polish+Symmetry,5.00-9.99,CUSHION,D,VVS1,CVD,IGI,长垫形,EX,EX,6,57309.187242,337.1129
A,carat_bucket+Shape+Color+Clarity+TypeName+Report+Cut+Polish+Symmetry,5.00-9.99,CUSHION,D,VVS2,CVD,IGI,-,EX,EX,4,35093.687629,206.4335
A,carat_bucket+Shape+Color+Clarity+TypeName+Report+Cut+Polish+Symmetry,5.00-9.99,CUSHION,D,VVS2,CVD,IGI,长垫形,EX,EX,2,48230.145413,283.7067
A,carat_bucket+Shape+Color+Clarity+TypeName+Report+Cut+Polish+Symmetry,5.00-9.99,CUSHION,E,VS1,CVD,IGI,-,-,-,2,30928.498436,181.9323
A,carat_bucket+Shape+Color+Clarity+TypeName+Report+Cut+Polish+Symmetry,5.00-9.99,CUSHION,E,VS1,CVD,IGI,-,EX,EX,8,26620.240169,156.5896
A,carat_bucket+Shape+Color+Clarity+TypeName+Report+Cut+Polish+Symmetry,5.00-9.99,CUSHION,E,VS1,CVD,IGI,-,VG,VG,1,30930.83004,181.9461
A,carat_bucket+Shape+Color+Clarity+TypeName+Report+Cut+Polish+Symmetry,5.00-9.99,CUSHION,E,VS2,CVD,IGI,-,EX,VG,1,26294.455067,154.6733
A,carat_bucket+Shape+Color+Clarity+TypeName+Report+Cut+Polish+Symmetry,5.00-9.99,CUSHION,E,VVS1,CVD,IGI,-,EX,EX,1,46312.81198,272.4283
A,carat_bucket+Shape+Color+Clarity+TypeName+Report+Cut+Polish+Symmetry,5.00-9.99,CUSHION,E,VVS1,CVD,IGI,老矿切,EX,EX,1,53258.302583,313.2841
A,carat_bucket+Shape+Color+Clarity+TypeName+Report+Cut+Polish+Symmetry,5.00-9.99,CUSHION,E,VVS1,CVD,IGI,长垫形,EX,EX,4,46007.114346,270.6301
A,carat_bucket+Shape+Color+Clarity+TypeName+Report+Cut+Polish+Symmetry,5.00-9.99,CUSHION,E,VVS2,CVD,IGI,-,EX,EX,21,28813.664596,169.4921
A,carat_bucket+Shape+Color+Clarity+TypeName+Report+Cut+Polish+Symmetry,5.00-9.99,CUSHION,F,VS1,CVD,IGI,-,-,-,5,26290.113452,154.6477
A,carat_bucket+Shape+Color+Clarity+TypeName+Report+Cut+Polish+Symmetry,5.00-9.99,CUSHION,F,VS1,CVD,IGI,-,EX,VG,1,26288.571429,154.6387
A,carat_bucket+Shape+Color+Clarity+TypeName+Report+Cut+Polish+Symmetry,5.00-9.99,CUSHION,F,VS1,CVD,IGI,-,VG,VG,3,30929.104478,181.9359
A,carat_bucket+Shape+Color+Clarity+TypeName+Report+Cut+Polish+Symmetry,5.00-9.99,CUSHION,F,VS2,CVD,IGI,-,VG,VG,1,30929.36803,181.9375
A,carat_bucket+Shape+Color+Clarity+TypeName+Report+Cut+Polish+Symmetry,5.00-9.99,CUSHION,F,VVS1,CVD,IGI,-,EX,EX,4,33982.489897,199.897
A,carat_bucket+Shape+Color+Clarity+TypeName+Report+Cut+Polish+Symmetry,5.00-9.99,CUSHION,F,VVS1,CVD,IGI,长垫形,EX,EX,2,33723.689154,198.3746
A,carat_bucket+Shape+Color+Clarity+TypeName+Report+Cut+Polish+Symmetry,5.00-9.99,CUSHION,F,VVS2,CVD,IGI,-,EX,EX,1,31961.538462,188.009
A,carat_bucket+Shape+Color+Clarity+TypeName+Report+Cut+Polish+Symmetry,5.00-9.99,CUSHION,F,VVS2,CVD,IGI,-,VG,VG,1,26292.730845,154.6631
A,carat_bucket+Shape+Color+Clarity+TypeName+Report+Cut+Polish+Symmetry,5.00-9.99,CUSHION,G,VS1,CVD,IGI,-,EX,EX,2,28609.108911,168.2889
A,carat_bucket+Shape+Color+Clarity+TypeName+Report+Cut+Polish+Symmetry,5.00-9.99,CUSHION,G,VS1,CVD,IGI,-,VG,VG,1,30926.199262,181.9188
A,carat_bucket+Shape+Color+Clarity+TypeName+Report+Cut+Polish+Symmetry,5.00-9.99,CUSHION,G,VS2,CVD,IGI,-,VG,VG,1,30927.070457,181.9239
A,carat_bucket+Shape+Color+Clarity+TypeName+Report+Cut+Polish+Symmetry,5.00-9.99,EMERALD,D,VS1,CVD,IGI,-,EX,EX,13,32101.796407,188.8341
A,carat_bucket+Shape+Color+Clarity+TypeName+Report+Cut+Polish+Symmetry,5.00-9.99,EMERALD,D,VS2,CVD,IGI,-,EX,EX,2,26949.901768,158.5288
A,carat_bucket+Shape+Color+Clarity+TypeName+Report+Cut+Polish+Symmetry,5.00-9.99,EMERALD,D,VVS2,CVD,IGI,-,EX,EX,7,32980.413493,194.0024
A,carat_bucket+Shape+Color+Clarity+TypeName+Report+Cut+Polish+Symmetry,5.00-9.99,EMERALD,E,VS1,CVD,IGI,-,EX,EX,39,24600.0,144.7059
A,carat_bucket+Shape+Color+Clarity+TypeName+Report+Cut+Polish+Symmetry,5.00-9.99,EMERALD,E,VS2,CVD,IGI,-,EX,EX,1,26891.304348,158.1841
A,carat_bucket+Shape+Color+Clarity+TypeName+Report+Cut+Polish+Symmetry,5.00-9.99,EMERALD,E,VVS2,CVD,IGI,-,EX,EX,59,25982.905983,152.8406
A,carat_bucket+Shape+Color+Clarity+TypeName+Report+Cut+Polish+Symmetry,5.00-9.99,EMERALD,F,VS1,CVD,IGI,-,EX,EX,20,22074.089027,129.8476
A,carat_bucket+Shape+Color+Clarity+TypeName+Report+Cut+Polish+Symmetry,5.00-9.99,EMERALD,F,VS2,CVD,IGI,-,EX,EX,1,24694.610778,145.2624
A,carat_bucket+Shape+Color+Clarity+TypeName+Report+Cut+Polish+Symmetry,5.00-9.99,EMERALD,F,VVS1,CVD,IGI,-,EX,EX,1,32359.030837,190.3472
A,carat_bucket+Shape+Color+Clarity+TypeName+Report+Cut+Polish+Symmetry,5.00-9.99,EMERALD,F,VVS2,CVD,IGI,-,EX,EX,33,25573.770492,150.4339
A,carat_bucket+Shape+Color+Clarity+TypeName+Report+Cut+Polish+Symmetry,5.00-9.99,EMERALD,G,VS1,CVD,IGI,-,EX,EX,2,20423.577397,120.1387
A,carat_bucket+Shape+Color+Clarity+TypeName+Report+Cut+Polish+Symmetry,5.00-9.99,HEART,D,VS1,CVD,IGI,-,EX,EX,10,35558.067729,209.1651
A,carat_bucket+Shape+Color+Clarity+TypeName+Report+Cut+Polish+Symmetry,5.00-9.99,HEART,D,VS1,CVD,IGI,传统切,EX,EX,1,57071.428571,335.7143
A,carat_bucket+Shape+Color+Clarity+TypeName+Report+Cut+Polish+Symmetry,5.00-9.99,HEART,D,VVS1,CVD,IGI,-,EX,EX,2,65254.96431,383.8527
A,carat_bucket+Shape+Color+Clarity+TypeName+Report+Cut+Polish+Symmetry,5.00-9.99,HEART,D,VVS1,CVD,IGI,传统切,EX,EX,1,72913.555992,428.9033
A,carat_bucket+Shape+Color+Clarity+TypeName+Report+Cut+Polish+Symmetry,5.00-9.99,HEART,D,VVS2,CVD,IGI,-,EX,EX,10,41757.386139,245.6317
A,carat_bucket+Shape+Color+Clarity+TypeName+Report+Cut+Polish+Symmetry,5.00-9.99,HEART,D,VVS2,CVD,IGI,-,VG,VG,1,42461.966605,249.7763
A,carat_bucket+Shape+Color+Clarity+TypeName+Report+Cut+Polish+Symmetry,5.00-9.99,HEART,D,VVS2,CVD,IGI,冰花切,EX,EX,3,55103.448276,324.1379
A,carat_bucket+Shape+Color+Clarity+TypeName+Report+Cut+Polish+Symmetry,5.00-9.99,HEART,D,VVS2,HPHT,IGI,-,EX,EX,1,41701.789264,245.3046
A,carat_bucket+Shape+Color+Clarity+TypeName+Report+Cut+Polish+Symmetry,5.00-9.99,HEART,E,VS1,CVD,IGI,-,EX,EX,11,32040.540541,188.4738
A,carat_bucket+Shape+Color+Clarity+TypeName+Report+Cut+Polish+Symmetry,5.00-9.99,HEART,E,VS1,CVD,IGI,-,VG,EX,1,59394.025605,349.3766
A,carat_bucket+Shape+Color+Clarity+TypeName+Report+Cut+Polish+Symmetry,5.00-9.99,HEART,E,VS1,CVD,IGI,传统切,EX,EX,1,47267.44186,278.0438
A,carat_bucket+Shape+Color+Clarity+TypeName+Report+Cut+Polish+Symmetry,5.00-9.99,HEART,E,VVS2,CVD,IGI,-,EX,EX,5,29910.358566,175.9433
A,carat_bucket+Shape+Color+Clarity+TypeName+Report+Cut+Polish+Symmetry,5.00-9.99,HEART,E,VVS2,HPHT,IGI,-,EX,EX,2,29697.358431,174.6903
A,carat_bucket+Shape+Color+Clarity+TypeName+Report+Cut+Polish+Symmetry,5.00-9.99,MARQUISE,D,VS1,CVD,IGI,-,EX,EX,13,28803.986711,169.4352
A,carat_bucket+Shape+Color+Clarity+TypeName+Report+Cut+Polish+Symmetry,5.00-9.99,MARQUISE,D,VVS2,CVD,IGI,-,EX,EX,3,58403.940887,343.5526
A,carat_bucket+Shape+Color+Clarity+TypeName+Report+Cut+Polish+Symmetry,5.00-9.99,MARQUISE,E,VS1,CVD,IGI,-,EX,EX,47,25414.772727,149.4987
A,carat_bucket+Shape+Color+Clarity+TypeName+Report+Cut+Polish+Symmetry,5.00-9.99,MARQUISE,E,VS1,HPHT,IGI,-,EX,EX,1,23834.862385,140.2051
A,carat_bucket+Shape+Color+Clarity+TypeName+Report+Cut+Polish+Symmetry,5.00-9.99,MARQUISE,E,VVS1,CVD,IGI,-,EX,EX,1,56511.627907,332.4213
A,carat_bucket+Shape+Color+Clarity+TypeName+Report+Cut+Polish+Symmetry,5.00-9.99,MARQUISE,E,VVS2,CVD,IGI,-,EX,EX,52,27577.013752,162.2177
A,carat_bucket+Shape+Color+Clarity+TypeName+Report+Cut+Polish+Symmetry,5.00-9.99,MARQUISE,F,VS1,CVD,IGI,-,EX,EX,23,23504.273504,138.2604
A,carat_bucket+Shape+Color+Clarity+TypeName+Report+Cut+Polish+Symmetry,5.00-9.99,MARQUISE,F,VVS1,CVD,IGI,-,EX,EX,1,50111.292962,294.7723
A,carat_bucket+Shape+Color+Clarity+TypeName+Report+Cut+Polish+Symmetry,5.00-9.99,MARQUISE,F,VVS2,CVD,IGI,-,EX,EX,22,25622.788781,150.7223
A,carat_bucket+Shape+Color+Clarity+TypeName+Report+Cut+Polish+Symmetry,5.00-9.99,OVAL,D,VS1,CVD,IGI,-,EX,EX,9,27968.12749,164.5184
A,carat_bucket+Shape+Color+Clarity+TypeName+Report+Cut+Polish+Symmetry,5.00-9.99,OVAL,D,VS1,CVD,IGI,传统切,EX,EX,1,35458.646617,208.5803
A,carat_bucket+Shape+Color+Clarity+TypeName+Report+Cut+Polish+Symmetry,5.00-9.99,OVAL,D,VS1,CVD,IGI,冰花切,EX,EX,5,40908.730159,240.6396
A,carat_bucket+Shape+Color+Clarity+TypeName+Report+Cut+Polish+Symmetry,5.00-9.99,OVAL,D,VS2,CVD,IGI,-,EX,EX,1,33547.928994,197.3408
A,carat_bucket+Shape+Color+Clarity+TypeName+Report+Cut+Polish+Symmetry,5.00-9.99,OVAL,D,VVS1,CVD,IGI,-,EX,EX,2,56593.691329,332.9041
A,carat_bucket+Shape+Color+Clarity+TypeName+Report+Cut+Polish+Symmetry,5.00-9.99,OVAL,D,VVS1,CVD,IGI,冰花切,EX,EX,23,58080.985915,341.6529
A,carat_bucket+Shape+Color+Clarity+TypeName+Report+Cut+Polish+Symmetry,5.00-9.99,OVAL,D,VVS2,CVD,IGI,-,EX,EX,8,49283.241191,289.9014
A,carat_bucket+Shape+Color+Clarity+TypeName+Report+Cut+Polish+Symmetry,5.00-9.99,OVAL,D,VVS2,CVD,IGI,传统切,EX,EX,4,42563.866148,250.3757
A,carat_bucket+Shape+Color+Clarity+TypeName+Report+Cut+Polish+Symmetry,5.00-9.99,OVAL,D,VVS2,CVD,IGI,冰花切,EX,EX,12,48672.937191,286.3114
A,carat_bucket+Shape+Color+Clarity+TypeName+Report+Cut+Polish+Symmetry,5.00-9.99,OVAL,E,VS1,CVD,IGI,-,EX,EX,60,28892.388163,169.9552
A,carat_bucket+Shape+Color+Clarity+TypeName+Report+Cut+Polish+Symmetry,5.00-9.99,OVAL,E,VS1,HPHT,IGI,EX,EX,EX,2,22480.580671,132.2387
A,carat_bucket+Shape+Color+Clarity+TypeName+Report+Cut+Polish+Symmetry,5.00-9.99,OVAL,E,VS2,CVD,IGI,-,EX,EX,2,22198.526254,130.5796
A,carat_bucket+Shape+Color+Clarity+TypeName+Report+Cut+Polish+Symmetry,5.00-9.99,OVAL,E,VVS1,CVD,IGI,-,EX,EX,2,42858.836412,252.1108
A,carat_bucket+Shape+Color+Clarity+TypeName+Report+Cut+Polish+Symmetry,5.00-9.99,OVAL,E,VVS1,CVD,IGI,冰花切,EX,EX,6,42696.602001,251.1565
A,carat_bucket+Shape+Color+Clarity+TypeName+Report+Cut+Polish+Symmetry,5.00-9.99,OVAL,E,VVS2,CVD,IGI,-,EX,EX,158,22574.257426,132.7897
A,carat_bucket+Shape+Color+Clarity+TypeName+Report+Cut+Polish+Symmetry,5.00-9.99,OVAL,E,VVS2,CVD,IGI,传统切,EX,EX,3,38016.923077,223.629
A,carat_bucket+Shape+Color+Clarity+TypeName+Report+Cut+Polish+Symmetry,5.00-9.99,OVAL,E,VVS2,CVD,IGI,冰花切,EX,EX,13,40442.092154,237.8947
A,carat_bucket+Shape+Color+Clarity+TypeName+Report+Cut+Polish+Symmetry,5.00-9.99,OVAL,F,VS1,CVD,IGI,-,EX,EX,16,24937.673092,146.6922
A,carat_bucket+Shape+Color+Clarity+TypeName+Report+Cut+Polish+Symmetry,5.00-9.99,OVAL,F,VS1,HPHT,IGI,EX,EX,EX,1,21570.0,126.8824
A,carat_bucket+Shape+Color+Clarity+TypeName+Report+Cut+Polish+Symmetry,5.00-9.99,OVAL,F,VS2,CVD,IGI,-,EX,EX,2,26667.948207,156.8703
A,carat_bucket+Shape+Color+Clarity+TypeName+Report+Cut+Polish+Symmetry,5.00-9.99,OVAL,F,VVS1,CVD,IGI,-,EX,EX,1,34428.023033,202.5178
A,carat_bucket+Shape+Color+Clarity+TypeName+Report+Cut+Polish+Symmetry,5.00-9.99,OVAL,F,VVS2,CVD,IGI,-,EX,EX,27,22371.769384,131.5986
A,carat_bucket+Shape+Color+Clarity+TypeName+Report+Cut+Polish+Symmetry,5.00-9.99,OVAL,F,VVS2,CVD,IGI,传统切,EX,EX,1,35446.153846,208.5068
A,carat_bucket+Shape+Color+Clarity+TypeName+Report+Cut+Polish+Symmetry,5.00-9.99,OVAL,F,VVS2,CVD,IGI,冰花切,EX,EX,2,33822.636072,198.9567
A,carat_bucket+Shape+Color+Clarity+TypeName+Report+Cut+Polish+Symmetry,5.00-9.99,PEAR,D,VS1,CVD,IGI,-,EX,EX,6,39457.908549,232.1053
A,carat_bucket+Shape+Color+Clarity+TypeName+Report+Cut+Polish+Symmetry,5.00-9.99,PEAR,D,VS1,CVD,IGI,冰花切,EX,EX,2,42417.459287,249.5145
A,carat_bucket+Shape+Color+Clarity+TypeName+Report+Cut+Polish+Symmetry,5.00-9.99,PEAR,D,VVS1,CVD,IGI,传统切,EX,EX,7,54034.941764,317.8526
A,carat_bucket+Shape+Color+Clarity+TypeName+Report+Cut+Polish+Symmetry,5.00-9.99,PEAR,D,VVS1,CVD,IGI,冰花切,EX,EX,23,57701.492537,339.4205
A,carat_bucket+Shape+Color+Clarity+TypeName+Report+Cut+Polish+Symmetry,5.00-9.99,PEAR,D,VVS2,CVD,IGI,-,EX,EX,6,46328.758028,272.5221
A,carat_bucket+Shape+Color+Clarity+TypeName+Report+Cut+Polish+Symmetry,5.00-9.99,PEAR,D,VVS2,CVD,IGI,传统切,EX,EX,3,49202.922078,289.429
A,carat_bucket+Shape+Color+Clarity+TypeName+Report+Cut+Polish+Symmetry,5.00-9.99,PEAR,D,VVS2,CVD,IGI,冰花切,EX,EX,12,47892.422254,281.7201
A,carat_bucket+Shape+Color+Clarity+TypeName+Report+Cut+Polish+Symmetry,5.00-9.99,PEAR,E,VS1,CVD,IGI,-,EX,EX,39,32839.975248,193.1763
A,carat_bucket+Shape+Color+Clarity+TypeName+Report+Cut+Polish+Symmetry,5.00-9.99,PEAR,E,VS2,CVD,IGI,-,EX,EX,3,22174.656189,130.4392
A,carat_bucket+Shape+Color+Clarity+TypeName+Report+Cut+Polish+Symmetry,5.00-9.99,PEAR,E,VVS1,CVD,IGI,-,EX,EX,1,46635.705669,274.3277
A,carat_bucket+Shape+Color+Clarity+TypeName+Report+Cut+Polish+Symmetry,5.00-9.99,PEAR,E,VVS1,CVD,IGI,传统切,EX,EX,1,46198.113208,271.7536
A,carat_bucket+Shape+Color+Clarity+TypeName+Report+Cut+Polish+Symmetry,5.00-9.99,PEAR,E,VVS1,CVD,IGI,冰花切,EX,EX,1,46312.81198,272.4283
A,carat_bucket+Shape+Color+Clarity+TypeName+Report+Cut+Polish+Symmetry,5.00-9.99,PEAR,E,VVS2,CVD,IGI,-,EX,EX,44,32677.155064,192.2186
A,carat_bucket+Shape+Color+Clarity+TypeName+Report+Cut+Polish+Symmetry,5.00-9.99,PEAR,E,VVS2,CVD,IGI,传统切,EX,EX,1,44349.127182,260.8772
A,carat_bucket+Shape+Color+Clarity+TypeName+Report+Cut+Polish+Symmetry,5.00-9.99,PEAR,E,VVS2,CVD,IGI,冰花切,EX,EX,6,43061.007463,253.3
A,carat_bucket+Shape+Color+Clarity+TypeName+Report+Cut+Polish+Symmetry,5.00-9.99,PEAR,F,VS1,CVD,IGI,-,EX,EX,9,31613.086771,185.9593
A,carat_bucket+Shape+Color+Clarity+TypeName+Report+Cut+Polish+Symmetry,5.00-9.99,PEAR,F,VS2,CVD,IGI,-,EX,EX,1,21652.662722,127.3686
A,carat_bucket+Shape+Color+Clarity+TypeName+Report+Cut+Polish+Symmetry,5.00-9.99,PEAR,F,VVS2,CVD,IGI,-,EX,EX,17,32251.861042,189.7168
A,carat_bucket+Shape+Color+Clarity+TypeName+Report+Cut+Polish+Symmetry,5.00-9.99,PEAR,F,VVS2,CVD,IGI,冰花切,EX,EX,1,35185.628743,206.9743
A,carat_bucket+Shape+Color+Clarity+TypeName+Report+Cut+Polish+Symmetry,5.00-9.99,PRINCESS,D,VS1,CVD,IGI,-,EX,EX,2,31564.833006,185.6755
A,carat_bucket+Shape+Color+Clarity+TypeName+Report+Cut+Polish+Symmetry,5.00-9.99,PRINCESS,D,VVS1,CVD,IGI,-,EX,EX,3,41673.701299,245.1394
A,carat_bucket+Shape+Color+Clarity+TypeName+Report+Cut+Polish+Symmetry,5.00-9.99,PRINCESS,D,VVS2,CVD,IGI,-,EX,EX,4,35135.910775,206.6818
A,carat_bucket+Shape+Color+Clarity+TypeName+Report+Cut+Polish+Symmetry,5.00-9.99,PRINCESS,E,VS1,CVD,IGI,-,EX,EX,11,32689.138577,192.2891
A,carat_bucket+Shape+Color+Clarity+TypeName+Report+Cut+Polish+Symmetry,5.00-9.99,PRINCESS,E,VVS1,CVD,IGI,-,EX,EX,2,33710.770138,198.2986
A,carat_bucket+Shape+Color+Clarity+TypeName+Report+Cut+Polish+Symmetry,5.00-9.99,PRINCESS,E,VVS2,CVD,IGI,-,EX,EX,30,30028.525564,176.6384
A,carat_bucket+Shape+Color+Clarity+TypeName+Report+Cut+Polish+Symmetry,5.00-9.99,PRINCESS,F,VVS1,CVD,IGI,-,EX,EX,4,32256.65955,189.7451
A,carat_bucket+Shape+Color+Clarity+TypeName+Report+Cut+Polish+Symmetry,5.00-9.99,PRINCESS,F,VVS2,CVD,IGI,-,EX,EX,1,25785.123967,151.6772
A,carat_bucket+Shape+Color+Clarity+TypeName+Report+Cut+Polish+Symmetry,5.00-9.99,RADIANT,D,VS1,CVD,IGI,-,EX,EX,6,36943.993269,217.3176
A,carat_bucket+Shape+Color+Clarity+TypeName+Report+Cut+Polish+Symmetry,5.00-9.99,RADIANT,E,VS1,CVD,IGI,-,EX,EX,6,29802.364865,175.308
A,carat_bucket+Shape+Color+Clarity+TypeName+Report+Cut+Polish+Symmetry,5.00-9.99,RADIANT,E,VVS2,CVD,IGI,-,EX,EX,19,32820.94431,193.0644
A,carat_bucket+Shape+Color+Clarity+TypeName+Report+Cut+Polish+Symmetry,5.00-9.99,RADIANT,E,VVS2,HPHT,IGI,-,EX,EX,1,21581.027668,126.9472
A,carat_bucket+Shape+Color+Clarity+TypeName+Report+Cut+Polish+Symmetry,5.00-9.99,RADIANT,F,VVS2,CVD,IGI,-,EX,EX,21,23976.377953,141.0375
A,carat_bucket+Shape+Color+Clarity+TypeName+Report+Cut+Polish+Symmetry,5.00-9.99,ROUND,D,VS1,CVD,IGI,ID,EX,EX,9,45929.108911,270.1712
A,carat_bucket+Shape+Color+Clarity+TypeName+Report+Cut+Polish+Symmetry,5.00-9.99,ROUND,D,VS2,HPHT,IGI,ID,EX,EX,1,37600.0,221.1765
A,carat_bucket+Shape+Color+Clarity+TypeName+Report+Cut+Polish+Symmetry,5.00-9.99,ROUND,D,VVS1,CVD,IGI,ID,EX,EX,1,70517.928287,414.8113
A,carat_bucket+Shape+Color+Clarity+TypeName+Report+Cut+Polish+Symmetry,5.00-9.99,ROUND,D,VVS2,CVD,IGI,EX,EX,EX,2,51047.904192,300.2818
A,carat_bucket+Shape+Color+Clarity+TypeName+Report+Cut+Polish+Symmetry,5.00-9.99,ROUND,D,VVS2,CVD,IGI,ID,EX,EX,14,50601.980198,297.6587
A,carat_bucket+Shape+Color+Clarity+TypeName+Report+Cut+Polish+Symmetry,5.00-9.99,ROUND,D,VVS2,HPHT,IGI,EX,EX,EX,1,51639.442231,303.7614
A,carat_bucket+Shape+Color+Clarity+TypeName+Report+Cut+Polish+Symmetry,5.00-9.99,ROUND,D,VVS2,HPHT,IGI,ID,EX,EX,1,51434.52381,302.556
A,carat_bucket+Shape+Color+Clarity+TypeName+Report+Cut+Polish+Symmetry,5.00-9.99,ROUND,E,VS1,CVD,IGI,EX,EX,EX,12,21746.275449,127.9193
A,carat_bucket+Shape+Color+Clarity+TypeName+Report+Cut+Polish+Symmetry,5.00-9.99,ROUND,E,VS1,CVD,IGI,ID,EX,EX,39,21535.2,126.6776
A,carat_bucket+Shape+Color+Clarity+TypeName+Report+Cut+Polish+Symmetry,5.00-9.99,ROUND,E,VS1,HPHT,IGI,EX,EX,EX,1,38082.089552,224.0123
A,carat_bucket+Shape+Color+Clarity+TypeName+Report+Cut+Polish+Symmetry,5.00-9.99,ROUND,E,VS1,HPHT,IGI,ID,EX,EX,7,28474.504249,167.4971
A,carat_bucket+Shape+Color+Clarity+TypeName+Report+Cut+Polish+Symmetry,5.00-9.99,ROUND,E,VS2,CVD,IGI,ID,EX,EX,7,21000.590551,123.5329
A,carat_bucket+Shape+Color+Clarity+TypeName+Report+Cut+Polish+Symmetry,5.00-9.99,ROUND,E,VVS2,CVD,IGI,EX,EX,EX,42,21560.851955,126.8285
A,carat_bucket+Shape+Color+Clarity+TypeName+Report+Cut+Polish+Symmetry,5.00-9.99,ROUND,E,VVS2,CVD,IGI,ID,EX,EX,129,21610.09901,127.1182
A,carat_bucket+Shape+Color+Clarity+TypeName+Report+Cut+Polish+Symmetry,5.00-9.99,ROUND,E,VVS2,HPHT,IGI,EX,EX,EX,3,28004.273504,164.731
A,carat_bucket+Shape+Color+Clarity+TypeName+Report+Cut+Polish+Symmetry,5.00-9.99,ROUND,E,VVS2,HPHT,IGI,ID,EX,EX,22,21958.579882,129.1681
A,carat_bucket+Shape+Color+Clarity+TypeName+Report+Cut+Polish+Symmetry,5.00-9.99,ROUND,F,VS1,CVD,IGI,ID,EX,EX,16,21021.892326,123.6582
A,carat_bucket+Shape+Color+Clarity+TypeName+Report+Cut+Polish+Symmetry,5.00-9.99,ROUND,F,VS2,CVD,IGI,ID,EX,EX,3,21432.475248,126.0734
A,carat_bucket+Shape+Color+Clarity+TypeName+Report+Cut+Polish+Symmetry,5.00-9.99,ROUND,F,VS2,HPHT,IGI,ID,EX,EX,1,21099.415205,124.1142
A,carat_bucket+Shape+Color+Clarity+TypeName+Report+Cut+Polish+Symmetry,5.00-9.99,ROUND,F,VVS1,CVD,IGI,ID,EX,EX,1,28197.696737,165.8688
A,carat_bucket+Shape+Color+Clarity+TypeName+Report+Cut+Polish+Symmetry,5.00-9.99,ROUND,F,VVS2,CVD,IGI,EX,EX,EX,7,22443.113772,132.0183
A,carat_bucket+Shape+Color+Clarity+TypeName+Report+Cut+Polish+Symmetry,5.00-9.99,ROUND,F,VVS2,CVD,IGI,ID,EX,EX,40,20958.083832,123.2828
A,carat_bucket+Shape+Color+Clarity+TypeName+Report+Cut+Polish+Symmetry,5.00-9.99,ROUND,F,VVS2,HPHT,IGI,ID,EX,EX,2,21774.0,128.0824
A,carat_bucket+Shape+Color+Clarity+TypeName+Report+Cut+Polish+Symmetry,5.00-9.99,SQUARE,D,VS1,CVD,IGI,-,EX,EX,9,32455.555556,190.915
A,carat_bucket+Shape+Color+Clarity+TypeName+Report+Cut+Polish+Symmetry,5.00-9.99,SQUARE,D,VS2,CVD,IGI,-,EX,EX,1,32205.206738,189.4424
A,carat_bucket+Shape+Color+Clarity+TypeName+Report+Cut+Polish+Symmetry,5.00-9.99,SQUARE,D,VVS1,CVD,IGI,-,EX,EX,1,40374.673629,237.4981
A,carat_bucket+Shape+Color+Clarity+TypeName+Report+Cut+Polish+Symmetry,5.00-9.99,SQUARE,D,VVS2,CVD,IGI,-,EX,EX,15,35821.782178,210.7164
A,carat_bucket+Shape+Color+Clarity+TypeName+Report+Cut+Polish+Symmetry,5.00-9.99,SQUARE,E,VS1,CVD,IGI,-,EX,EX,6,31051.181102,182.654
A,carat_bucket+Shape+Color+Clarity+TypeName+Report+Cut+Polish+Symmetry,5.00-9.99,SQUARE,E,VVS1,CVD,IGI,-,EX,EX,3,34632.612967,203.7213
A,carat_bucket+Shape+Color+Clarity+TypeName+Report+Cut+Polish+Symmetry,5.00-9.99,SQUARE,E,VVS2,CVD,IGI,-,EX,EX,26,33362.670659,196.251
A,carat_bucket+Shape+Color+Clarity+TypeName+Report+Cut+Polish+Symmetry,5.00-9.99,SQUARE,F,VS1,CVD,IGI,-,EX,EX,3,28491.362764,167.5963
A,carat_bucket+Shape+Color+Clarity+TypeName+Report+Cut+Polish+Symmetry,5.00-9.99,SQUARE,F,VVS1,CVD,IGI,-,EX,EX,1,33449.251248,196.7603
A,carat_bucket+Shape+Color+Clarity+TypeName+Report+Cut+Polish+Symmetry,5.00-9.99,SQUARE,F,VVS2,CVD,IGI,-,EX,EX,8,31112.910191,183.0171
B,carat_bucket+Shape+Color+Clarity+TypeName+Report+Cut,0.30-0.49,ROUND,D,VS1,CVD,IGI,EX,,,10,22125.0,130.1471
B,carat_bucket+Shape+Color+Clarity+TypeName+Report+Cut,0.30-0.49,ROUND,D,VS1,CVD,IGI,ID,,,43,22125.0,130.1471
B,carat_bucket+Shape+Color+Clarity+TypeName+Report+Cut,0.30-0.49,ROUND,D,VS1,HPHT,IGI,EX,,,13,26526.315789,156.0372
B,carat_bucket+Shape+Color+Clarity+TypeName+Report+Cut,0.30-0.49,ROUND,D,VS1,HPHT,IGI,ID,,,76,26191.860465,154.0698
B,carat_bucket+Shape+Color+Clarity+TypeName+Report+Cut,0.30-0.49,ROUND,D,VS2,HPHT,IGI,EX,,,3,20454.545455,120.3209
B,carat_bucket+Shape+Color+Clarity+TypeName+Report+Cut,0.30-0.49,ROUND,D,VS2,HPHT,IGI,ID,,,44,20545.454545,120.8556
B,carat_bucket+Shape+Color+Clarity+TypeName+Report+Cut,0.30-0.49,ROUND,D,VVS1,HPHT,IGI,EX,,,35,36081.081081,212.2417
B,carat_bucket+Shape+Color+Clarity+TypeName+Report+Cut,0.30-0.49,ROUND,D,VVS1,HPHT,IGI,ID,,,63,35131.578947,206.6563
B,carat_bucket+Shape+Color+Clarity+TypeName+Report+Cut,0.30-0.49,ROUND,D,VVS2,CVD,IGI,EX,,,57,22875.0,134.5588
B,carat_bucket+Shape+Color+Clarity+TypeName+Report+Cut,0.30-0.49,ROUND,D,VVS2,CVD,IGI,ID,,,180,22875.0,134.5588
B,carat_bucket+Shape+Color+Clarity+TypeName+Report+Cut,0.30-0.49,ROUND,D,VVS2,HPHT,IGI,EX,,,69,28451.612903,167.3624
B,carat_bucket+Shape+Color+Clarity+TypeName+Report+Cut,0.30-0.49,ROUND,D,VVS2,HPHT,IGI,ID,,,150,28350.0,166.7647
B,carat_bucket+Shape+Color+Clarity+TypeName+Report+Cut,0.30-0.49,ROUND,E,VS1,CVD,IGI,ID,,,1,24996.774194,147.0398
B,carat_bucket+Shape+Color+Clarity+TypeName+Report+Cut,0.30-0.49,ROUND,E,VS1,HPHT,IGI,ID,,,15,22791.176471,134.0657
B,carat_bucket+Shape+Color+Clarity+TypeName+Report+Cut,0.30-0.49,ROUND,E,VS2,CVD,IGI,ID,,,2,23329.782446,137.234
B,carat_bucket+Shape+Color+Clarity+TypeName+Report+Cut,0.30-0.49,ROUND,E,VS2,HPHT,IGI,ID,,,1,22792.857143,134.0756
B,carat_bucket+Shape+Color+Clarity+TypeName+Report+Cut,0.30-0.49,ROUND,E,VVS2,CVD,IGI,ID,,,3,27793.548387,163.4915
B,carat_bucket+Shape+Color+Clarity+TypeName+Report+Cut,0.30-0.49,ROUND,E,VVS2,HPHT,IGI,ID,,,15,23348.780488,137.3458
B,carat_bucket+Shape+Color+Clarity+TypeName+Report+Cut,0.30-0.49,ROUND,F,VS1,HPHT,IGI,ID,,,4,22918.181818,134.8128
B,carat_bucket+Shape+Color+Clarity+TypeName+Report+Cut,0.30-0.49,ROUND,F,VS2,HPHT,IGI,ID,,,1,20368.085106,119.8123
B,carat_bucket+Shape+Color+Clarity+TypeName+Report+Cut,0.30-0.49,ROUND,F,VVS2,CVD,IGI,ID,,,1,25078.125,147.5184
B,carat_bucket+Shape+Color+Clarity+TypeName+Report+Cut,0.30-0.49,ROUND,F,VVS2,HPHT,IGI,ID,,,1,25887.096774,152.277
B,carat_bucket+Shape+Color+Clarity+TypeName+Report+Cut,0.50-0.69,CUSHION,D,VVS2,HPHT,IGI,-,,,1,44464.285714,261.5546
B,carat_bucket+Shape+Color+Clarity+TypeName+Report+Cut,0.50-0.69,EMERALD,D,VS1,CVD,IGI,-,,,5,36253.846154,213.2579
B,carat_bucket+Shape+Color+Clarity+TypeName+Report+Cut,0.50-0.69,EMERALD,D,VVS2,CVD,IGI,-,,,29,36111.111111,212.4183
B,carat_bucket+Shape+Color+Clarity+TypeName+Report+Cut,0.50-0.69,EMERALD,D,VVS2,HPHT,IGI,-,,,4,37901.886792,222.9523
B,carat_bucket+Shape+Color+Clarity+TypeName+Report+Cut,0.50-0.69,HEART,D,VS1,HPHT,IGI,-,,,9,52488.679245,308.7569
B,carat_bucket+Shape+Color+Clarity+TypeName+Report+Cut,0.50-0.69,HEART,D,VVS1,CVD,IGI,-,,,1,47817.1875,281.2776
B,carat_bucket+Shape+Color+Clarity+TypeName+Report+Cut,0.50-0.69,HEART,D,VVS1,HPHT,IGI,-,,,2,58828.193033,346.0482
B,carat_bucket+Shape+Color+Clarity+TypeName+Report+Cut,0.50-0.69,HEART,D,VVS2,HPHT,IGI,-,,,12,51354.030875,302.0825
B,carat_bucket+Shape+Color+Clarity+TypeName+Report+Cut,0.50-0.69,HEART,E,VS1,HPHT,IGI,-,,,1,46627.118644,274.2772
B,carat_bucket+Shape+Color+Clarity+TypeName+Report+Cut,0.50-0.69,HEART,E,VVS2,HPHT,IGI,-,,,1,55638.0,327.2824
B,carat_bucket+Shape+Color+Clarity+TypeName+Report+Cut,0.50-0.69,MARQUISE,D,VS1,HPHT,IGI,-,,,4,42059.748428,247.4103
B,carat_bucket+Shape+Color+Clarity+TypeName+Report+Cut,0.50-0.69,MARQUISE,D,VVS1,CVD,IGI,-,,,1,58548.0,344.4
B,carat_bucket+Shape+Color+Clarity+TypeName+Report+Cut,0.50-0.69,MARQUISE,D,VVS1,HPHT,IGI,-,,,4,58548.0,344.4
B,carat_bucket+Shape+Color+Clarity+TypeName+Report+Cut,0.50-0.69,MARQUISE,D,VVS2,CVD,IGI,-,,,12,53277.777778,313.3987
B,carat_bucket+Shape+Color+Clarity+TypeName+Report+Cut,0.50-0.69,MARQUISE,D,VVS2,HPHT,IGI,-,,,6,41850.637523,246.1802
B,carat_bucket+Shape+Color+Clarity+TypeName+Report+Cut,0.50-0.69,MARQUISE,E,VS1,CVD,IGI,-,,,1,41783.333333,245.7843
B,carat_bucket+Shape+Color+Clarity+TypeName+Report+Cut,0.50-0.69,MARQUISE,E,VVS2,CVD,IGI,-,,,2,43984.615385,258.733
B,carat_bucket+Shape+Color+Clarity+TypeName+Report+Cut,0.50-0.69,MARQUISE,E,VVS2,HPHT,IGI,-,,,1,32739.130435,192.5831
B,carat_bucket+Shape+Color+Clarity+TypeName+Report+Cut,0.50-0.69,OVAL,D,VS1,CVD,IGI,-,,,2,40066.312997,235.6842
B,carat_bucket+Shape+Color+Clarity+TypeName+Report+Cut,0.50-0.69,OVAL,D,VS1,HPHT,IGI,-,,,5,41803.278689,245.9016
B,carat_bucket+Shape+Color+Clarity+TypeName+Report+Cut,0.50-0.69,OVAL,D,VVS1,CVD,IGI,冰花切,,,1,58358.490566,343.2852
B,carat_bucket+Shape+Color+Clarity+TypeName+Report+Cut,0.50-0.69,OVAL,D,VVS1,HPHT,IGI,-,,,4,55584.0,326.9647
B,carat_bucket+Shape+Color+Clarity+TypeName+Report+Cut,0.50-0.69,OVAL,D,VVS2,HPHT,IGI,-,,,24,42404.716981,249.4395
B,carat_bucket+Shape+Color+Clarity+TypeName+Report+Cut,0.50-0.69,OVAL,E,VS1,HPHT,IGI,-,,,3,43635.294118,256.6782
B,carat_bucket+Shape+Color+Clarity+TypeName+Report+Cut,0.50-0.69,OVAL,E,VVS2,CVD,IGI,-,,,1,39272.727273,231.016
B,carat_bucket+Shape+Color+Clarity+TypeName+Report+Cut,0.50-0.69,OVAL,E,VVS2,HPHT,IGI,-,,,3,44508.0,261.8118
B,carat_bucket+Shape+Color+Clarity+TypeName+Report+Cut,0.50-0.69,PEAR,D,VS1,CVD,IGI,-,,,5,42059.016393,247.406
B,carat_bucket+Shape+Color+Clarity+TypeName+Report+Cut,0.50-0.69,PEAR,D,VS1,CVD,IGI,传统切,,,1,48589.285714,285.8193
B,carat_bucket+Shape+Color+Clarity+TypeName+Report+Cut,0.50-0.69,PEAR,D,VS1,HPHT,IGI,-,,,5,47307.692308,278.2805
B,carat_bucket+Shape+Color+Clarity+TypeName+Report+Cut,0.50-0.69,PEAR,D,VVS1,HPHT,IGI,-,,,5,58676.470588,345.1557
B,carat_bucket+Shape+Color+Clarity+TypeName+Report+Cut,0.50-0.69,PEAR,D,VVS2,CVD,IGI,-,,,14,47034.545455,276.6738
B,carat_bucket+Shape+Color+Clarity+TypeName+Report+Cut,0.50-0.69,PEAR,D,VVS2,CVD,IGI,传统切,,,1,49714.285714,292.437
B,carat_bucket+Shape+Color+Clarity+TypeName+Report+Cut,0.50-0.69,PEAR,D,VVS2,HPHT,IGI,-,,,3,48809.433962,287.1143
B,carat_bucket+Shape+Color+Clarity+TypeName+Report+Cut,0.50-0.69,PEAR,E,VS1,CVD,IGI,-,,,7,46153.846154,271.4932
B,carat_bucket+Shape+Color+Clarity+TypeName+Report+Cut,0.50-0.69,PEAR,E,VS1,HPHT,IGI,-,,,2,46323.581933,272.4917
B,carat_bucket+Shape+Color+Clarity+TypeName+Report+Cut,0.50-0.69,PEAR,E,VVS1,CVD,IGI,传统切,,,1,44190.47619,259.944
B,carat_bucket+Shape+Color+Clarity+TypeName+Report+Cut,0.50-0.69,PEAR,E,VVS2,CVD,IGI,-,,,7,49700.0,292.3529
B,carat_bucket+Shape+Color+Clarity+TypeName+Report+Cut,0.50-0.69,PEAR,E,VVS2,HPHT,IGI,-,,,1,48235.294118,283.737
B,carat_bucket+Shape+Color+Clarity+TypeName+Report+Cut,0.50-0.69,PRINCESS,D,VS1,HPHT,IGI,-,,,4,43390.384615,255.2376
B,carat_bucket+Shape+Color+Clarity+TypeName+Report+Cut,0.50-0.69,PRINCESS,D,VVS1,HPHT,IGI,-,,,5,53498.076923,314.6946
B,carat_bucket+Shape+Color+Clarity+TypeName+Report+Cut,0.50-0.69,PRINCESS,D,VVS2,CVD,IGI,-,,,9,38908.928571,228.8761
B,carat_bucket+Shape+Color+Clarity+TypeName+Report+Cut,0.50-0.69,PRINCESS,D,VVS2,HPHT,IGI,-,,,1,41111.320755,241.8313
B,carat_bucket+Shape+Color+Clarity+TypeName+Report+Cut,0.50-0.69,PRINCESS,E,VS1,HPHT,IGI,-,,,3,42571.698113,250.4218
B,carat_bucket+Shape+Color+Clarity+TypeName+Report+Cut,0.50-0.69,PRINCESS,E,VVS2,CVD,IGI,-,,,3,39900.0,234.7059
B,carat_bucket+Shape+Color+Clarity+TypeName+Report+Cut,0.50-0.69,PRINCESS,E,VVS2,HPHT,IGI,-,,,1,41405.660377,243.5627
B,carat_bucket+Shape+Color+Clarity+TypeName+Report+Cut,0.50-0.69,RADIANT,D,VS1,CVD,IGI,-,,,3,39656.603774,233.2741
B,carat_bucket+Shape+Color+Clarity+TypeName+Report+Cut,0.50-0.69,RADIANT,D,VS1,HPHT,IGI,-,,,8,39230.769231,230.7692
B,carat_bucket+Shape+Color+Clarity+TypeName+Report+Cut,0.50-0.69,RADIANT,D,VVS2,HPHT,IGI,-,,,24,40673.076923,239.2534
B,carat_bucket+Shape+Color+Clarity+TypeName+Report+Cut,0.50-0.69,ROUND,D,IF,HPHT,IGI,ID,,,9,33929.411765,199.5848
B,carat_bucket+Shape+Color+Clarity+TypeName+Report+Cut,0.50-0.69,ROUND,D,VS1,CVD,IGI,EX,,,2,23903.773585,140.6104
B,carat_bucket+Shape+Color+Clarity+TypeName+Report+Cut,0.50-0.69,ROUND,D,VS1,CVD,IGI,ID,,,58,24230.769231,142.5339
B,carat_bucket+Shape+Color+Clarity+TypeName+Report+Cut,0.50-0.69,ROUND,D,VS1,HPHT,IGI,EX,,,174,24900.0,146.4706
B,carat_bucket+Shape+Color+Clarity+TypeName+Report+Cut,0.50-0.69,ROUND,D,VS1,HPHT,IGI,ID,,,1077,19823.529412,116.609
B,carat_bucket+Shape+Color+Clarity+TypeName+Report+Cut,0.50-0.69,ROUND,D,VS2,HPHT,IGI,ID,,,15,20076.0,118.0941
B,carat_bucket+Shape+Color+Clarity+TypeName+Report+Cut,0.50-0.69,ROUND,D,VVS1,CVD,IGI,ID,,,1,23564.705882,138.6159
B,carat_bucket+Shape+Color+Clarity+TypeName+Report+Cut,0.50-0.69,ROUND,D,VVS1,HPHT,IGI,EX,,,6,29711.538462,174.7738
B,carat_bucket+Shape+Color+Clarity+TypeName+Report+Cut,0.50-0.69,ROUND,D,VVS1,HPHT,IGI,ID,,,54,28096.153846,165.2715
B,carat_bucket+Shape+Color+Clarity+TypeName+Report+Cut,0.50-0.69,ROUND,D,VVS2,CVD,IGI,EX,,,5,25000.0,147.0588
B,carat_bucket+Shape+Color+Clarity+TypeName+Report+Cut,0.50-0.69,ROUND,D,VVS2,CVD,IGI,ID,,,100,25555.555556,150.3268
B,carat_bucket+Shape+Color+Clarity+TypeName+Report+Cut,0.50-0.69,ROUND,D,VVS2,HPHT,IGI,EX,,,200,29150.943396,171.4761
B,carat_bucket+Shape+Color+Clarity+TypeName+Report+Cut,0.50-0.69,ROUND,D,VVS2,HPHT,IGI,ID,,,1235,20470.588235,120.4152
B,carat_bucket+Shape+Color+Clarity+TypeName+Report+Cut,0.50-0.69,ROUND,E,VS1,CVD,IGI,ID,,,4,19770.0,116.2941
B,carat_bucket+Shape+Color+Clarity+TypeName+Report+Cut,0.50-0.69,ROUND,E,VS1,HPHT,IGI,EX,,,2,22635.882353,133.1522
B,carat_bucket+Shape+Color+Clarity+TypeName+Report+Cut,0.50-0.69,ROUND,E,VS1,HPHT,IGI,ID,,,24,20523.529412,120.7266
B,carat_bucket+Shape+Color+Clarity+TypeName+Report+Cut,0.50-0.69,ROUND,E,VS2,HPHT,IGI,EX,,,1,22451.612903,132.0683
B,carat_bucket+Shape+Color+Clarity+TypeName+Report+Cut,0.50-0.69,ROUND,E,VS2,HPHT,IGI,ID,,,8,20694.0,121.7294
B,carat_bucket+Shape+Color+Clarity+TypeName+Report+Cut,0.50-0.69,ROUND,E,VVS1,HPHT,IGI,EX,,,4,26460.0,155.6471
B,carat_bucket+Shape+Color+Clarity+TypeName+Report+Cut,0.50-0.69,ROUND,E,VVS1,HPHT,IGI,ID,,,24,23864.705882,140.3806
B,carat_bucket+Shape+Color+Clarity+TypeName+Report+Cut,0.50-0.69,ROUND,E,VVS2,HPHT,IGI,EX,,,12,25513.606676,150.08
B,carat_bucket+Shape+Color+Clarity+TypeName+Report+Cut,0.50-0.69,ROUND,E,VVS2,HPHT,IGI,ID,,,35,22415.09434,131.8535
B,carat_bucket+Shape+Color+Clarity+TypeName+Report+Cut,0.50-0.69,ROUND,F,VS1,HPHT,IGI,ID,,,1,21618.0,127.1647
B,carat_bucket+Shape+Color+Clarity+TypeName+Report+Cut,0.50-0.69,ROUND,F,VS2,HPHT,IGI,EX,,,1,22846.153846,134.3891
B,carat_bucket+Shape+Color+Clarity+TypeName+Report+Cut,0.50-0.69,ROUND,F,VS2,HPHT,IGI,ID,,,2,20491.117647,120.536
B,carat_bucket+Shape+Color+Clarity+TypeName+Report+Cut,0.50-0.69,ROUND,F,VVS2,HPHT,IGI,ID,,,3,24181.818182,142.246
B,carat_bucket+Shape+Color+Clarity+TypeName+Report+Cut,0.70-0.89,CUSHION,D,VVS2,HPHT,IGI,-,,,5,33896.103896,199.3888
B,carat_bucket+Shape+Color+Clarity+TypeName+Report+Cut,0.70-0.89,EMERALD,D,VS1,CVD,IGI,-,,,1,25657.894737,150.9288
B,carat_bucket+Shape+Color+Clarity+TypeName+Report+Cut,0.70-0.89,EMERALD,D,VS1,HPHT,IGI,-,,,3,26088.311688,153.4607
B,carat_bucket+Shape+Color+Clarity+TypeName+Report+Cut,0.70-0.89,EMERALD,D,VVS1,CVD,IGI,-,,,1,47915.492958,281.8558
B,carat_bucket+Shape+Color+Clarity+TypeName+Report+Cut,0.70-0.89,EMERALD,D,VVS2,HPHT,IGI,-,,,3,30050.0,176.7647
B,carat_bucket+Shape+Color+Clarity+TypeName+Report+Cut,0.70-0.89,EMERALD,E,VVS2,CVD,IGI,-,,,1,38662.5,227.4265
B,carat_bucket+Shape+Color+Clarity+TypeName+Report+Cut,0.70-0.89,HEART,D,VS1,CVD,IGI,传统切,,,1,38662.5,227.4265
B,carat_bucket+Shape+Color+Clarity+TypeName+Report+Cut,0.70-0.89,HEART,D,VS1,HPHT,IGI,-,,,3,41216.666667,242.451
B,carat_bucket+Shape+Color+Clarity+TypeName+Report+Cut,0.70-0.89,HEART,D,VVS2,HPHT,IGI,-,,,3,42101.408451,247.6553
B,carat_bucket+Shape+Color+Clarity+TypeName+Report+Cut,0.70-0.89,MARQUISE,D,VS1,CVD,IGI,-,,,12,32054.794521,188.5576
B,carat_bucket+Shape+Color+Clarity+TypeName+Report+Cut,0.70-0.89,MARQUISE,D,VVS1,HPHT,IGI,-,,,3,38385.542169,225.7973
B,carat_bucket+Shape+Color+Clarity+TypeName+Report+Cut,0.70-0.89,MARQUISE,D,VVS2,CVD,IGI,-,,,1,32571.428571,191.5966
B,carat_bucket+Shape+Color+Clarity+TypeName+Report+Cut,0.70-0.89,MARQUISE,E,VS1,CVD,IGI,-,,,8,29638.356164,174.3433
B,carat_bucket+Shape+Color+Clarity+TypeName+Report+Cut,0.70-0.89,MARQUISE,E,VVS1,HPHT,IGI,-,,,1,40054.054054,235.6121
B,carat_bucket+Shape+Color+Clarity+TypeName+Report+Cut,0.70-0.89,MARQUISE,E,VVS2,CVD,IGI,-,,,5,32142.857143,189.0756
B,carat_bucket+Shape+Color+Clarity+TypeName+Report+Cut,0.70-0.89,MARQUISE,E,VVS2,HPHT,IGI,-,,,1,30405.405405,178.8553
B,carat_bucket+Shape+Color+Clarity+TypeName+Report+Cut,0.70-0.89,MARQUISE,F,VVS1,HPHT,IGI,-,,,1,39771.428571,233.9496
B,carat_bucket+Shape+Color+Clarity+TypeName+Report+Cut,0.70-0.89,OVAL,D,VS1,CVD,IGI,-,,,2,38542.364185,226.7198
B,carat_bucket+Shape+Color+Clarity+TypeName+Report+Cut,0.70-0.89,OVAL,D,VS1,CVD,IGI,传统切,,,1,41957.142857,246.8067
B,carat_bucket+Shape+Color+Clarity+TypeName+Report+Cut,0.70-0.89,OVAL,D,VS1,HPHT,IGI,-,,,7,37737.5,221.9853
B,carat_bucket+Shape+Color+Clarity+TypeName+Report+Cut,0.70-0.89,OVAL,D,VVS1,HPHT,IGI,-,,,8,43495.774648,255.8575
B,carat_bucket+Shape+Color+Clarity+TypeName+Report+Cut,0.70-0.89,OVAL,D,VVS2,HPHT,IGI,-,,,20,39423.259557,231.9015
B,carat_bucket+Shape+Color+Clarity+TypeName+Report+Cut,0.70-0.89,OVAL,E,VS1,HPHT,IGI,-,,,6,35950.684932,211.4746
B,carat_bucket+Shape+Color+Clarity+TypeName+Report+Cut,0.70-0.89,OVAL,E,VVS2,HPHT,IGI,-,,,3,38858.571429,228.5798
B,carat_bucket+Shape+Color+Clarity+TypeName+Report+Cut,0.70-0.89,PEAR,D,VS1,CVD,IGI,-,,,5,40838.028169,240.2237
B,carat_bucket+Shape+Color+Clarity+TypeName+Report+Cut,0.70-0.89,PEAR,D,VS1,CVD,IGI,传统切,,,2,30788.435188,181.1084
B,carat_bucket+Shape+Color+Clarity+TypeName+Report+Cut,0.70-0.89,PEAR,D,VS1,HPHT,IGI,-,,,1,41421.428571,243.6555
B,carat_bucket+Shape+Color+Clarity+TypeName+Report+Cut,0.70-0.89,PEAR,D,VVS1,CVD,IGI,传统切,,,1,35385.542169,208.1502
B,carat_bucket+Shape+Color+Clarity+TypeName+Report+Cut,0.70-0.89,PEAR,D,VVS2,CVD,IGI,-,,,9,40838.028169,240.2237
B,carat_bucket+Shape+Color+Clarity+TypeName+Report+Cut,0.70-0.89,PEAR,D,VVS2,CVD,IGI,传统切,,,3,33542.168675,197.3069
B,carat_bucket+Shape+Color+Clarity+TypeName+Report+Cut,0.70-0.89,PEAR,D,VVS2,HPHT,IGI,-,,,1,41421.428571,243.6555
B,carat_bucket+Shape+Color+Clarity+TypeName+Report+Cut,0.70-0.89,PEAR,E,VS1,CVD,IGI,-,,,1,31346.153846,184.3891
B,carat_bucket+Shape+Color+Clarity+TypeName+Report+Cut,0.70-0.89,PEAR,E,VVS2,CVD,IGI,-,,,5,39883.333333,234.6078
B,carat_bucket+Shape+Color+Clarity+TypeName+Report+Cut,0.70-0.89,PEAR,E,VVS2,CVD,IGI,传统切,,,3,31662.650602,186.2509
B,carat_bucket+Shape+Color+Clarity+TypeName+Report+Cut,0.70-0.89,PRINCESS,D,VS1,CVD,IGI,-,,,1,31280.898876,184.0053
B,carat_bucket+Shape+Color+Clarity+TypeName+Report+Cut,0.70-0.89,PRINCESS,D,VS1,HPHT,IGI,-,,,1,28134.615385,165.4977
B,carat_bucket+Shape+Color+Clarity+TypeName+Report+Cut,0.70-0.89,PRINCESS,D,VVS2,HPHT,IGI,-,,,2,31791.428571,187.0084
B,carat_bucket+Shape+Color+Clarity+TypeName+Report+Cut,0.70-0.89,PRINCESS,E,VS1,HPHT,IGI,-,,,2,31129.225352,183.1131
B,carat_bucket+Shape+Color+Clarity+TypeName+Report+Cut,0.70-0.89,PRINCESS,E,VVS2,HPHT,IGI,-,,,2,30693.808685,180.5518
B,carat_bucket+Shape+Color+Clarity+TypeName+Report+Cut,0.70-0.89,ROUND,D,VS1,HPHT,IGI,EX,,,12,21591.549296,127.0091
B,carat_bucket+Shape+Color+Clarity+TypeName+Report+Cut,0.70-0.89,ROUND,D,VS1,HPHT,IGI,ID,,,118,21410.958904,125.9468
B,carat_bucket+Shape+Color+Clarity+TypeName+Report+Cut,0.70-0.89,ROUND,D,VS2,HPHT,IGI,ID,,,4,19508.571429,114.7563
B,carat_bucket+Shape+Color+Clarity+TypeName+Report+Cut,0.70-0.89,ROUND,D,VVS1,HPHT,IGI,EX,,,1,30493.150685,179.3715
B,carat_bucket+Shape+Color+Clarity+TypeName+Report+Cut,0.70-0.89,ROUND,D,VVS1,HPHT,IGI,ID,,,46,25309.859155,148.8815
B,carat_bucket+Shape+Color+Clarity+TypeName+Report+Cut,0.70-0.89,ROUND,D,VVS2,HPHT,IGI,EX,,,34,23104.166667,135.9069
B,carat_bucket+Shape+Color+Clarity+TypeName+Report+Cut,0.70-0.89,ROUND,D,VVS2,HPHT,IGI,ID,,,197,22684.931507,133.4408
B,carat_bucket+Shape+Color+Clarity+TypeName+Report+Cut,0.70-0.89,ROUND,E,VS1,CVD,IGI,ID,,,2,22321.396469,131.3023
B,carat_bucket+Shape+Color+Clarity+TypeName+Report+Cut,0.70-0.89,ROUND,E,VS1,HPHT,IGI,EX,,,2,20640.926641,121.4172
B,carat_bucket+Shape+Color+Clarity+TypeName+Report+Cut,0.70-0.89,ROUND,E,VS1,HPHT,IGI,ID,,,5,20067.567568,118.0445
B,carat_bucket+Shape+Color+Clarity+TypeName+Report+Cut,0.70-0.89,ROUND,E,VS2,HPHT,IGI,EX,,,1,20208.333333,118.8725
B,carat_bucket+Shape+Color+Clarity+TypeName+Report+Cut,0.70-0.89,ROUND,E,VS2,HPHT,IGI,ID,,,5,19191.549296,112.8915
B,carat_bucket+Shape+Color+Clarity+TypeName+Report+Cut,0.70-0.89,ROUND,E,VVS1,HPHT,IGI,ID,,,6,23004.166667,135.3186
B,carat_bucket+Shape+Color+Clarity+TypeName+Report+Cut,0.70-0.89,ROUND,E,VVS2,HPHT,IGI,EX,,,5,22666.666667,133.3333
B,carat_bucket+Shape+Color+Clarity+TypeName+Report+Cut,0.70-0.89,ROUND,E,VVS2,HPHT,IGI,ID,,,7,21105.633803,124.1508
B,carat_bucket+Shape+Color+Clarity+TypeName+Report+Cut,0.90-0.99,PEAR,E,VVS2,CVD,IGI,冰花切,,,1,32557.894737,191.517
B,carat_bucket+Shape+Color+Clarity+TypeName+Report+Cut,0.90-0.99,PRINCESS,F,VVS2,CVD,IGI,-,,,1,25255.102041,148.5594
B,carat_bucket+Shape+Color+Clarity+TypeName+Report+Cut,0.90-0.99,RADIANT,D,VS1,CVD,IGI,-,,,2,24745.967742,145.5645
B,carat_bucket+Shape+Color+Clarity+TypeName+Report+Cut,0.90-0.99,ROUND,D,VVS2,CVD,IGI,EX,,,1,25606.060606,150.6239
B,carat_bucket+Shape+Color+Clarity+TypeName+Report+Cut,1.00-1.49,ASSCHER,D,VS1,HPHT,IGI,-,,,10,19871.287129,116.8899
B,carat_bucket+Shape+Color+Clarity+TypeName+Report+Cut,1.00-1.49,ASSCHER,D,VS2,HPHT,IGI,-,,,3,19455.445545,114.4438
B,carat_bucket+Shape+Color+Clarity+TypeName+Report+Cut,1.00-1.49,ASSCHER,D,VVS1,CVD,IGI,-,,,2,35224.752475,207.2044
B,carat_bucket+Shape+Color+Clarity+TypeName+Report+Cut,1.00-1.49,ASSCHER,D,VVS1,HPHT,IGI,-,,,1,34350.0,202.0588
B,carat_bucket+Shape+Color+Clarity+TypeName+Report+Cut,1.00-1.49,ASSCHER,D,VVS2,CVD,IGI,-,,,1,18027.522936,106.0443
B,carat_bucket+Shape+Color+Clarity+TypeName+Report+Cut,1.00-1.49,ASSCHER,D,VVS2,HPHT,IGI,-,,,13,21176.470588,124.5675
B,carat_bucket+Shape+Color+Clarity+TypeName+Report+Cut,1.00-1.49,ASSCHER,E,VS1,HPHT,IGI,-,,,5,19411.764706,114.1869
B,carat_bucket+Shape+Color+Clarity+TypeName+Report+Cut,1.00-1.49,ASSCHER,E,VS2,HPHT,IGI,-,,,1,18683.168317,109.901
B,carat_bucket+Shape+Color+Clarity+TypeName+Report+Cut,1.00-1.49,ASSCHER,E,VVS2,HPHT,IGI,-,,,2,20382.344777,119.8961
B,carat_bucket+Shape+Color+Clarity+TypeName+Report+Cut,1.00-1.49,CUSHION,D,IF,HPHT,IGI,-,,,1,30276.595745,178.0976
B,carat_bucket+Shape+Color+Clarity+TypeName+Report+Cut,1.00-1.49,CUSHION,D,VS1,CVD,IGI,-,,,11,20405.825243,120.0343
B,carat_bucket+Shape+Color+Clarity+TypeName+Report+Cut,1.00-1.49,CUSHION,D,VS1,HPHT,IGI,-,,,7,18932.038835,111.3649
B,carat_bucket+Shape+Color+Clarity+TypeName+Report+Cut,1.00-1.49,CUSHION,D,VS2,CVD,IGI,-,,,3,20095.890411,118.2111
B,carat_bucket+Shape+Color+Clarity+TypeName+Report+Cut,1.00-1.49,CUSHION,D,VS2,HPHT,IGI,-,,,3,19650.0,115.5882
B,carat_bucket+Shape+Color+Clarity+TypeName+Report+Cut,1.00-1.49,CUSHION,D,VVS1,CVD,IGI,-,,,4,34827.271478,204.8663
B,carat_bucket+Shape+Color+Clarity+TypeName+Report+Cut,1.00-1.49,CUSHION,D,VVS1,HPHT,IGI,-,,,3,34009.345794,200.055
B,carat_bucket+Shape+Color+Clarity+TypeName+Report+Cut,1.00-1.49,CUSHION,D,VVS2,CVD,IGI,-,,,7,20186.915888,118.7466
B,carat_bucket+Shape+Color+Clarity+TypeName+Report+Cut,1.00-1.49,CUSHION,D,VVS2,HPHT,IGI,-,,,11,21407.76699,125.928
B,carat_bucket+Shape+Color+Clarity+TypeName+Report+Cut,1.00-1.49,CUSHION,E,VS1,CVD,IGI,-,,,29,19320.0,113.6471
B,carat_bucket+Shape+Color+Clarity+TypeName+Report+Cut,1.00-1.49,CUSHION,E,VS1,HPHT,IGI,-,,,6,19154.417365,112.673
B,carat_bucket+Shape+Color+Clarity+TypeName+Report+Cut,1.00-1.49,CUSHION,E,VS2,CVD,IGI,-,,,4,19833.326733,116.6666
B,carat_bucket+Shape+Color+Clarity+TypeName+Report+Cut,1.00-1.49,CUSHION,E,VS2,HPHT,IGI,-,,,1,18794.117647,110.5536
B,carat_bucket+Shape+Color+Clarity+TypeName+Report+Cut,1.00-1.49,CUSHION,E,VVS1,HPHT,IGI,-,,,1,31841.584158,187.3034
B,carat_bucket+Shape+Color+Clarity+TypeName+Report+Cut,1.00-1.49,CUSHION,E,VVS2,CVD,IGI,-,,,24,19900.990099,117.0646
B,carat_bucket+Shape+Color+Clarity+TypeName+Report+Cut,1.00-1.49,CUSHION,E,VVS2,HPHT,IGI,-,,,3,19057.142857,112.1008
B,carat_bucket+Shape+Color+Clarity+TypeName+Report+Cut,1.00-1.49,CUSHION,F,VS1,CVD,IGI,-,,,1,20100.0,118.2353
B,carat_bucket+Shape+Color+Clarity+TypeName+Report+Cut,1.00-1.49,CUSHION,F,VVS2,CVD,IGI,-,,,1,20106.870229,118.2757
B,carat_bucket+Shape+Color+Clarity+TypeName+Report+Cut,1.00-1.49,CUSHION,F,VVS2,HPHT,IGI,-,,,1,19470.0,114.5294
B,carat_bucket+Shape+Color+Clarity+TypeName+Report+Cut,1.00-1.49,CUSHION,G,VS2,CVD,IGI,-,,,1,20120.300752,118.3547
B,carat_bucket+Shape+Color+Clarity+TypeName+Report+Cut,1.00-1.49,EMERALD,D,VS1,CVD,IGI,-,,,23,19612.871287,115.3698
B,carat_bucket+Shape+Color+Clarity+TypeName+Report+Cut,1.00-1.49,EMERALD,D,VS1,HPHT,IGI,-,,,14,19721.331683,116.0078
B,carat_bucket+Shape+Color+Clarity+TypeName+Report+Cut,1.00-1.49,EMERALD,D,VS2,CVD,IGI,-,,,1,19131.0,112.5353
B,carat_bucket+Shape+Color+Clarity+TypeName+Report+Cut,1.00-1.49,EMERALD,D,VS2,HPHT,IGI,-,,,6,18570.39604,109.2376
B,carat_bucket+Shape+Color+Clarity+TypeName+Report+Cut,1.00-1.49,EMERALD,D,VS2,HPHT,IGI,EX,,,1,18920.792079,111.2988
B,carat_bucket+Shape+Color+Clarity+TypeName+Report+Cut,1.00-1.49,EMERALD,D,VVS1,CVD,IGI,-,,,6,29352.475248,172.6616
B,carat_bucket+Shape+Color+Clarity+TypeName+Report+Cut,1.00-1.49,EMERALD,D,VVS1,HPHT,IGI,-,,,15,28805.825243,169.446
B,carat_bucket+Shape+Color+Clarity+TypeName+Report+Cut,1.00-1.49,EMERALD,D,VVS2,CVD,IGI,-,,,23,19420.588235,114.2388
B,carat_bucket+Shape+Color+Clarity+TypeName+Report+Cut,1.00-1.49,EMERALD,D,VVS2,HPHT,IGI,-,,,28,19318.907563,113.6406
B,carat_bucket+Shape+Color+Clarity+TypeName+Report+Cut,1.00-1.49,EMERALD,D,VVS2,HPHT,IGI,EX,,,1,19083.333333,112.2549
B,carat_bucket+Shape+Color+Clarity+TypeName+Report+Cut,1.00-1.49,EMERALD,E,VS1,CVD,IGI,-,,,26,18908.910891,111.2289
B,carat_bucket+Shape+Color+Clarity+TypeName+Report+Cut,1.00-1.49,EMERALD,E,VS1,HPHT,IGI,-,,,10,18920.792079,111.2988
B,carat_bucket+Shape+Color+Clarity+TypeName+Report+Cut,1.00-1.49,EMERALD,E,VS2,HPHT,IGI,-,,,7,18772.277228,110.4252
B,carat_bucket+Shape+Color+Clarity+TypeName+Report+Cut,1.00-1.49,EMERALD,E,VVS1,CVD,IGI,-,,,3,28055.555556,165.0327
B,carat_bucket+Shape+Color+Clarity+TypeName+Report+Cut,1.00-1.49,EMERALD,E,VVS2,CVD,IGI,-,,,17,18905.882353,111.2111
B,carat_bucket+Shape+Color+Clarity+TypeName+Report+Cut,1.00-1.49,EMERALD,E,VVS2,HPHT,IGI,-,,,1,18980.19802,111.6482
B,carat_bucket+Shape+Color+Clarity+TypeName+Report+Cut,1.00-1.49,EMERALD,F,VS1,HPHT,IGI,-,,,2,18299.563107,107.6445
B,carat_bucket+Shape+Color+Clarity+TypeName+Report+Cut,1.00-1.49,EMERALD,F,VS2,HPHT,IGI,-,,,1,18240.0,107.2941
B,carat_bucket+Shape+Color+Clarity+TypeName+Report+Cut,1.00-1.49,HEART,D,VS1,CVD,IGI,-,,,49,26000.0,152.9412
B,carat_bucket+Shape+Color+Clarity+TypeName+Report+Cut,1.00-1.49,HEART,D,VS1,HPHT,IGI,-,,,9,25443.396226,149.667
B,carat_bucket+Shape+Color+Clarity+TypeName+Report+Cut,1.00-1.49,HEART,D,VS1,HPHT,IGI,传统切,,,3,40941.176471,240.8304
B,carat_bucket+Shape+Color+Clarity+TypeName+Report+Cut,1.00-1.49,HEART,D,VS2,CVD,IGI,-,,,10,26474.986239,155.7352
B,carat_bucket+Shape+Color+Clarity+TypeName+Report+Cut,1.00-1.49,HEART,D,VS2,CVD,IGI,传统切,,,1,34794.642857,204.6744
B,carat_bucket+Shape+Color+Clarity+TypeName+Report+Cut,1.00-1.49,HEART,D,VS2,HPHT,IGI,-,,,1,26009.708738,152.9983
B,carat_bucket+Shape+Color+Clarity+TypeName+Report+Cut,1.00-1.49,HEART,D,VVS1,CVD,IGI,-,,,9,34269.230769,201.5837
B,carat_bucket+Shape+Color+Clarity+TypeName+Report+Cut,1.00-1.49,HEART,D,VVS1,HPHT,IGI,-,,,8,35585.311929,209.3254
B,carat_bucket+Shape+Color+Clarity+TypeName+Report+Cut,1.00-1.49,HEART,D,VVS1,HPHT,IGI,传统切,,,3,53028.571429,311.9328
B,carat_bucket+Shape+Color+Clarity+TypeName+Report+Cut,1.00-1.49,HEART,D,VVS2,CVD,IGI,-,,,52,27207.920792,160.0466
B,carat_bucket+Shape+Color+Clarity+TypeName+Report+Cut,1.00-1.49,HEART,D,VVS2,HPHT,IGI,-,,,10,26265.491453,154.5029
B,carat_bucket+Shape+Color+Clarity+TypeName+Report+Cut,1.00-1.49,HEART,D,VVS2,HPHT,IGI,传统切,,,20,45470.588235,267.474
B,carat_bucket+Shape+Color+Clarity+TypeName+Report+Cut,1.00-1.49,HEART,E,VS1,CVD,IGI,-,,,34,25528.846154,150.1697
B,carat_bucket+Shape+Color+Clarity+TypeName+Report+Cut,1.00-1.49,HEART,E,VS1,HPHT,IGI,-,,,2,26505.0,155.9118
B,carat_bucket+Shape+Color+Clarity+TypeName+Report+Cut,1.00-1.49,HEART,E,VS2,CVD,IGI,-,,,4,25198.043975,148.2238
B,carat_bucket+Shape+Color+Clarity+TypeName+Report+Cut,1.00-1.49,HEART,E,VVS1,CVD,IGI,-,,,1,31363.636364,184.492
B,carat_bucket+Shape+Color+Clarity+TypeName+Report+Cut,1.00-1.49,HEART,E,VVS2,CVD,IGI,-,,,26,26397.117065,155.2772
B,carat_bucket+Shape+Color+Clarity+TypeName+Report+Cut,1.00-1.49,HEART,E,VVS2,HPHT,IGI,-,,,3,24916.666667,146.5686
B,carat_bucket+Shape+Color+Clarity+TypeName+Report+Cut,1.00-1.49,HEART,E,VVS2,HPHT,IGI,传统切,,,2,40547.511312,238.5148
B,carat_bucket+Shape+Color+Clarity+TypeName+Report+Cut,1.00-1.49,HEART,F,VS1,CVD,IGI,-,,,1,24705.882353,145.3287
B,carat_bucket+Shape+Color+Clarity+TypeName+Report+Cut,1.00-1.49,HEART,F,VS1,HPHT,IGI,-,,,1,25470.588235,149.827
B,carat_bucket+Shape+Color+Clarity+TypeName+Report+Cut,1.00-1.49,HEART,F,VS2,CVD,IGI,-,,,1,24653.465347,145.0204
B,carat_bucket+Shape+Color+Clarity+TypeName+Report+Cut,1.00-1.49,HEART,F,VVS2,CVD,IGI,-,,,6,24638.256161,144.9309
B,carat_bucket+Shape+Color+Clarity+TypeName+Report+Cut,1.00-1.49,HEART,F,VVS2,HPHT,IGI,-,,,1,26910.0,158.2941
B,carat_bucket+Shape+Color+Clarity+TypeName+Report+Cut,1.00-1.49,MARQUISE,D,VS1,CVD,IGI,-,,,30,23544.117647,138.4948
B,carat_bucket+Shape+Color+Clarity+TypeName+Report+Cut,1.00-1.49,MARQUISE,D,VS2,CVD,IGI,-,,,8,23274.0,136.9059
B,carat_bucket+Shape+Color+Clarity+TypeName+Report+Cut,1.00-1.49,MARQUISE,D,VS2,HPHT,IGI,-,,,3,23190.0,136.4118
B,carat_bucket+Shape+Color+Clarity+TypeName+Report+Cut,1.00-1.49,MARQUISE,D,VVS1,CVD,IGI,-,,,16,31424.271845,184.8487
B,carat_bucket+Shape+Color+Clarity+TypeName+Report+Cut,1.00-1.49,MARQUISE,D,VVS1,HPHT,IGI,-,,,13,29969.444444,176.2908
B,carat_bucket+Shape+Color+Clarity+TypeName+Report+Cut,1.00-1.49,MARQUISE,D,VVS1,HPHT,IGI,EX,,,6,31676.470588,186.3322
B,carat_bucket+Shape+Color+Clarity+TypeName+Report+Cut,1.00-1.49,MARQUISE,D,VVS2,CVD,IGI,-,,,23,24157.281553,142.1017
B,carat_bucket+Shape+Color+Clarity+TypeName+Report+Cut,1.00-1.49,MARQUISE,D,VVS2,HPHT,IGI,-,,,3,23114.285714,135.9664
B,carat_bucket+Shape+Color+Clarity+TypeName+Report+Cut,1.00-1.49,MARQUISE,D,VVS2,HPHT,IGI,EX,,,1,23852.941176,140.3114
B,carat_bucket+Shape+Color+Clarity+TypeName+Report+Cut,1.00-1.49,MARQUISE,E,VS1,CVD,IGI,-,,,65,21090.0,124.0588
B,carat_bucket+Shape+Color+Clarity+TypeName+Report+Cut,1.00-1.49,MARQUISE,E,VS1,HPHT,IGI,-,,,2,20521.468012,120.7145
B,carat_bucket+Shape+Color+Clarity+TypeName+Report+Cut,1.00-1.49,MARQUISE,E,VS2,CVD,IGI,-,,,4,20143.301887,118.49
B,carat_bucket+Shape+Color+Clarity+TypeName+Report+Cut,1.00-1.49,MARQUISE,E,VVS1,CVD,IGI,-,,,1,28823.529412,169.5502
B,carat_bucket+Shape+Color+Clarity+TypeName+Report+Cut,1.00-1.49,MARQUISE,E,VVS1,HPHT,IGI,-,,,1,32400.0,190.5882
B,carat_bucket+Shape+Color+Clarity+TypeName+Report+Cut,1.00-1.49,MARQUISE,E,VVS2,CVD,IGI,-,,,155,22096.039604,129.9767
B,carat_bucket+Shape+Color+Clarity+TypeName+Report+Cut,1.00-1.49,MARQUISE,F,VS1,CVD,IGI,-,,,2,19559.500693,115.0559
B,carat_bucket+Shape+Color+Clarity+TypeName+Report+Cut,1.00-1.49,MARQUISE,F,VS2,HPHT,IGI,EX,,,1,19008.196721,111.8129
B,carat_bucket+Shape+Color+Clarity+TypeName+Report+Cut,1.00-1.49,MARQUISE,F,VVS2,CVD,IGI,-,,,7,21349.514563,125.5854
B,carat_bucket+Shape+Color+Clarity+TypeName+Report+Cut,1.00-1.49,OVAL,D,IF,HPHT,IGI,-,,,4,38827.261367,228.3957
B,carat_bucket+Shape+Color+Clarity+TypeName+Report+Cut,1.00-1.49,OVAL,D,VS1,CVD,IGI,-,,,119,19194.174757,112.9069
B,carat_bucket+Shape+Color+Clarity+TypeName+Report+Cut,1.00-1.49,OVAL,D,VS1,HPHT,IGI,-,,,25,19223.300971,113.0782
B,carat_bucket+Shape+Color+Clarity+TypeName+Report+Cut,1.00-1.49,OVAL,D,VS1,HPHT,IGI,EX,,,8,19486.446217,114.6262
B,carat_bucket+Shape+Color+Clarity+TypeName+Report+Cut,1.00-1.49,OVAL,D,VS1,HPHT,IGI,传统切,,,35,34603.960396,203.5527
B,carat_bucket+Shape+Color+Clarity+TypeName+Report+Cut,1.00-1.49,OVAL,D,VS2,CVD,IGI,-,,,3,19022.330097,111.8961
B,carat_bucket+Shape+Color+Clarity+TypeName+Report+Cut,1.00-1.49,OVAL,D,VS2,HPHT,IGI,-,,,8,19384.411765,114.026
B,carat_bucket+Shape+Color+Clarity+TypeName+Report+Cut,1.00-1.49,OVAL,D,VS2,HPHT,IGI,EX,,,9,18828.571429,110.7563
B,carat_bucket+Shape+Color+Clarity+TypeName+Report+Cut,1.00-1.49,OVAL,D,VVS1,CVD,IGI,-,,,8,22431.683168,131.9511
B,carat_bucket+Shape+Color+Clarity+TypeName+Report+Cut,1.00-1.49,OVAL,D,VVS1,HPHT,IGI,-,,,30,22294.117647,131.1419
B,carat_bucket+Shape+Color+Clarity+TypeName+Report+Cut,1.00-1.49,OVAL,D,VVS1,HPHT,IGI,EX,,,1,21339.622642,125.5272
B,carat_bucket+Shape+Color+Clarity+TypeName+Report+Cut,1.00-1.49,OVAL,D,VVS1,HPHT,IGI,传统切,,,13,39600.0,232.9412
B,carat_bucket+Shape+Color+Clarity+TypeName+Report+Cut,1.00-1.49,OVAL,D,VVS2,CVD,IGI,-,,,125,20257.425743,119.1613
B,carat_bucket+Shape+Color+Clarity+TypeName+Report+Cut,1.00-1.49,OVAL,D,VVS2,CVD,IGI,传统切,,,1,45962.264151,270.3663
B,carat_bucket+Shape+Color+Clarity+TypeName+Report+Cut,1.00-1.49,OVAL,D,VVS2,CVD,IGI,冰花切,,,1,47000.0,276.4706
B,carat_bucket+Shape+Color+Clarity+TypeName+Report+Cut,1.00-1.49,OVAL,D,VVS2,HPHT,IGI,-,,,68,20097.087379,118.2182
B,carat_bucket+Shape+Color+Clarity+TypeName+Report+Cut,1.00-1.49,OVAL,D,VVS2,HPHT,IGI,EX,,,9,19980.582524,117.5328
B,carat_bucket+Shape+Color+Clarity+TypeName+Report+Cut,1.00-1.49,OVAL,D,VVS2,HPHT,IGI,传统切,,,38,34237.735849,201.3984
B,carat_bucket+Shape+Color+Clarity+TypeName+Report+Cut,1.00-1.49,OVAL,E,VS1,CVD,IGI,-,,,84,21059.405941,123.8789
B,carat_bucket+Shape+Color+Clarity+TypeName+Report+Cut,1.00-1.49,OVAL,E,VS2,CVD,IGI,-,,,3,19437.0,114.3353
B,carat_bucket+Shape+Color+Clarity+TypeName+Report+Cut,1.00-1.49,OVAL,E,VS2,HPHT,IGI,-,,,1,19277.227723,113.3955
B,carat_bucket+Shape+Color+Clarity+TypeName+Report+Cut,1.00-1.49,OVAL,E,VS2,HPHT,IGI,EX,,,2,18670.36626,109.8257
B,carat_bucket+Shape+Color+Clarity+TypeName+Report+Cut,1.00-1.49,OVAL,E,VVS1,CVD,IGI,-,,,11,22241.176471,130.8304
B,carat_bucket+Shape+Color+Clarity+TypeName+Report+Cut,1.00-1.49,OVAL,E,VVS1,CVD,IGI,传统切,,,1,42311.320755,248.8901
B,carat_bucket+Shape+Color+Clarity+TypeName+Report+Cut,1.00-1.49,OVAL,E,VVS1,HPHT,IGI,-,,,5,22461.386139,132.1258
B,carat_bucket+Shape+Color+Clarity+TypeName+Report+Cut,1.00-1.49,OVAL,E,VVS2,CVD,IGI,-,,,32,19544.554455,114.968
B,carat_bucket+Shape+Color+Clarity+TypeName+Report+Cut,1.00-1.49,OVAL,E,VVS2,HPHT,IGI,-,,,3,18277.777778,107.5163
B,carat_bucket+Shape+Color+Clarity+TypeName+Report+Cut,1.00-1.49,OVAL,F,VS1,CVD,IGI,-,,,1,19694.117647,115.8478
B,carat_bucket+Shape+Color+Clarity+TypeName+Report+Cut,1.00-1.49,OVAL,F,VS1,HPHT,IGI,-,,,2,19851.237624,116.772
B,carat_bucket+Shape+Color+Clarity+TypeName+Report+Cut,1.00-1.49,OVAL,F,VS2,CVD,IGI,-,,,7,19563.0,115.0765
B,carat_bucket+Shape+Color+Clarity+TypeName+Report+Cut,1.00-1.49,OVAL,F,VS2,HPHT,IGI,EX,,,1,17944.954128,105.5586
B,carat_bucket+Shape+Color+Clarity+TypeName+Report+Cut,1.00-1.49,OVAL,F,VVS2,CVD,IGI,-,,,1,19541.176471,114.9481
B,carat_bucket+Shape+Color+Clarity+TypeName+Report+Cut,1.00-1.49,OVAL,F,VVS2,HPHT,IGI,-,,,4,19770.0,116.2941
B,carat_bucket+Shape+Color+Clarity+TypeName+Report+Cut,1.00-1.49,OVAL,F,VVS2,HPHT,IGI,EX,,,1,19009.615385,111.8213
B,carat_bucket+Shape+Color+Clarity+TypeName+Report+Cut,1.00-1.49,PEAR,D,IF,CVD,IGI,-,,,1,42825.742574,251.9161
B,carat_bucket+Shape+Color+Clarity+TypeName+Report+Cut,1.00-1.49,PEAR,D,IF,HPHT,IGI,-,,,4,42615.812464,250.6812
B,carat_bucket+Shape+Color+Clarity+TypeName+Report+Cut,1.00-1.49,PEAR,D,VS1,CVD,IGI,-,,,91,20790.0,122.2941
B,carat_bucket+Shape+Color+Clarity+TypeName+Report+Cut,1.00-1.49,PEAR,D,VS1,CVD,IGI,传统切,,,1,33147.058824,194.9827
B,carat_bucket+Shape+Color+Clarity+TypeName+Report+Cut,1.00-1.49,PEAR,D,VS1,CVD,IGI,冰花切,,,1,33147.058824,194.9827
B,carat_bucket+Shape+Color+Clarity+TypeName+Report+Cut,1.00-1.49,PEAR,D,VS1,HPHT,IGI,-,,,3,20264.705882,119.2042
B,carat_bucket+Shape+Color+Clarity+TypeName+Report+Cut,1.00-1.49,PEAR,D,VS1,HPHT,IGI,EX,,,1,20264.705882,119.2042
B,carat_bucket+Shape+Color+Clarity+TypeName+Report+Cut,1.00-1.49,PEAR,D,VS2,CVD,IGI,-,,,16,21003.50495,123.55
B,carat_bucket+Shape+Color+Clarity+TypeName+Report+Cut,1.00-1.49,PEAR,D,VS2,CVD,IGI,传统切,,,1,24183.206107,142.2542
B,carat_bucket+Shape+Color+Clarity+TypeName+Report+Cut,1.00-1.49,PEAR,D,VS2,HPHT,IGI,-,,,3,20085.714286,118.1513
B,carat_bucket+Shape+Color+Clarity+TypeName+Report+Cut,1.00-1.49,PEAR,D,VS2,HPHT,IGI,EX,,,1,21090.0,124.0588
B,carat_bucket+Shape+Color+Clarity+TypeName+Report+Cut,1.00-1.49,PEAR,D,VVS1,CVD,IGI,-,,,17,26411.881188,155.364
B,carat_bucket+Shape+Color+Clarity+TypeName+Report+Cut,1.00-1.49,PEAR,D,VVS1,CVD,IGI,传统切,,,3,39663.461538,233.3145
B,carat_bucket+Shape+Color+Clarity+TypeName+Report+Cut,1.00-1.49,PEAR,D,VVS1,CVD,IGI,冰花切,,,6,38391.509434,225.8324
B,carat_bucket+Shape+Color+Clarity+TypeName+Report+Cut,1.00-1.49,PEAR,D,VVS1,HPHT,IGI,-,,,7,25899.029126,152.3472
B,carat_bucket+Shape+Color+Clarity+TypeName+Report+Cut,1.00-1.49,PEAR,D,VVS1,HPHT,IGI,EX,,,1,24190.909091,142.2995
B,carat_bucket+Shape+Color+Clarity+TypeName+Report+Cut,1.00-1.49,PEAR,D,VVS1,HPHT,IGI,传统切,,,8,26700.0,157.0588
B,carat_bucket+Shape+Color+Clarity+TypeName+Report+Cut,1.00-1.49,PEAR,D,VVS2,CVD,IGI,-,,,157,20881.188119,122.8305
B,carat_bucket+Shape+Color+Clarity+TypeName+Report+Cut,1.00-1.49,PEAR,D,VVS2,CVD,IGI,传统切,,,5,38417.475728,225.9852
B,carat_bucket+Shape+Color+Clarity+TypeName+Report+Cut,1.00-1.49,PEAR,D,VVS2,CVD,IGI,冰花切,,,4,33240.169282,195.5304
B,carat_bucket+Shape+Color+Clarity+TypeName+Report+Cut,1.00-1.49,PEAR,D,VVS2,HPHT,IGI,-,,,18,20638.888889,121.4052
B,carat_bucket+Shape+Color+Clarity+TypeName+Report+Cut,1.00-1.49,PEAR,D,VVS2,HPHT,IGI,EX,,,4,20723.300971,121.9018
B,carat_bucket+Shape+Color+Clarity+TypeName+Report+Cut,1.00-1.49,PEAR,E,VS1,CVD,IGI,-,,,118,20370.0,119.8235
B,carat_bucket+Shape+Color+Clarity+TypeName+Report+Cut,1.00-1.49,PEAR,E,VS1,HPHT,IGI,-,,,8,19132.075472,112.5416
B,carat_bucket+Shape+Color+Clarity+TypeName+Report+Cut,1.00-1.49,PEAR,E,VS1,HPHT,IGI,EX,,,2,19884.264155,116.9663
B,carat_bucket+Shape+Color+Clarity+TypeName+Report+Cut,1.00-1.49,PEAR,E,VS2,CVD,IGI,-,,,10,20503.960396,120.6115
B,carat_bucket+Shape+Color+Clarity+TypeName+Report+Cut,1.00-1.49,PEAR,E,VS2,HPHT,IGI,-,,,1,20495.049505,120.5591
B,carat_bucket+Shape+Color+Clarity+TypeName+Report+Cut,1.00-1.49,PEAR,E,VS2,HPHT,IGI,EX,,,3,20495.049505,120.5591
B,carat_bucket+Shape+Color+Clarity+TypeName+Report+Cut,1.00-1.49,PEAR,E,VVS1,CVD,IGI,-,,,9,25829.70297,151.9394
B,carat_bucket+Shape+Color+Clarity+TypeName+Report+Cut,1.00-1.49,PEAR,E,VVS1,CVD,IGI,传统切,,,2,36080.0,212.2353
B,carat_bucket+Shape+Color+Clarity+TypeName+Report+Cut,1.00-1.49,PEAR,E,VVS1,HPHT,IGI,-,,,4,25699.07767,151.171
B,carat_bucket+Shape+Color+Clarity+TypeName+Report+Cut,1.00-1.49,PEAR,E,VVS1,HPHT,IGI,EX,,,1,25558.823529,150.346
B,carat_bucket+Shape+Color+Clarity+TypeName+Report+Cut,1.00-1.49,PEAR,E,VVS2,CVD,IGI,-,,,40,19443.396226,114.3729
B,carat_bucket+Shape+Color+Clarity+TypeName+Report+Cut,1.00-1.49,PEAR,E,VVS2,CVD,IGI,传统切,,,2,32222.996365,189.547
B,carat_bucket+Shape+Color+Clarity+TypeName+Report+Cut,1.00-1.49,PEAR,E,VVS2,CVD,IGI,冰花切,,,1,30933.962264,181.9645
B,carat_bucket+Shape+Color+Clarity+TypeName+Report+Cut,1.00-1.49,PEAR,E,VVS2,HPHT,IGI,-,,,7,20435.643564,120.2097
B,carat_bucket+Shape+Color+Clarity+TypeName+Report+Cut,1.00-1.49,PEAR,E,VVS2,HPHT,IGI,EX,,,3,20235.294118,119.0311
B,carat_bucket+Shape+Color+Clarity+TypeName+Report+Cut,1.00-1.49,PEAR,F,VS1,CVD,IGI,-,,,19,19805.825243,116.5049
B,carat_bucket+Shape+Color+Clarity+TypeName+Report+Cut,1.00-1.49,PEAR,F,VS2,CVD,IGI,-,,,4,20105.825243,118.2696
B,carat_bucket+Shape+Color+Clarity+TypeName+Report+Cut,1.00-1.49,PEAR,F,VVS1,CVD,IGI,-,,,1,31500.0,185.2941
B,carat_bucket+Shape+Color+Clarity+TypeName+Report+Cut,1.00-1.49,PEAR,F,VVS2,CVD,IGI,-,,,29,20044.660194,117.9098
B,carat_bucket+Shape+Color+Clarity+TypeName+Report+Cut,1.00-1.49,PEAR,F,VVS2,HPHT,IGI,-,,,4,19601.777939,115.3046
B,carat_bucket+Shape+Color+Clarity+TypeName+Report+Cut,1.00-1.49,PRINCESS,D,VS1,CVD,IGI,-,,,30,21101.004659,124.1236
B,carat_bucket+Shape+Color+Clarity+TypeName+Report+Cut,1.00-1.49,PRINCESS,D,VS1,HPHT,IGI,-,,,1,20204.716981,118.8513
B,carat_bucket+Shape+Color+Clarity+TypeName+Report+Cut,1.00-1.49,PRINCESS,D,VS1,HPHT,IGI,EX,,,1,20509.615385,120.6448
B,carat_bucket+Shape+Color+Clarity+TypeName+Report+Cut,1.00-1.49,PRINCESS,D,VS2,CVD,IGI,-,,,2,19988.554455,117.5797
B,carat_bucket+Shape+Color+Clarity+TypeName+Report+Cut,1.00-1.49,PRINCESS,D,VS2,HPHT,IGI,-,,,3,19676.470588,115.7439
B,carat_bucket+Shape+Color+Clarity+TypeName+Report+Cut,1.00-1.49,PRINCESS,D,VVS1,CVD,IGI,-,,,35,37800.0,222.3529
B,carat_bucket+Shape+Color+Clarity+TypeName+Report+Cut,1.00-1.49,PRINCESS,D,VVS1,HPHT,IGI,-,,,3,23244.117647,136.7301
B,carat_bucket+Shape+Color+Clarity+TypeName+Report+Cut,1.00-1.49,PRINCESS,D,VVS2,CVD,IGI,-,,,95,20311.926606,119.4819
B,carat_bucket+Shape+Color+Clarity+TypeName+Report+Cut,1.00-1.49,PRINCESS,D,VVS2,HPHT,IGI,-,,,9,21334.951456,125.4997
B,carat_bucket+Shape+Color+Clarity+TypeName+Report+Cut,1.00-1.49,PRINCESS,D,VVS2,HPHT,IGI,EX,,,2,21685.294118,127.5606
B,carat_bucket+Shape+Color+Clarity+TypeName+Report+Cut,1.00-1.49,PRINCESS,E,VS1,CVD,IGI,-,,,71,19782.178218,116.3658
B,carat_bucket+Shape+Color+Clarity+TypeName+Report+Cut,1.00-1.49,PRINCESS,E,VS2,CVD,IGI,-,,,3,20241.0,119.0647
B,carat_bucket+Shape+Color+Clarity+TypeName+Report+Cut,1.00-1.49,PRINCESS,E,VS2,HPHT,IGI,EX,,,2,19807.692308,116.5158
B,carat_bucket+Shape+Color+Clarity+TypeName+Report+Cut,1.00-1.49,PRINCESS,E,VVS1,CVD,IGI,-,,,6,38947.783589,229.1046
B,carat_bucket+Shape+Color+Clarity+TypeName+Report+Cut,1.00-1.49,PRINCESS,E,VVS2,CVD,IGI,-,,,32,19505.660377,114.7392
B,carat_bucket+Shape+Color+Clarity+TypeName+Report+Cut,1.00-1.49,PRINCESS,E,VVS2,HPHT,IGI,EX,,,1,20038.834951,117.8755
B,carat_bucket+Shape+Color+Clarity+TypeName+Report+Cut,1.00-1.49,PRINCESS,F,VS1,CVD,IGI,-,,,6,18287.373004,107.5728
B,carat_bucket+Shape+Color+Clarity+TypeName+Report+Cut,1.00-1.49,PRINCESS,F,VVS1,CVD,IGI,-,,,3,31211.009174,183.5942
B,carat_bucket+Shape+Color+Clarity+TypeName+Report+Cut,1.00-1.49,PRINCESS,F,VVS1,HPHT,IGI,-,,,1,26280.0,154.5882
B,carat_bucket+Shape+Color+Clarity+TypeName+Report+Cut,1.00-1.49,PRINCESS,F,VVS2,CVD,IGI,-,,,5,19306.930693,113.5702
B,carat_bucket+Shape+Color+Clarity+TypeName+Report+Cut,1.00-1.49,RADIANT,D,VS1,CVD,IGI,-,,,18,22782.178218,134.0128
B,carat_bucket+Shape+Color+Clarity+TypeName+Report+Cut,1.00-1.49,RADIANT,D,VS1,HPHT,IGI,-,,,7,21857.142857,128.5714
B,carat_bucket+Shape+Color+Clarity+TypeName+Report+Cut,1.00-1.49,RADIANT,D,VS2,CVD,IGI,-,,,1,20111.111111,118.3007
B,carat_bucket+Shape+Color+Clarity+TypeName+Report+Cut,1.00-1.49,RADIANT,D,VS2,HPHT,IGI,-,,,2,21484.245283,126.3779
B,carat_bucket+Shape+Color+Clarity+TypeName+Report+Cut,1.00-1.49,RADIANT,D,VVS1,CVD,IGI,-,,,1,24873.786408,146.3164
B,carat_bucket+Shape+Color+Clarity+TypeName+Report+Cut,1.00-1.49,RADIANT,D,VVS1,HPHT,IGI,-,,,7,24801.980198,145.894
B,carat_bucket+Shape+Color+Clarity+TypeName+Report+Cut,1.00-1.49,RADIANT,D,VVS1,HPHT,IGI,EX,,,2,25680.0,151.0588
B,carat_bucket+Shape+Color+Clarity+TypeName+Report+Cut,1.00-1.49,RADIANT,D,VVS2,CVD,IGI,-,,,37,24436.893204,143.7464
B,carat_bucket+Shape+Color+Clarity+TypeName+Report+Cut,1.00-1.49,RADIANT,D,VVS2,HPHT,IGI,-,,,11,24000.0,141.1765
B,carat_bucket+Shape+Color+Clarity+TypeName+Report+Cut,1.00-1.49,RADIANT,D,VVS2,HPHT,IGI,EX,,,3,23688.679245,139.3452
B,carat_bucket+Shape+Color+Clarity+TypeName+Report+Cut,1.00-1.49,RADIANT,E,VS1,CVD,IGI,-,,,19,18647.89916,109.6935
B,carat_bucket+Shape+Color+Clarity+TypeName+Report+Cut,1.00-1.49,RADIANT,E,VS1,HPHT,IGI,-,,,6,20761.020984,122.1237
B,carat_bucket+Shape+Color+Clarity+TypeName+Report+Cut,1.00-1.49,RADIANT,E,VS2,CVD,IGI,-,,,1,20100.0,118.2353
B,carat_bucket+Shape+Color+Clarity+TypeName+Report+Cut,1.00-1.49,RADIANT,E,VVS1,HPHT,IGI,-,,,1,26280.0,154.5882
B,carat_bucket+Shape+Color+Clarity+TypeName+Report+Cut,1.00-1.49,RADIANT,E,VVS2,CVD,IGI,-,,,32,22029.411765,129.5848
B,carat_bucket+Shape+Color+Clarity+TypeName+Report+Cut,1.00-1.49,RADIANT,E,VVS2,HPHT,IGI,-,,,5,21576.923077,126.9231
B,carat_bucket+Shape+Color+Clarity+TypeName+Report+Cut,1.00-1.49,RADIANT,F,VS1,CVD,IGI,-,,,7,20108.695652,118.2864
B,carat_bucket+Shape+Color+Clarity+TypeName+Report+Cut,1.00-1.49,RADIANT,F,VVS2,HPHT,IGI,-,,,1,21115.384615,124.2081
B,carat_bucket+Shape+Color+Clarity+TypeName+Report+Cut,1.00-1.49,RADIANT,G,VS1,CVD,IGI,-,,,3,20125.984252,118.3881
B,carat_bucket+Shape+Color+Clarity+TypeName+Report+Cut,1.00-1.49,RADIANT,G,VS2,CVD,IGI,-,,,1,20116.27907,118.3311
B,carat_bucket+Shape+Color+Clarity+TypeName+Report+Cut,1.00-1.49,ROUND,D,IF,HPHT,IGI,ID,,,17,35192.523364,207.0148
B,carat_bucket+Shape+Color+Clarity+TypeName+Report+Cut,1.00-1.49,ROUND,D,SI1,CVD,IGI,EX,,,1,20821.782178,122.4811
B,carat_bucket+Shape+Color+Clarity+TypeName+Report+Cut,1.00-1.49,ROUND,D,SI1,HPHT,IGI,ID,,,2,17764.117647,104.4948
B,carat_bucket+Shape+Color+Clarity+TypeName+Report+Cut,1.00-1.49,ROUND,D,VS1,CVD,IGI,EX,,,16,21394.392034,125.8494
B,carat_bucket+Shape+Color+Clarity+TypeName+Report+Cut,1.00-1.49,ROUND,D,VS1,CVD,IGI,ID,,,48,22223.300971,130.7253
B,carat_bucket+Shape+Color+Clarity+TypeName+Report+Cut,1.00-1.49,ROUND,D,VS1,HPHT,IGI,EX,,,346,20625.480857,121.3264
B,carat_bucket+Shape+Color+Clarity+TypeName+Report+Cut,1.00-1.49,ROUND,D,VS1,HPHT,IGI,ID,,,833,19354.455446,113.8497
B,carat_bucket+Shape+Color+Clarity+TypeName+Report+Cut,1.00-1.49,ROUND,D,VS2,CVD,IGI,EX,,,9,21611.650485,127.1274
B,carat_bucket+Shape+Color+Clarity+TypeName+Report+Cut,1.00-1.49,ROUND,D,VS2,CVD,IGI,ID,,,29,21403.846154,125.905
B,carat_bucket+Shape+Color+Clarity+TypeName+Report+Cut,1.00-1.49,ROUND,D,VS2,CVD,IGI,VG,,,1,21030.0,123.7059
B,carat_bucket+Shape+Color+Clarity+TypeName+Report+Cut,1.00-1.49,ROUND,D,VS2,HPHT,IGI,EX,,,36,18594.059406,109.3768
B,carat_bucket+Shape+Color+Clarity+TypeName+Report+Cut,1.00-1.49,ROUND,D,VS2,HPHT,IGI,ID,,,198,18259.615385,107.4095
B,carat_bucket+Shape+Color+Clarity+TypeName+Report+Cut,1.00-1.49,ROUND,D,VS,-,IGI,EX,,,2,15475.79693,91.0341
B,carat_bucket+Shape+Color+Clarity+TypeName+Report+Cut,1.00-1.49,ROUND,D,VVS1,CVD,IGI,EX,,,5,30106.19469,177.0953
B,carat_bucket+Shape+Color+Clarity+TypeName+Report+Cut,1.00-1.49,ROUND,D,VVS1,CVD,IGI,ID,,,10,31500.0,185.2941
B,carat_bucket+Shape+Color+Clarity+TypeName+Report+Cut,1.00-1.49,ROUND,D,VVS1,HPHT,IGI,EX,,,58,22630.78241,133.1222
B,carat_bucket+Shape+Color+Clarity+TypeName+Report+Cut,1.00-1.49,ROUND,D,VVS1,HPHT,IGI,ID,,,323,21967.647059,129.2215
B,carat_bucket+Shape+Color+Clarity+TypeName+Report+Cut,1.00-1.49,ROUND,D,VVS2,CVD,IGI,EX,,,40,22098.214286,129.9895
B,carat_bucket+Shape+Color+Clarity+TypeName+Report+Cut,1.00-1.49,ROUND,D,VVS2,CVD,IGI,ID,,,143,21902.654867,128.8391
B,carat_bucket+Shape+Color+Clarity+TypeName+Report+Cut,1.00-1.49,ROUND,D,VVS2,HPHT,IGI,EX,,,225,21682.352941,127.5433
B,carat_bucket+Shape+Color+Clarity+TypeName+Report+Cut,1.00-1.49,ROUND,D,VVS2,HPHT,IGI,ID,,,860,19368.932039,113.9349
B,carat_bucket+Shape+Color+Clarity+TypeName+Report+Cut,1.00-1.49,ROUND,D,VVS,-,IGI,EX,,,5,16363.636364,96.2567
B,carat_bucket+Shape+Color+Clarity+TypeName+Report+Cut,1.00-1.49,ROUND,E,IF,HPHT,IGI,ID,,,2,29274.604072,172.2036
B,carat_bucket+Shape+Color+Clarity+TypeName+Report+Cut,1.00-1.49,ROUND,E,SI1,CVD,IGI,EX,,,1,19654.205607,115.613
B,carat_bucket+Shape+Color+Clarity+TypeName+Report+Cut,1.00-1.49,ROUND,E,SI1,HPHT,IGI,ID,,,3,18059.405941,106.2318
B,carat_bucket+Shape+Color+Clarity+TypeName+Report+Cut,1.00-1.49,ROUND,E,VS1,CVD,IGI,EX,,,29,21514.285714,126.5546
B,carat_bucket+Shape+Color+Clarity+TypeName+Report+Cut,1.00-1.49,ROUND,E,VS1,CVD,IGI,ID,,,76,21311.320755,125.3607
B,carat_bucket+Shape+Color+Clarity+TypeName+Report+Cut,1.00-1.49,ROUND,E,VS1,HPHT,IGI,EX,,,21,19560.0,115.0588
B,carat_bucket+Shape+Color+Clarity+TypeName+Report+Cut,1.00-1.49,ROUND,E,VS1,HPHT,IGI,ID,,,84,19560.0,115.0588
B,carat_bucket+Shape+Color+Clarity+TypeName+Report+Cut,1.00-1.49,ROUND,E,VS2,CVD,IGI,EX,,,2,18437.047233,108.4532
B,carat_bucket+Shape+Color+Clarity+TypeName+Report+Cut,1.00-1.49,ROUND,E,VS2,CVD,IGI,ID,,,12,20338.476459,119.6381
B,carat_bucket+Shape+Color+Clarity+TypeName+Report+Cut,1.00-1.49,ROUND,E,VS2,HPHT,IGI,EX,,,1,19080.0,112.2353
B,carat_bucket+Shape+Color+Clarity+TypeName+Report+Cut,1.00-1.49,ROUND,E,VS2,HPHT,IGI,ID,,,23,18201.923077,107.0701
B,carat_bucket+Shape+Color+Clarity+TypeName+Report+Cut,1.00-1.49,ROUND,E,VVS1,CVD,IGI,EX,,,3,21521.73913,126.5985
B,carat_bucket+Shape+Color+Clarity+TypeName+Report+Cut,1.00-1.49,ROUND,E,VVS1,CVD,IGI,ID,,,2,32547.581975,191.4564
B,carat_bucket+Shape+Color+Clarity+TypeName+Report+Cut,1.00-1.49,ROUND,E,VVS1,HPHT,IGI,EX,,,11,21514.285714,126.5546
B,carat_bucket+Shape+Color+Clarity+TypeName+Report+Cut,1.00-1.49,ROUND,E,VVS1,HPHT,IGI,ID,,,68,20437.5,120.2206
B,carat_bucket+Shape+Color+Clarity+TypeName+Report+Cut,1.00-1.49,ROUND,E,VVS2,CVD,IGI,EX,,,14,20718.75,121.875
B,carat_bucket+Shape+Color+Clarity+TypeName+Report+Cut,1.00-1.49,ROUND,E,VVS2,CVD,IGI,ID,,,44,21392.523364,125.8384
B,carat_bucket+Shape+Color+Clarity+TypeName+Report+Cut,1.00-1.49,ROUND,E,VVS2,HPHT,IGI,EX,,,83,21403.846154,125.905
B,carat_bucket+Shape+Color+Clarity+TypeName+Report+Cut,1.00-1.49,ROUND,E,VVS2,HPHT,IGI,ID,,,275,20803.738318,122.3749
B,carat_bucket+Shape+Color+Clarity+TypeName+Report+Cut,1.00-1.49,ROUND,F,VS1,HPHT,IGI,ID,,,9,19369.306931,113.9371
B,carat_bucket+Shape+Color+Clarity+TypeName+Report+Cut,1.00-1.49,ROUND,F,VS2,HPHT,IGI,EX,,,2,19939.038462,117.2885
B,carat_bucket+Shape+Color+Clarity+TypeName+Report+Cut,1.00-1.49,ROUND,F,VS2,HPHT,IGI,ID,,,4,17819.444444,104.8203
B,carat_bucket+Shape+Color+Clarity+TypeName+Report+Cut,1.00-1.49,ROUND,F,VVS1,HPHT,IGI,ID,,,8,19478.512279,114.5795
B,carat_bucket+Shape+Color+Clarity+TypeName+Report+Cut,1.00-1.49,ROUND,F,VVS2,CVD,IGI,EX,,,14,22298.076923,131.1652
B,carat_bucket+Shape+Color+Clarity+TypeName+Report+Cut,1.00-1.49,ROUND,F,VVS2,CVD,IGI,ID,,,2,21674.790356,127.4988
B,carat_bucket+Shape+Color+Clarity+TypeName+Report+Cut,1.00-1.49,ROUND,F,VVS2,HPHT,IGI,EX,,,4,19462.5,114.4853
B,carat_bucket+Shape+Color+Clarity+TypeName+Report+Cut,1.00-1.49,ROUND,F,VVS2,HPHT,IGI,ID,,,11,18837.142857,110.8067
B,carat_bucket+Shape+Color+Clarity+TypeName+Report+Cut,1.00-1.49,SQUARE,D,VS1,CVD,IGI,-,,,3,19502.912621,114.723
B,carat_bucket+Shape+Color+Clarity+TypeName+Report+Cut,1.00-1.49,SQUARE,D,VS1,HPHT,IGI,-,,,6,20088.0,118.1647
B,carat_bucket+Shape+Color+Clarity+TypeName+Report+Cut,1.00-1.49,SQUARE,D,VVS2,HPHT,IGI,-,,,9,20135.643564,118.445
B,carat_bucket+Shape+Color+Clarity+TypeName+Report+Cut,1.00-1.49,SQUARE,E,VS1,CVD,IGI,-,,,6,19034.107523,111.9653
B,carat_bucket+Shape+Color+Clarity+TypeName+Report+Cut,1.00-1.49,SQUARE,E,VS1,HPHT,IGI,-,,,1,17980.909091,105.7701
B,carat_bucket+Shape+Color+Clarity+TypeName+Report+Cut,1.00-1.49,SQUARE,F,VS1,CVD,IGI,-,,,2,20126.049467,118.3885
B,carat_bucket+Shape+Color+Clarity+TypeName+Report+Cut,1.50-1.99,-,D,VS1,CVD,IGI,-,,,4,36039.212401,211.9954
B,carat_bucket+Shape+Color+Clarity+TypeName+Report+Cut,1.50-1.99,-,D,VVS1,CVD,IGI,-,,,1,45716.981132,268.9234
B,carat_bucket+Shape+Color+Clarity+TypeName+Report+Cut,1.50-1.99,-,D,VVS2,CVD,IGI,-,,,2,41986.923077,246.9819
B,carat_bucket+Shape+Color+Clarity+TypeName+Report+Cut,1.50-1.99,-,E,VVS2,CVD,IGI,-,,,4,37650.35014,221.4726
B,carat_bucket+Shape+Color+Clarity+TypeName+Report+Cut,1.50-1.99,ASSCHER,D,IF,HPHT,IGI,-,,,2,17311.336254,101.8314
B,carat_bucket+Shape+Color+Clarity+TypeName+Report+Cut,1.50-1.99,ASSCHER,D,VS1,CVD,IGI,-,,,6,19594.900662,115.2641
B,carat_bucket+Shape+Color+Clarity+TypeName+Report+Cut,1.50-1.99,ASSCHER,D,VS1,HPHT,IGI,-,,,1,19800.0,116.4706
B,carat_bucket+Shape+Color+Clarity+TypeName+Report+Cut,1.50-1.99,ASSCHER,D,VS2,HPHT,IGI,-,,,2,19415.496689,114.2088
B,carat_bucket+Shape+Color+Clarity+TypeName+Report+Cut,1.50-1.99,ASSCHER,D,VVS1,HPHT,IGI,-,,,1,30715.231788,180.6778
B,carat_bucket+Shape+Color+Clarity+TypeName+Report+Cut,1.50-1.99,ASSCHER,D,VVS2,CVD,IGI,-,,,2,18787.990196,110.5176
B,carat_bucket+Shape+Color+Clarity+TypeName+Report+Cut,1.50-1.99,ASSCHER,D,VVS2,HPHT,IGI,-,,,5,18398.734177,108.2278
B,carat_bucket+Shape+Color+Clarity+TypeName+Report+Cut,1.50-1.99,ASSCHER,E,VS1,CVD,IGI,-,,,3,18189.873418,106.9993
B,carat_bucket+Shape+Color+Clarity+TypeName+Report+Cut,1.50-1.99,ASSCHER,E,VVS2,CVD,IGI,-,,,6,19594.900662,115.2641
B,carat_bucket+Shape+Color+Clarity+TypeName+Report+Cut,1.50-1.99,ASSCHER,E,VVS2,HPHT,IGI,-,,,1,19401.315789,114.1254
B,carat_bucket+Shape+Color+Clarity+TypeName+Report+Cut,1.50-1.99,CUSHION,D,VS1,CVD,IGI,-,,,14,18746.357616,110.2727
B,carat_bucket+Shape+Color+Clarity+TypeName+Report+Cut,1.50-1.99,CUSHION,D,VS1,HPHT,IGI,-,,,11,18352.941176,107.9585
B,carat_bucket+Shape+Color+Clarity+TypeName+Report+Cut,1.50-1.99,CUSHION,D,VS2,CVD,IGI,-,,,1,18098.684211,106.4628
B,carat_bucket+Shape+Color+Clarity+TypeName+Report+Cut,1.50-1.99,CUSHION,D,VS2,HPHT,IGI,-,,,1,18118.421053,106.5789
B,carat_bucket+Shape+Color+Clarity+TypeName+Report+Cut,1.50-1.99,CUSHION,D,VVS1,HPHT,IGI,-,,,7,30823.529412,181.3149
B,carat_bucket+Shape+Color+Clarity+TypeName+Report+Cut,1.50-1.99,CUSHION,D,VVS2,CVD,IGI,-,,,9,19379.605263,113.9977
B,carat_bucket+Shape+Color+Clarity+TypeName+Report+Cut,1.50-1.99,CUSHION,D,VVS2,HPHT,IGI,-,,,43,19322.368421,113.661
B,carat_bucket+Shape+Color+Clarity+TypeName+Report+Cut,1.50-1.99,CUSHION,E,VS1,CVD,IGI,-,,,14,18158.613628,106.8154
B,carat_bucket+Shape+Color+Clarity+TypeName+Report+Cut,1.50-1.99,CUSHION,E,VS1,HPHT,IGI,-,,,3,18100.0,106.4706
B,carat_bucket+Shape+Color+Clarity+TypeName+Report+Cut,1.50-1.99,CUSHION,E,VVS1,HPHT,IGI,-,,,1,27929.032258,164.2884
B,carat_bucket+Shape+Color+Clarity+TypeName+Report+Cut,1.50-1.99,CUSHION,E,VVS2,CVD,IGI,-,,,9,17447.852761,102.6344
B,carat_bucket+Shape+Color+Clarity+TypeName+Report+Cut,1.50-1.99,CUSHION,E,VVS2,HPHT,IGI,-,,,8,18475.448763,108.6791
B,carat_bucket+Shape+Color+Clarity+TypeName+Report+Cut,1.50-1.99,CUSHION,F,VS1,CVD,IGI,-,,,1,20104.972376,118.2645
B,carat_bucket+Shape+Color+Clarity+TypeName+Report+Cut,1.50-1.99,CUSHION,F,VS1,HPHT,IGI,-,,,1,20688.311688,121.696
B,carat_bucket+Shape+Color+Clarity+TypeName+Report+Cut,1.50-1.99,CUSHION,F,VVS2,CVD,IGI,-,,,2,22396.830144,131.7461
B,carat_bucket+Shape+Color+Clarity+TypeName+Report+Cut,1.50-1.99,CUSHION,G,VVS2,HPHT,IGI,-,,,1,14961.290323,88.0076
B,carat_bucket+Shape+Color+Clarity+TypeName+Report+Cut,1.50-1.99,EMERALD,D,IF,HPHT,IGI,-,,,1,34980.392157,205.767
B,carat_bucket+Shape+Color+Clarity+TypeName+Report+Cut,1.50-1.99,EMERALD,D,VS1,CVD,IGI,-,,,41,17113.207547,100.6659
B,carat_bucket+Shape+Color+Clarity+TypeName+Report+Cut,1.50-1.99,EMERALD,D,VS1,HPHT,IGI,-,,,5,17537.254902,103.1603
B,carat_bucket+Shape+Color+Clarity+TypeName+Report+Cut,1.50-1.99,EMERALD,D,VS2,CVD,IGI,-,,,2,14939.772371,87.881
B,carat_bucket+Shape+Color+Clarity+TypeName+Report+Cut,1.50-1.99,EMERALD,D,VVS1,CVD,IGI,-,,,6,32530.769231,191.3575
B,carat_bucket+Shape+Color+Clarity+TypeName+Report+Cut,1.50-1.99,EMERALD,D,VVS1,HPHT,IGI,-,,,4,26090.322581,153.4725
B,carat_bucket+Shape+Color+Clarity+TypeName+Report+Cut,1.50-1.99,EMERALD,D,VVS2,CVD,IGI,-,,,39,19423.076923,114.2534
B,carat_bucket+Shape+Color+Clarity+TypeName+Report+Cut,1.50-1.99,EMERALD,D,VVS2,HPHT,IGI,-,,,3,19890.789474,117.0046
B,carat_bucket+Shape+Color+Clarity+TypeName+Report+Cut,1.50-1.99,EMERALD,E,IF,HPHT,IGI,-,,,1,26447.368421,155.5728
B,carat_bucket+Shape+Color+Clarity+TypeName+Report+Cut,1.50-1.99,EMERALD,E,VS1,CVD,IGI,-,,,37,17084.415584,100.4966
B,carat_bucket+Shape+Color+Clarity+TypeName+Report+Cut,1.50-1.99,EMERALD,E,VS2,CVD,IGI,-,,,6,16500.0,97.0588
B,carat_bucket+Shape+Color+Clarity+TypeName+Report+Cut,1.50-1.99,EMERALD,E,VVS1,HPHT,IGI,-,,,1,19860.0,116.8235
B,carat_bucket+Shape+Color+Clarity+TypeName+Report+Cut,1.50-1.99,EMERALD,E,VVS2,CVD,IGI,-,,,45,18552.631579,109.1331
B,carat_bucket+Shape+Color+Clarity+TypeName+Report+Cut,1.50-1.99,EMERALD,F,VS1,CVD,IGI,-,,,1,15355.263158,90.3251
B,carat_bucket+Shape+Color+Clarity+TypeName+Report+Cut,1.50-1.99,EMERALD,F,VS2,CVD,IGI,-,,,2,18732.492997,110.1911
B,carat_bucket+Shape+Color+Clarity+TypeName+Report+Cut,1.50-1.99,EMERALD,F,VVS2,CVD,IGI,-,,,3,17088.607595,100.5212
B,carat_bucket+Shape+Color+Clarity+TypeName+Report+Cut,1.50-1.99,EMERALD,G,VS1,CVD,IGI,-,,,1,20119.760479,118.3515
B,carat_bucket+Shape+Color+Clarity+TypeName+Report+Cut,1.50-1.99,EMERALD,G,VVS1,CVD,IGI,-,,,1,18867.924528,110.9878
B,carat_bucket+Shape+Color+Clarity+TypeName+Report+Cut,1.50-1.99,EMERALD,G,VVS2,CVD,IGI,-,,,1,20115.606936,118.3271
B,carat_bucket+Shape+Color+Clarity+TypeName+Report+Cut,1.50-1.99,HEART,D,VS1,CVD,IGI,-,,,11,20486.0,120.5059
B,carat_bucket+Shape+Color+Clarity+TypeName+Report+Cut,1.50-1.99,HEART,D,VS1,HPHT,IGI,-,,,6,19916.329048,117.1549
B,carat_bucket+Shape+Color+Clarity+TypeName+Report+Cut,1.50-1.99,HEART,D,VVS2,CVD,IGI,-,,,7,20346.835443,119.6873
B,carat_bucket+Shape+Color+Clarity+TypeName+Report+Cut,1.50-1.99,HEART,D,VVS2,CVD,IGI,传统切,,,1,42134.831461,247.8519
B,carat_bucket+Shape+Color+Clarity+TypeName+Report+Cut,1.50-1.99,HEART,D,VVS2,CVD,IGI,冰花切,,,2,46798.078172,275.2828
B,carat_bucket+Shape+Color+Clarity+TypeName+Report+Cut,1.50-1.99,HEART,D,VVS2,HPHT,IGI,-,,,7,21298.013245,125.2824
B,carat_bucket+Shape+Color+Clarity+TypeName+Report+Cut,1.50-1.99,HEART,E,VS1,CVD,IGI,-,,,3,18723.417722,110.1378
B,carat_bucket+Shape+Color+Clarity+TypeName+Report+Cut,1.50-1.99,HEART,E,VS1,HPHT,IGI,-,,,1,18189.873418,106.9993
B,carat_bucket+Shape+Color+Clarity+TypeName+Report+Cut,1.50-1.99,HEART,E,VS2,CVD,IGI,-,,,1,29733.333333,174.902
B,carat_bucket+Shape+Color+Clarity+TypeName+Report+Cut,1.50-1.99,HEART,E,VVS1,CVD,IGI,冰花切,,,1,43773.584906,257.4917
B,carat_bucket+Shape+Color+Clarity+TypeName+Report+Cut,1.50-1.99,HEART,E,VVS2,CVD,IGI,-,,,2,19206.877303,112.9816
B,carat_bucket+Shape+Color+Clarity+TypeName+Report+Cut,1.50-1.99,HEART,E,VVS2,CVD,IGI,传统切,,,2,43203.918723,254.1407
B,carat_bucket+Shape+Color+Clarity+TypeName+Report+Cut,1.50-1.99,HEART,E,VVS2,HPHT,IGI,-,,,5,20549.019608,120.8766
B,carat_bucket+Shape+Color+Clarity+TypeName+Report+Cut,1.50-1.99,HEART,F,VS1,CVD,IGI,冰花切,,,1,19951.612903,117.3624
B,carat_bucket+Shape+Color+Clarity+TypeName+Report+Cut,1.50-1.99,MARQUISE,D,VS1,CVD,IGI,-,,,24,26321.052632,154.8297
B,carat_bucket+Shape+Color+Clarity+TypeName+Report+Cut,1.50-1.99,MARQUISE,D,VS1,HPHT,IGI,-,,,1,26269.736842,154.5279
B,carat_bucket+Shape+Color+Clarity+TypeName+Report+Cut,1.50-1.99,MARQUISE,D,VS2,CVD,IGI,-,,,3,26002.649007,152.9568
B,carat_bucket+Shape+Color+Clarity+TypeName+Report+Cut,1.50-1.99,MARQUISE,D,VVS1,CVD,IGI,-,,,1,41721.854305,245.4227
B,carat_bucket+Shape+Color+Clarity+TypeName+Report+Cut,1.50-1.99,MARQUISE,D,VVS2,CVD,IGI,-,,,15,26651.612903,156.7742
B,carat_bucket+Shape+Color+Clarity+TypeName+Report+Cut,1.50-1.99,MARQUISE,E,VS1,CVD,IGI,-,,,41,21888.888889,128.7582
B,carat_bucket+Shape+Color+Clarity+TypeName+Report+Cut,1.50-1.99,MARQUISE,E,VS2,CVD,IGI,-,,,5,21432.515337,126.0736
B,carat_bucket+Shape+Color+Clarity+TypeName+Report+Cut,1.50-1.99,MARQUISE,E,VVS2,CVD,IGI,-,,,32,22855.214724,134.4424
B,carat_bucket+Shape+Color+Clarity+TypeName+Report+Cut,1.50-1.99,MARQUISE,F,VVS2,CVD,IGI,-,,,2,31855.774003,187.3869
B,carat_bucket+Shape+Color+Clarity+TypeName+Report+Cut,1.50-1.99,OVAL,D,VS1,CVD,IGI,-,,,34,19080.0,112.2353
B,carat_bucket+Shape+Color+Clarity+TypeName+Report+Cut,1.50-1.99,OVAL,D,VS1,HPHT,IGI,-,,,13,18729.411765,110.173
B,carat_bucket+Shape+Color+Clarity+TypeName+Report+Cut,1.50-1.99,OVAL,D,VS2,CVD,IGI,-,,,16,18037.974684,106.1057
B,carat_bucket+Shape+Color+Clarity+TypeName+Report+Cut,1.50-1.99,OVAL,D,VS2,HPHT,IGI,-,,,1,31288.343558,184.0491
B,carat_bucket+Shape+Color+Clarity+TypeName+Report+Cut,1.50-1.99,OVAL,D,VVS1,CVD,IGI,-,,,20,31118.461538,183.0498
B,carat_bucket+Shape+Color+Clarity+TypeName+Report+Cut,1.50-1.99,OVAL,D,VVS1,CVD,IGI,传统切,,,1,39634.615385,233.1448
B,carat_bucket+Shape+Color+Clarity+TypeName+Report+Cut,1.50-1.99,OVAL,D,VVS1,HPHT,IGI,-,,,23,31608.552632,185.9327
B,carat_bucket+Shape+Color+Clarity+TypeName+Report+Cut,1.50-1.99,OVAL,D,VVS2,CVD,IGI,-,,,43,19450.980392,114.4175
B,carat_bucket+Shape+Color+Clarity+TypeName+Report+Cut,1.50-1.99,OVAL,D,VVS2,CVD,IGI,传统切,,,1,35000.0,205.8824
B,carat_bucket+Shape+Color+Clarity+TypeName+Report+Cut,1.50-1.99,OVAL,D,VVS2,CVD,IGI,冰花切,,,1,35841.059603,210.8298
B,carat_bucket+Shape+Color+Clarity+TypeName+Report+Cut,1.50-1.99,OVAL,D,VVS2,HPHT,IGI,-,,,33,19739.215686,116.113
B,carat_bucket+Shape+Color+Clarity+TypeName+Report+Cut,1.50-1.99,OVAL,E,VS1,CVD,IGI,-,,,58,17590.062112,103.471
B,carat_bucket+Shape+Color+Clarity+TypeName+Report+Cut,1.50-1.99,OVAL,E,VS1,CVD,IGI,冰花切,,,2,30439.858491,179.058
B,carat_bucket+Shape+Color+Clarity+TypeName+Report+Cut,1.50-1.99,OVAL,E,VS2,CVD,IGI,-,,,2,17817.303797,104.8077
B,carat_bucket+Shape+Color+Clarity+TypeName+Report+Cut,1.50-1.99,OVAL,E,VS2,CVD,IGI,冰花切,,,1,26664.473684,156.8498
B,carat_bucket+Shape+Color+Clarity+TypeName+Report+Cut,1.50-1.99,OVAL,E,VVS1,CVD,IGI,冰花切,,,1,35922.580645,211.3093
B,carat_bucket+Shape+Color+Clarity+TypeName+Report+Cut,1.50-1.99,OVAL,E,VVS2,CVD,IGI,-,,,61,18658.064516,109.7533
B,carat_bucket+Shape+Color+Clarity+TypeName+Report+Cut,1.50-1.99,OVAL,E,VVS2,CVD,IGI,冰花切,,,1,34827.81457,204.8695
B,carat_bucket+Shape+Color+Clarity+TypeName+Report+Cut,1.50-1.99,OVAL,E,VVS2,HPHT,IGI,-,,,2,26145.0,153.7941
B,carat_bucket+Shape+Color+Clarity+TypeName+Report+Cut,1.50-1.99,OVAL,E,VVS2,HPHT,IGI,EX,,,1,19280.0,113.4118
B,carat_bucket+Shape+Color+Clarity+TypeName+Report+Cut,1.50-1.99,OVAL,F,VS1,CVD,IGI,-,,,16,18834.437086,110.7908
B,carat_bucket+Shape+Color+Clarity+TypeName+Report+Cut,1.50-1.99,OVAL,F,VS2,CVD,IGI,-,,,2,18503.075472,108.8416
B,carat_bucket+Shape+Color+Clarity+TypeName+Report+Cut,1.50-1.99,OVAL,F,VS2,CVD,IGI,冰花切,,,1,23788.461538,139.9321
B,carat_bucket+Shape+Color+Clarity+TypeName+Report+Cut,1.50-1.99,OVAL,F,VVS2,CVD,IGI,-,,,13,18986.842105,111.6873
B,carat_bucket+Shape+Color+Clarity+TypeName+Report+Cut,1.50-1.99,PEAR,D,VS1,CVD,IGI,-,,,48,17951.54529,105.5973
B,carat_bucket+Shape+Color+Clarity+TypeName+Report+Cut,1.50-1.99,PEAR,D,VS1,CVD,IGI,冰花切,,,1,30920.0,181.8824
B,carat_bucket+Shape+Color+Clarity+TypeName+Report+Cut,1.50-1.99,PEAR,D,VS2,CVD,IGI,-,,,14,18710.526316,110.0619
B,carat_bucket+Shape+Color+Clarity+TypeName+Report+Cut,1.50-1.99,PEAR,D,VVS1,CVD,IGI,-,,,6,32688.258278,192.2839
B,carat_bucket+Shape+Color+Clarity+TypeName+Report+Cut,1.50-1.99,PEAR,D,VVS1,CVD,IGI,传统切,,,1,37916.129032,223.0361
B,carat_bucket+Shape+Color+Clarity+TypeName+Report+Cut,1.50-1.99,PEAR,D,VVS1,HPHT,IGI,-,,,1,32754.0,192.6706
B,carat_bucket+Shape+Color+Clarity+TypeName+Report+Cut,1.50-1.99,PEAR,D,VVS1,HPHT,IGI,EX,,,2,31871.473751,187.4793
B,carat_bucket+Shape+Color+Clarity+TypeName+Report+Cut,1.50-1.99,PEAR,D,VVS2,CVD,IGI,-,,,88,18470.588235,108.6505
B,carat_bucket+Shape+Color+Clarity+TypeName+Report+Cut,1.50-1.99,PEAR,D,VVS2,CVD,IGI,冰花切,,,2,30421.806967,178.9518
B,carat_bucket+Shape+Color+Clarity+TypeName+Report+Cut,1.50-1.99,PEAR,D,VVS2,HPHT,IGI,-,,,1,19325.165563,113.6774
B,carat_bucket+Shape+Color+Clarity+TypeName+Report+Cut,1.50-1.99,PEAR,D,VVS2,HPHT,IGI,EX,,,3,18515.923567,108.9172
B,carat_bucket+Shape+Color+Clarity+TypeName+Report+Cut,1.50-1.99,PEAR,E,VS1,CVD,IGI,-,,,38,18427.083333,108.3946
B,carat_bucket+Shape+Color+Clarity+TypeName+Report+Cut,1.50-1.99,PEAR,E,VS1,CVD,IGI,冰花切,,,1,29901.315789,175.8901
B,carat_bucket+Shape+Color+Clarity+TypeName+Report+Cut,1.50-1.99,PEAR,E,VS2,CVD,IGI,-,,,4,18627.81457,109.5754
B,carat_bucket+Shape+Color+Clarity+TypeName+Report+Cut,1.50-1.99,PEAR,E,VVS1,HPHT,IGI,-,,,1,28780.0,169.2941
B,carat_bucket+Shape+Color+Clarity+TypeName+Report+Cut,1.50-1.99,PEAR,E,VVS1,HPHT,IGI,EX,,,1,28589.403974,168.173
B,carat_bucket+Shape+Color+Clarity+TypeName+Report+Cut,1.50-1.99,PEAR,E,VVS2,CVD,IGI,-,,,78,18223.920103,107.1995
B,carat_bucket+Shape+Color+Clarity+TypeName+Report+Cut,1.50-1.99,PEAR,F,VS1,CVD,IGI,-,,,9,18496.688742,108.8041
B,carat_bucket+Shape+Color+Clarity+TypeName+Report+Cut,1.50-1.99,PEAR,F,VS1,HPHT,IGI,EX,,,1,18437.086093,108.4534
B,carat_bucket+Shape+Color+Clarity+TypeName+Report+Cut,1.50-1.99,PEAR,F,VS2,CVD,IGI,-,,,2,18277.265823,107.5133
B,carat_bucket+Shape+Color+Clarity+TypeName+Report+Cut,1.50-1.99,PEAR,F,VVS1,CVD,IGI,-,,,3,25548.387097,150.2846
B,carat_bucket+Shape+Color+Clarity+TypeName+Report+Cut,1.50-1.99,PEAR,F,VVS2,CVD,IGI,-,,,31,18346.153846,107.9186
B,carat_bucket+Shape+Color+Clarity+TypeName+Report+Cut,1.50-1.99,PRINCESS,D,VS1,CVD,IGI,-,,,70,28640.0,168.4706
B,carat_bucket+Shape+Color+Clarity+TypeName+Report+Cut,1.50-1.99,PRINCESS,D,VS2,CVD,IGI,-,,,4,21756.399632,127.9788
B,carat_bucket+Shape+Color+Clarity+TypeName+Report+Cut,1.50-1.99,PRINCESS,D,VS2,HPHT,IGI,EX,,,1,17442.307692,102.6018
B,carat_bucket+Shape+Color+Clarity+TypeName+Report+Cut,1.50-1.99,PRINCESS,D,VVS1,CVD,IGI,-,,,23,38156.862745,224.4521
B,carat_bucket+Shape+Color+Clarity+TypeName+Report+Cut,1.50-1.99,PRINCESS,D,VVS2,CVD,IGI,-,,,88,35018.867925,205.9933
B,carat_bucket+Shape+Color+Clarity+TypeName+Report+Cut,1.50-1.99,PRINCESS,E,VS1,CVD,IGI,-,,,37,23193.75,136.4338
B,carat_bucket+Shape+Color+Clarity+TypeName+Report+Cut,1.50-1.99,PRINCESS,E,VS2,CVD,IGI,-,,,2,20225.238411,118.972
B,carat_bucket+Shape+Color+Clarity+TypeName+Report+Cut,1.50-1.99,PRINCESS,E,VVS1,CVD,IGI,-,,,20,34151.85636,200.8933
B,carat_bucket+Shape+Color+Clarity+TypeName+Report+Cut,1.50-1.99,PRINCESS,E,VVS2,CVD,IGI,-,,,50,18019.86755,105.9992
B,carat_bucket+Shape+Color+Clarity+TypeName+Report+Cut,1.50-1.99,PRINCESS,E,VVS2,HPHT,IGI,-,,,1,18040.0,106.1176
B,carat_bucket+Shape+Color+Clarity+TypeName+Report+Cut,1.50-1.99,PRINCESS,F,VS1,CVD,IGI,-,,,1,16470.588235,96.8858
B,carat_bucket+Shape+Color+Clarity+TypeName+Report+Cut,1.50-1.99,PRINCESS,F,VS2,CVD,IGI,-,,,2,21645.686275,127.3276
B,carat_bucket+Shape+Color+Clarity+TypeName+Report+Cut,1.50-1.99,PRINCESS,F,VVS1,CVD,IGI,-,,,5,26857.894737,157.9876
B,carat_bucket+Shape+Color+Clarity+TypeName+Report+Cut,1.50-1.99,PRINCESS,F,VVS2,CVD,IGI,-,,,9,22754.716981,133.8513
B,carat_bucket+Shape+Color+Clarity+TypeName+Report+Cut,1.50-1.99,PRINCESS,G,VVS1,CVD,IGI,-,,,2,18897.033267,111.159
B,carat_bucket+Shape+Color+Clarity+TypeName+Report+Cut,1.50-1.99,RADIANT,D,VS1,CVD,IGI,-,,,30,15042.038217,88.4826
B,carat_bucket+Shape+Color+Clarity+TypeName+Report+Cut,1.50-1.99,RADIANT,D,VVS1,HPHT,IGI,EX,,,1,24254.901961,142.6759
B,carat_bucket+Shape+Color+Clarity+TypeName+Report+Cut,1.50-1.99,RADIANT,D,VVS2,CVD,IGI,-,,,29,16470.588235,96.8858
B,carat_bucket+Shape+Color+Clarity+TypeName+Report+Cut,1.50-1.99,RADIANT,D,VVS2,HPHT,IGI,-,,,7,16914.473684,99.4969
B,carat_bucket+Shape+Color+Clarity+TypeName+Report+Cut,1.50-1.99,RADIANT,E,VS1,CVD,IGI,-,,,19,14852.830189,87.3696
B,carat_bucket+Shape+Color+Clarity+TypeName+Report+Cut,1.50-1.99,RADIANT,E,VVS1,HPHT,IGI,-,,,1,21967.105263,129.2183
B,carat_bucket+Shape+Color+Clarity+TypeName+Report+Cut,1.50-1.99,RADIANT,E,VVS2,CVD,IGI,-,,,24,15217.105263,89.5124
B,carat_bucket+Shape+Color+Clarity+TypeName+Report+Cut,1.50-1.99,RADIANT,F,VS1,CVD,IGI,-,,,3,14230.769231,83.7104
B,carat_bucket+Shape+Color+Clarity+TypeName+Report+Cut,1.50-1.99,RADIANT,F,VVS2,CVD,IGI,-,,,4,14582.278481,85.7781
B,carat_bucket+Shape+Color+Clarity+TypeName+Report+Cut,1.50-1.99,ROUND,D,IF,HPHT,IGI,ID,,,8,48112.5,283.0147
B,carat_bucket+Shape+Color+Clarity+TypeName+Report+Cut,1.50-1.99,ROUND,D,SI1,CVD,IGI,EX,,,1,22381.578947,131.6563
B,carat_bucket+Shape+Color+Clarity+TypeName+Report+Cut,1.50-1.99,ROUND,D,VS1,CVD,IGI,EX,,,6,21293.220762,125.2542
B,carat_bucket+Shape+Color+Clarity+TypeName+Report+Cut,1.50-1.99,ROUND,D,VS1,CVD,IGI,ID,,,8,21366.217812,125.6836
B,carat_bucket+Shape+Color+Clarity+TypeName+Report+Cut,1.50-1.99,ROUND,D,VS1,HPHT,IGI,EX,,,21,19820.0,116.5882
B,carat_bucket+Shape+Color+Clarity+TypeName+Report+Cut,1.50-1.99,ROUND,D,VS1,HPHT,IGI,ID,,,62,19395.686275,114.0923
B,carat_bucket+Shape+Color+Clarity+TypeName+Report+Cut,1.50-1.99,ROUND,D,VS2,CVD,IGI,EX,,,1,18150.0,106.7647
B,carat_bucket+Shape+Color+Clarity+TypeName+Report+Cut,1.50-1.99,ROUND,D,VS2,CVD,IGI,ID,,,9,19432.0,114.3059
B,carat_bucket+Shape+Color+Clarity+TypeName+Report+Cut,1.50-1.99,ROUND,D,VS2,HPHT,IGI,EX,,,13,21854.304636,128.5547
B,carat_bucket+Shape+Color+Clarity+TypeName+Report+Cut,1.50-1.99,ROUND,D,VS2,HPHT,IGI,ID,,,24,18565.605096,109.2094
B,carat_bucket+Shape+Color+Clarity+TypeName+Report+Cut,1.50-1.99,ROUND,D,VVS1,CVD,IGI,ID,,,4,29171.359899,171.5962
B,carat_bucket+Shape+Color+Clarity+TypeName+Report+Cut,1.50-1.99,ROUND,D,VVS1,HPHT,IGI,EX,,,4,29260.12309,172.1184
B,carat_bucket+Shape+Color+Clarity+TypeName+Report+Cut,1.50-1.99,ROUND,D,VVS1,HPHT,IGI,ID,,,54,29360.784314,172.7105
B,carat_bucket+Shape+Color+Clarity+TypeName+Report+Cut,1.50-1.99,ROUND,D,VVS2,CVD,IGI,EX,,,1,29900.0,175.8824
B,carat_bucket+Shape+Color+Clarity+TypeName+Report+Cut,1.50-1.99,ROUND,D,VVS2,CVD,IGI,ID,,,14,23877.176471,140.454
B,carat_bucket+Shape+Color+Clarity+TypeName+Report+Cut,1.50-1.99,ROUND,D,VVS2,HPHT,IGI,EX,,,18,21340.0,125.5294
B,carat_bucket+Shape+Color+Clarity+TypeName+Report+Cut,1.50-1.99,ROUND,D,VVS2,HPHT,IGI,ID,,,52,21198.675497,124.6981
B,carat_bucket+Shape+Color+Clarity+TypeName+Report+Cut,1.50-1.99,ROUND,E,VS1,CVD,IGI,EX,,,6,18491.992775,108.7764
B,carat_bucket+Shape+Color+Clarity+TypeName+Report+Cut,1.50-1.99,ROUND,E,VS1,CVD,IGI,ID,,,19,23788.461538,139.9321
B,carat_bucket+Shape+Color+Clarity+TypeName+Report+Cut,1.50-1.99,ROUND,E,VS1,HPHT,IGI,EX,,,2,22772.52527,133.956
B,carat_bucket+Shape+Color+Clarity+TypeName+Report+Cut,1.50-1.99,ROUND,E,VS1,HPHT,IGI,ID,,,13,18725.0,110.1471
B,carat_bucket+Shape+Color+Clarity+TypeName+Report+Cut,1.50-1.99,ROUND,E,VS2,CVD,IGI,ID,,,4,19059.776316,112.1163
B,carat_bucket+Shape+Color+Clarity+TypeName+Report+Cut,1.50-1.99,ROUND,E,VS2,HPHT,IGI,EX,,,1,17227.54491,101.3385
B,carat_bucket+Shape+Color+Clarity+TypeName+Report+Cut,1.50-1.99,ROUND,E,VS2,HPHT,IGI,ID,,,17,18567.096774,109.2182
B,carat_bucket+Shape+Color+Clarity+TypeName+Report+Cut,1.50-1.99,ROUND,E,VVS1,CVD,IGI,EX,,,3,36080.0,212.2353
B,carat_bucket+Shape+Color+Clarity+TypeName+Report+Cut,1.50-1.99,ROUND,E,VVS1,CVD,IGI,ID,,,8,30162.823149,177.4284
B,carat_bucket+Shape+Color+Clarity+TypeName+Report+Cut,1.50-1.99,ROUND,E,VVS2,CVD,IGI,EX,,,19,20664.473684,121.5557
B,carat_bucket+Shape+Color+Clarity+TypeName+Report+Cut,1.50-1.99,ROUND,E,VVS2,CVD,IGI,ID,,,73,20264.516129,119.203
B,carat_bucket+Shape+Color+Clarity+TypeName+Report+Cut,1.50-1.99,ROUND,E,VVS2,HPHT,IGI,EX,,,18,20940.0,123.1765
B,carat_bucket+Shape+Color+Clarity+TypeName+Report+Cut,1.50-1.99,ROUND,E,VVS2,HPHT,IGI,ID,,,33,20664.473684,121.5557
B,carat_bucket+Shape+Color+Clarity+TypeName+Report+Cut,1.50-1.99,ROUND,F,VS1,CVD,IGI,EX,,,1,18398.734177,108.2278
B,carat_bucket+Shape+Color+Clarity+TypeName+Report+Cut,1.50-1.99,ROUND,F,VS1,CVD,IGI,ID,,,7,19243.708609,113.1983
B,carat_bucket+Shape+Color+Clarity+TypeName+Report+Cut,1.50-1.99,ROUND,F,VS2,CVD,IGI,ID,,,5,19448.344371,114.402
B,carat_bucket+Shape+Color+Clarity+TypeName+Report+Cut,1.50-1.99,ROUND,F,VVS1,CVD,IGI,EX,,,1,28085.526316,165.209
B,carat_bucket+Shape+Color+Clarity+TypeName+Report+Cut,1.50-1.99,ROUND,F,VVS1,CVD,IGI,ID,,,6,25346.844181,149.0991
B,carat_bucket+Shape+Color+Clarity+TypeName+Report+Cut,1.50-1.99,ROUND,F,VVS2,CVD,IGI,EX,,,10,26274.509804,154.5559
B,carat_bucket+Shape+Color+Clarity+TypeName+Report+Cut,1.50-1.99,ROUND,F,VVS2,CVD,IGI,ID,,,10,25910.931174,152.4172
B,carat_bucket+Shape+Color+Clarity+TypeName+Report+Cut,1.50-1.99,ROUND,F,VVS2,HPHT,IGI,EX,,,1,22360.248447,131.5309
B,carat_bucket+Shape+Color+Clarity+TypeName+Report+Cut,1.50-1.99,ROUND,F,VVS2,HPHT,IGI,ID,,,1,19607.843137,115.3403
B,carat_bucket+Shape+Color+Clarity+TypeName+Report+Cut,1.50-1.99,ROUND,H,VVS2,HPHT,IGI,ID,,,1,18710.526316,110.0619
B,carat_bucket+Shape+Color+Clarity+TypeName+Report+Cut,1.50-1.99,SQUARE,D,VS1,CVD,IGI,-,,,5,16292.81768,95.8401
B,carat_bucket+Shape+Color+Clarity+TypeName+Report+Cut,1.50-1.99,SQUARE,D,VVS1,CVD,IGI,-,,,2,32418.551587,190.6974
B,carat_bucket+Shape+Color+Clarity+TypeName+Report+Cut,1.50-1.99,SQUARE,D,VVS2,CVD,IGI,-,,,2,25879.280224,152.2311
B,carat_bucket+Shape+Color+Clarity+TypeName+Report+Cut,1.50-1.99,SQUARE,E,VS1,CVD,IGI,-,,,7,19274.509804,113.3795
B,carat_bucket+Shape+Color+Clarity+TypeName+Report+Cut,1.50-1.99,SQUARE,E,VS1,HPHT,IGI,-,,,1,19660.0,115.6471
B,carat_bucket+Shape+Color+Clarity+TypeName+Report+Cut,1.50-1.99,SQUARE,E,VVS2,CVD,IGI,-,,,5,19025.806452,111.9165
B,carat_bucket+Shape+Color+Clarity+TypeName+Report+Cut,1.50-1.99,SQUARE,F,VS1,CVD,IGI,-,,,1,24948.387097,146.7552
B,carat_bucket+Shape+Color+Clarity+TypeName+Report+Cut,10.00+,-,D,VVS1,CVD,IGI,-,,,1,118405.819296,696.5048
B,carat_bucket+Shape+Color+Clarity+TypeName+Report+Cut,10.00+,ASHOKA,E,VS1,CVD,IGI,-,,,1,59765.217391,351.5601
B,carat_bucket+Shape+Color+Clarity+TypeName+Report+Cut,10.00+,CUSHION,D,VS1,CVD,IGI,-,,,1,30834.49651,181.3794
B,carat_bucket+Shape+Color+Clarity+TypeName+Report+Cut,10.00+,CUSHION,F,VVS2,CVD,IGI,-,,,1,27640.516385,162.5913
B,carat_bucket+Shape+Color+Clarity+TypeName+Report+Cut,10.00+,EMERALD,D,VS1,CVD,IGI,-,,,2,55175.256963,324.5603
B,carat_bucket+Shape+Color+Clarity+TypeName+Report+Cut,10.00+,EMERALD,D,VVS1,CVD,IGI,-,,,22,41759.669202,245.6451
B,carat_bucket+Shape+Color+Clarity+TypeName+Report+Cut,10.00+,EMERALD,D,VVS2,CVD,IGI,-,,,6,68814.583431,404.7917
B,carat_bucket+Shape+Color+Clarity+TypeName+Report+Cut,10.00+,EMERALD,E,VS1,CVD,IGI,-,,,16,25371.399707,149.2435
B,carat_bucket+Shape+Color+Clarity+TypeName+Report+Cut,10.00+,EMERALD,E,VVS1,CVD,IGI,-,,,2,37334.936564,219.6173
B,carat_bucket+Shape+Color+Clarity+TypeName+Report+Cut,10.00+,EMERALD,E,VVS2,CVD,IGI,-,,,22,26949.330804,158.5255
B,carat_bucket+Shape+Color+Clarity+TypeName+Report+Cut,10.00+,EMERALD,F,VS1,CVD,IGI,-,,,14,25173.951209,148.0821
B,carat_bucket+Shape+Color+Clarity+TypeName+Report+Cut,10.00+,EMERALD,F,VVS2,CVD,IGI,-,,,12,24935.592765,146.68
B,carat_bucket+Shape+Color+Clarity+TypeName+Report+Cut,10.00+,HEART,D,VS1,CVD,IGI,-,,,1,67701.19403,398.2423
B,carat_bucket+Shape+Color+Clarity+TypeName+Report+Cut,10.00+,HEART,D,VVS1,CVD,IGI,-,,,1,129051.798561,759.1282
B,carat_bucket+Shape+Color+Clarity+TypeName+Report+Cut,10.00+,HEART,D,VVS1,CVD,IGI,冰花切,,,7,89440.639269,526.1214
B,carat_bucket+Shape+Color+Clarity+TypeName+Report+Cut,10.00+,HEART,D,VVS2,CVD,IGI,冰花切,,,3,65083.333333,382.8431
B,carat_bucket+Shape+Color+Clarity+TypeName+Report+Cut,10.00+,HEART,E,VS1,CVD,IGI,-,,,3,50927.54491,299.5738
B,carat_bucket+Shape+Color+Clarity+TypeName+Report+Cut,10.00+,MARQUISE,D,VVS1,CVD,IGI,-,,,3,83427.745665,490.7514
B,carat_bucket+Shape+Color+Clarity+TypeName+Report+Cut,10.00+,MARQUISE,D,VVS2,CVD,IGI,-,,,1,71393.351801,419.9609
B,carat_bucket+Shape+Color+Clarity+TypeName+Report+Cut,10.00+,MARQUISE,E,VS1,CVD,IGI,-,,,3,27176.470588,159.8616
B,carat_bucket+Shape+Color+Clarity+TypeName+Report+Cut,10.00+,MARQUISE,E,VVS1,CVD,IGI,-,,,1,132194.539249,777.6149
B,carat_bucket+Shape+Color+Clarity+TypeName+Report+Cut,10.00+,MARQUISE,E,VVS2,CVD,IGI,-,,,7,33065.47619,194.5028
B,carat_bucket+Shape+Color+Clarity+TypeName+Report+Cut,10.00+,MARQUISE,F,VVS2,CVD,IGI,-,,,4,32705.681282,192.3864
B,carat_bucket+Shape+Color+Clarity+TypeName+Report+Cut,10.00+,OVAL,D,VS1,CVD,IGI,冰花切,,,1,50268.582755,295.6975
B,carat_bucket+Shape+Color+Clarity+TypeName+Report+Cut,10.00+,OVAL,D,VVS1,CVD,IGI,-,,,11,99568.350669,585.6962
B,carat_bucket+Shape+Color+Clarity+TypeName+Report+Cut,10.00+,OVAL,D,VVS1,CVD,IGI,传统切,,,2,95795.938359,563.5055
B,carat_bucket+Shape+Color+Clarity+TypeName+Report+Cut,10.00+,OVAL,D,VVS1,CVD,IGI,冰花切,,,11,60436.68993,355.5099
B,carat_bucket+Shape+Color+Clarity+TypeName+Report+Cut,10.00+,OVAL,D,VVS2,CVD,IGI,-,,,2,91479.573459,538.1151
B,carat_bucket+Shape+Color+Clarity+TypeName+Report+Cut,10.00+,OVAL,D,VVS2,CVD,IGI,冰花切,,,5,77473.161034,455.7245
B,carat_bucket+Shape+Color+Clarity+TypeName+Report+Cut,10.00+,OVAL,E,VS1,CVD,IGI,-,,,5,34318.145563,201.8714
B,carat_bucket+Shape+Color+Clarity+TypeName+Report+Cut,10.00+,OVAL,E,VVS1,CVD,IGI,传统切,,,1,48643.68932,286.1393
B,carat_bucket+Shape+Color+Clarity+TypeName+Report+Cut,10.00+,OVAL,E,VVS2,CVD,IGI,-,,,31,34811.665005,204.7745
B,carat_bucket+Shape+Color+Clarity+TypeName+Report+Cut,10.00+,OVAL,F,VS1,CVD,IGI,-,,,7,29565.434565,173.9143
B,carat_bucket+Shape+Color+Clarity+TypeName+Report+Cut,10.00+,OVAL,F,VVS1,CVD,IGI,-,,,2,41239.0113,242.5824
B,carat_bucket+Shape+Color+Clarity+TypeName+Report+Cut,10.00+,OVAL,F,VVS2,CVD,IGI,-,,,11,31893.638171,187.6096
B,carat_bucket+Shape+Color+Clarity+TypeName+Report+Cut,10.00+,PEAR,D,VS1,CVD,IGI,传统切,,,1,51453.982301,302.6705
B,carat_bucket+Shape+Color+Clarity+TypeName+Report+Cut,10.00+,PEAR,D,VVS1,CVD,IGI,-,,,5,59416.167665,349.5069
B,carat_bucket+Shape+Color+Clarity+TypeName+Report+Cut,10.00+,PEAR,D,VVS1,CVD,IGI,传统切,,,3,65112.214499,383.013
B,carat_bucket+Shape+Color+Clarity+TypeName+Report+Cut,10.00+,PEAR,D,VVS1,CVD,IGI,冰花切,,,15,125123.25784,736.0192
B,carat_bucket+Shape+Color+Clarity+TypeName+Report+Cut,10.00+,PEAR,D,VVS2,CVD,IGI,-,,,1,118186.046512,695.212
B,carat_bucket+Shape+Color+Clarity+TypeName+Report+Cut,10.00+,PEAR,D,VVS2,CVD,IGI,冰花切,,,2,74952.816516,440.8989
B,carat_bucket+Shape+Color+Clarity+TypeName+Report+Cut,10.00+,PEAR,E,VS1,CVD,IGI,-,,,5,31000.96432,182.3586
B,carat_bucket+Shape+Color+Clarity+TypeName+Report+Cut,10.00+,PEAR,E,VVS2,CVD,IGI,-,,,5,32628.712871,191.9336
B,carat_bucket+Shape+Color+Clarity+TypeName+Report+Cut,10.00+,PEAR,F,VS1,CVD,IGI,-,,,5,29714.001986,174.7882
B,carat_bucket+Shape+Color+Clarity+TypeName+Report+Cut,10.00+,PEAR,F,VVS2,CVD,IGI,-,,,3,30038.88335,176.6993
B,carat_bucket+Shape+Color+Clarity+TypeName+Report+Cut,10.00+,PRINCESS,E,VVS2,CVD,IGI,-,,,1,59206.759443,348.2751
B,carat_bucket+Shape+Color+Clarity+TypeName+Report+Cut,10.00+,RADIANT,D,VVS1,CVD,IGI,-,,,5,38062.5,223.8971
B,carat_bucket+Shape+Color+Clarity+TypeName+Report+Cut,10.00+,RADIANT,D,VVS2,CVD,IGI,-,,,2,71151.912339,418.5407
B,carat_bucket+Shape+Color+Clarity+TypeName+Report+Cut,10.00+,RADIANT,E,VS1,CVD,IGI,-,,,3,29153.046953,171.4885
B,carat_bucket+Shape+Color+Clarity+TypeName+Report+Cut,10.00+,RADIANT,E,VVS2,CVD,IGI,-,,,9,30218.344965,177.755
B,carat_bucket+Shape+Color+Clarity+TypeName+Report+Cut,10.00+,RADIANT,F,VVS2,CVD,IGI,-,,,1,29407.738095,172.9867
B,carat_bucket+Shape+Color+Clarity+TypeName+Report+Cut,10.00+,ROUND,D,VVS1,CVD,IGI,EX,,,3,92506.480558,544.1558
B,carat_bucket+Shape+Color+Clarity+TypeName+Report+Cut,10.00+,ROUND,D,VVS1,CVD,IGI,ID,,,23,86252.988048,507.3705
B,carat_bucket+Shape+Color+Clarity+TypeName+Report+Cut,10.00+,ROUND,D,VVS2,CVD,IGI,EX,,,2,75912.682067,446.5452
B,carat_bucket+Shape+Color+Clarity+TypeName+Report+Cut,10.00+,ROUND,D,VVS2,CVD,IGI,ID,,,3,70024.528302,411.909
B,carat_bucket+Shape+Color+Clarity+TypeName+Report+Cut,10.00+,ROUND,E,VS1,CVD,IGI,EX,,,1,53601.190476,315.3011
B,carat_bucket+Shape+Color+Clarity+TypeName+Report+Cut,10.00+,ROUND,E,VS1,CVD,IGI,ID,,,3,53958.383234,317.4023
B,carat_bucket+Shape+Color+Clarity+TypeName+Report+Cut,10.00+,ROUND,E,VVS1,CVD,IGI,ID,,,4,63087.129313,371.1008
B,carat_bucket+Shape+Color+Clarity+TypeName+Report+Cut,10.00+,ROUND,E,VVS2,CVD,IGI,ID,,,4,60651.898431,356.7759
B,carat_bucket+Shape+Color+Clarity+TypeName+Report+Cut,10.00+,ROUND,F,VS1,CVD,IGI,EX,,,1,51514.97006,303.0292
B,carat_bucket+Shape+Color+Clarity+TypeName+Report+Cut,10.00+,ROUND,F,VVS1,CVD,IGI,ID,,,1,49978.279757,293.9899
B,carat_bucket+Shape+Color+Clarity+TypeName+Report+Cut,10.00+,ROUND,F,VVS2,CVD,IGI,ID,,,3,54107.355865,318.2786
B,carat_bucket+Shape+Color+Clarity+TypeName+Report+Cut,10.00+,SQUARE,D,VVS1,CVD,IGI,-,,,2,88734.157596,521.9656
B,carat_bucket+Shape+Color+Clarity+TypeName+Report+Cut,10.00+,SQUARE,D,VVS2,CVD,IGI,-,,,3,59005.121639,347.089
B,carat_bucket+Shape+Color+Clarity+TypeName+Report+Cut,10.00+,SQUARE,E,VS1,CVD,IGI,-,,,2,68313.879364,401.8463
B,carat_bucket+Shape+Color+Clarity+TypeName+Report+Cut,10.00+,SQUARE,E,VVS1,CVD,IGI,-,,,1,28986.041874,170.5061
B,carat_bucket+Shape+Color+Clarity+TypeName+Report+Cut,10.00+,SQUARE,E,VVS2,CVD,IGI,-,,,1,55242.637644,324.9567
B,carat_bucket+Shape+Color+Clarity+TypeName+Report+Cut,10.00+,SQUARE,F,VVS1,CVD,IGI,-,,,1,26232.142857,154.3067
B,carat_bucket+Shape+Color+Clarity+TypeName+Report+Cut,2.00-2.99,-,D,VS1,CVD,IGI,-,,,10,53141.114149,312.5948
B,carat_bucket+Shape+Color+Clarity+TypeName+Report+Cut,2.00-2.99,-,D,VVS1,CVD,IGI,-,,,21,66588.516746,391.6972
B,carat_bucket+Shape+Color+Clarity+TypeName+Report+Cut,2.00-2.99,-,D,VVS2,CVD,IGI,-,,,39,59196.172249,348.2128
B,carat_bucket+Shape+Color+Clarity+TypeName+Report+Cut,2.00-2.99,-,E,VVS1,CVD,IGI,-,,,8,48956.678783,287.9805
B,carat_bucket+Shape+Color+Clarity+TypeName+Report+Cut,2.00-2.99,-,E,VVS2,CVD,IGI,-,,,5,45043.68932,264.9629
B,carat_bucket+Shape+Color+Clarity+TypeName+Report+Cut,2.00-2.99,ASSCHER,D,VS1,CVD,IGI,-,,,3,23762.376238,139.7787
B,carat_bucket+Shape+Color+Clarity+TypeName+Report+Cut,2.00-2.99,ASSCHER,D,VS1,HPHT,IGI,-,,,3,24626.865672,144.8639
B,carat_bucket+Shape+Color+Clarity+TypeName+Report+Cut,2.00-2.99,ASSCHER,D,VVS1,HPHT,IGI,-,,,1,38462.686567,226.2511
B,carat_bucket+Shape+Color+Clarity+TypeName+Report+Cut,2.00-2.99,ASSCHER,D,VVS2,CVD,IGI,-,,,3,25014.925373,147.1466
B,carat_bucket+Shape+Color+Clarity+TypeName+Report+Cut,2.00-2.99,ASSCHER,D,VVS2,HPHT,IGI,-,,,4,28339.805825,166.7047
B,carat_bucket+Shape+Color+Clarity+TypeName+Report+Cut,2.00-2.99,ASSCHER,E,VS1,CVD,IGI,-,,,5,21524.271845,126.6134
B,carat_bucket+Shape+Color+Clarity+TypeName+Report+Cut,2.00-2.99,ASSCHER,E,VVS2,CVD,IGI,-,,,6,21891.956865,128.7762
B,carat_bucket+Shape+Color+Clarity+TypeName+Report+Cut,2.00-2.99,ASSCHER,E,VVS2,HPHT,IGI,-,,,1,21980.769231,129.2986
B,carat_bucket+Shape+Color+Clarity+TypeName+Report+Cut,2.00-2.99,ASSCHER,F,VS2,HPHT,IGI,-,,,1,21180.0,124.5882
B,carat_bucket+Shape+Color+Clarity+TypeName+Report+Cut,2.00-2.99,CUSHION,D,VS1,CVD,IGI,-,,,17,21447.761194,126.1633
B,carat_bucket+Shape+Color+Clarity+TypeName+Report+Cut,2.00-2.99,CUSHION,D,VVS1,HPHT,IGI,-,,,3,38316.831683,225.3931
B,carat_bucket+Shape+Color+Clarity+TypeName+Report+Cut,2.00-2.99,CUSHION,D,VVS2,CVD,IGI,-,,,21,24390.0,143.4706
B,carat_bucket+Shape+Color+Clarity+TypeName+Report+Cut,2.00-2.99,CUSHION,D,VVS2,HPHT,IGI,-,,,8,23907.804878,140.6341
B,carat_bucket+Shape+Color+Clarity+TypeName+Report+Cut,2.00-2.99,CUSHION,E,VS1,CVD,IGI,-,,,54,20940.298507,123.1782
B,carat_bucket+Shape+Color+Clarity+TypeName+Report+Cut,2.00-2.99,CUSHION,E,VS2,CVD,IGI,-,,,1,20611.940299,121.2467
B,carat_bucket+Shape+Color+Clarity+TypeName+Report+Cut,2.00-2.99,CUSHION,E,VS2,HPHT,IGI,-,,,2,20612.450495,121.2497
B,carat_bucket+Shape+Color+Clarity+TypeName+Report+Cut,2.00-2.99,CUSHION,E,VVS1,HPHT,IGI,-,,,1,36561.576355,215.0681
B,carat_bucket+Shape+Color+Clarity+TypeName+Report+Cut,2.00-2.99,CUSHION,E,VVS2,CVD,IGI,-,,,22,21411.231884,125.9484
B,carat_bucket+Shape+Color+Clarity+TypeName+Report+Cut,2.00-2.99,CUSHION,E,VVS2,HPHT,IGI,-,,,2,21874.40997,128.673
B,carat_bucket+Shape+Color+Clarity+TypeName+Report+Cut,2.00-2.99,CUSHION,F,VS1,HPHT,IGI,-,,,1,20850.746269,122.6514
B,carat_bucket+Shape+Color+Clarity+TypeName+Report+Cut,2.00-2.99,CUSHION,G,VS1,CVD,IGI,-,,,1,23193.396226,136.4317
B,carat_bucket+Shape+Color+Clarity+TypeName+Report+Cut,2.00-2.99,EMERALD,D,VS1,CVD,IGI,-,,,61,20544.117647,120.8478
B,carat_bucket+Shape+Color+Clarity+TypeName+Report+Cut,2.00-2.99,EMERALD,D,VS1,HPHT,IGI,-,,,1,20896.039604,122.9179
B,carat_bucket+Shape+Color+Clarity+TypeName+Report+Cut,2.00-2.99,EMERALD,D,VS2,CVD,IGI,-,,,6,20765.671642,122.151
B,carat_bucket+Shape+Color+Clarity+TypeName+Report+Cut,2.00-2.99,EMERALD,D,VVS1,CVD,IGI,-,,,1,31004.0,182.3765
B,carat_bucket+Shape+Color+Clarity+TypeName+Report+Cut,2.00-2.99,EMERALD,D,VVS1,HPHT,IGI,-,,,3,33537.980769,197.2822
B,carat_bucket+Shape+Color+Clarity+TypeName+Report+Cut,2.00-2.99,EMERALD,D,VVS2,CVD,IGI,-,,,25,21383.168317,125.7833
B,carat_bucket+Shape+Color+Clarity+TypeName+Report+Cut,2.00-2.99,EMERALD,E,VS1,CVD,IGI,-,,,55,19054.455446,112.085
B,carat_bucket+Shape+Color+Clarity+TypeName+Report+Cut,2.00-2.99,EMERALD,E,VS2,CVD,IGI,-,,,2,21079.495103,123.997
B,carat_bucket+Shape+Color+Clarity+TypeName+Report+Cut,2.00-2.99,EMERALD,E,VVS1,CVD,IGI,-,,,2,39088.05256,229.9297
B,carat_bucket+Shape+Color+Clarity+TypeName+Report+Cut,2.00-2.99,EMERALD,E,VVS2,CVD,IGI,-,,,58,19340.57971,113.7681
B,carat_bucket+Shape+Color+Clarity+TypeName+Report+Cut,2.00-2.99,EMERALD,F,VS1,CVD,IGI,-,,,5,18825.742574,110.7397
B,carat_bucket+Shape+Color+Clarity+TypeName+Report+Cut,2.00-2.99,EMERALD,F,VS2,CVD,IGI,-,,,2,21645.880996,127.3287
B,carat_bucket+Shape+Color+Clarity+TypeName+Report+Cut,2.00-2.99,EMERALD,F,VVS2,CVD,IGI,-,,,33,18750.0,110.2941
B,carat_bucket+Shape+Color+Clarity+TypeName+Report+Cut,2.00-2.99,EMERALD,G,VS1,CVD,IGI,-,,,1,23204.651163,136.4979
B,carat_bucket+Shape+Color+Clarity+TypeName+Report+Cut,2.00-2.99,HEART,D,SI1,CVD,IGI,-,,,2,24169.090279,142.1711
B,carat_bucket+Shape+Color+Clarity+TypeName+Report+Cut,2.00-2.99,HEART,D,VS1,CVD,IGI,-,,,31,21024.285714,123.6723
B,carat_bucket+Shape+Color+Clarity+TypeName+Report+Cut,2.00-2.99,HEART,D,VS1,CVD,IGI,传统切,,,2,36766.551878,216.2738
B,carat_bucket+Shape+Color+Clarity+TypeName+Report+Cut,2.00-2.99,HEART,D,VS2,CVD,IGI,-,,,4,23760.932836,139.7702
B,carat_bucket+Shape+Color+Clarity+TypeName+Report+Cut,2.00-2.99,HEART,D,VVS1,CVD,IGI,-,,,5,42659.482759,250.9381
B,carat_bucket+Shape+Color+Clarity+TypeName+Report+Cut,2.00-2.99,HEART,D,VVS1,CVD,IGI,传统切,,,1,47581.730769,279.8925
B,carat_bucket+Shape+Color+Clarity+TypeName+Report+Cut,2.00-2.99,HEART,D,VVS1,HPHT,IGI,-,,,4,42683.823529,251.0813
B,carat_bucket+Shape+Color+Clarity+TypeName+Report+Cut,2.00-2.99,HEART,D,VVS2,CVD,IGI,-,,,38,21908.613445,128.8742
B,carat_bucket+Shape+Color+Clarity+TypeName+Report+Cut,2.00-2.99,HEART,D,VVS2,CVD,IGI,传统切,,,15,56224.880383,330.7346
B,carat_bucket+Shape+Color+Clarity+TypeName+Report+Cut,2.00-2.99,HEART,D,VVS2,CVD,IGI,冰花切,,,3,41128.078818,241.9299
B,carat_bucket+Shape+Color+Clarity+TypeName+Report+Cut,2.00-2.99,HEART,D,VVS2,HPHT,IGI,-,,,3,25014.705882,147.1453
B,carat_bucket+Shape+Color+Clarity+TypeName+Report+Cut,2.00-2.99,HEART,E,SI1,CVD,IGI,-,,,1,29388.349515,172.8726
B,carat_bucket+Shape+Color+Clarity+TypeName+Report+Cut,2.00-2.99,HEART,E,VS1,CVD,IGI,-,,,20,19392.022631,114.0707
B,carat_bucket+Shape+Color+Clarity+TypeName+Report+Cut,2.00-2.99,HEART,E,VS2,CVD,IGI,-,,,2,19164.691604,112.7335
B,carat_bucket+Shape+Color+Clarity+TypeName+Report+Cut,2.00-2.99,HEART,E,VVS1,CVD,IGI,传统切,,,1,45251.231527,266.1837
B,carat_bucket+Shape+Color+Clarity+TypeName+Report+Cut,2.00-2.99,HEART,E,VVS2,CVD,IGI,-,,,9,21054.285714,123.8487
B,carat_bucket+Shape+Color+Clarity+TypeName+Report+Cut,2.00-2.99,HEART,E,VVS2,CVD,IGI,传统切,,,1,42415.841584,249.505
B,carat_bucket+Shape+Color+Clarity+TypeName+Report+Cut,2.00-2.99,HEART,E,VVS2,CVD,IGI,冰花切,,,1,36065.502183,212.15
B,carat_bucket+Shape+Color+Clarity+TypeName+Report+Cut,2.00-2.99,HEART,F,VS1,CVD,IGI,-,,,1,33480.582524,196.9446
B,carat_bucket+Shape+Color+Clarity+TypeName+Report+Cut,2.00-2.99,HEART,F,VVS2,CVD,IGI,传统切,,,2,37111.337365,218.302
B,carat_bucket+Shape+Color+Clarity+TypeName+Report+Cut,2.00-2.99,HEART,G,VS1,CVD,IGI,-,,,1,26288.135593,154.6361
B,carat_bucket+Shape+Color+Clarity+TypeName+Report+Cut,2.00-2.99,MARQUISE,D,VS1,CVD,IGI,-,,,13,33472.906404,196.8994
B,carat_bucket+Shape+Color+Clarity+TypeName+Report+Cut,2.00-2.99,MARQUISE,D,VVS2,CVD,IGI,-,,,37,35370.44335,208.0614
B,carat_bucket+Shape+Color+Clarity+TypeName+Report+Cut,2.00-2.99,MARQUISE,D,VVS2,HPHT,IGI,-,,,2,35811.69403,210.657
B,carat_bucket+Shape+Color+Clarity+TypeName+Report+Cut,2.00-2.99,MARQUISE,E,VS1,CVD,IGI,-,,,35,20815.841584,122.4461
B,carat_bucket+Shape+Color+Clarity+TypeName+Report+Cut,2.00-2.99,MARQUISE,E,VVS2,CVD,IGI,-,,,38,21223.880597,124.8464
B,carat_bucket+Shape+Color+Clarity+TypeName+Report+Cut,2.00-2.99,OVAL,D,VS1,CVD,IGI,-,,,184,22253.731343,130.9043
B,carat_bucket+Shape+Color+Clarity+TypeName+Report+Cut,2.00-2.99,OVAL,D,VS1,HPHT,IGI,-,,,3,22099.009901,129.9942
B,carat_bucket+Shape+Color+Clarity+TypeName+Report+Cut,2.00-2.99,OVAL,D,VS2,CVD,IGI,-,,,29,20771.428571,122.1849
B,carat_bucket+Shape+Color+Clarity+TypeName+Report+Cut,2.00-2.99,OVAL,D,VS2,HPHT,IGI,-,,,3,21057.971014,123.8704
B,carat_bucket+Shape+Color+Clarity+TypeName+Report+Cut,2.00-2.99,OVAL,D,VS2,HPHT,IGI,EX,,,1,21057.971014,123.8704
B,carat_bucket+Shape+Color+Clarity+TypeName+Report+Cut,2.00-2.99,OVAL,D,VVS1,CVD,IGI,-,,,9,37075.609756,218.0918
B,carat_bucket+Shape+Color+Clarity+TypeName+Report+Cut,2.00-2.99,OVAL,D,VVS1,HPHT,IGI,-,,,23,37075.609756,218.0918
B,carat_bucket+Shape+Color+Clarity+TypeName+Report+Cut,2.00-2.99,OVAL,D,VVS1,HPHT,IGI,EX,,,1,37485.148515,220.5009
B,carat_bucket+Shape+Color+Clarity+TypeName+Report+Cut,2.00-2.99,OVAL,D,VVS1,HPHT,IGI,传统切,,,10,41440.0399,243.7649
B,carat_bucket+Shape+Color+Clarity+TypeName+Report+Cut,2.00-2.99,OVAL,D,VVS2,CVD,IGI,-,,,131,22641.791045,133.187
B,carat_bucket+Shape+Color+Clarity+TypeName+Report+Cut,2.00-2.99,OVAL,D,VVS2,HPHT,IGI,-,,,22,23272.277228,136.8957
B,carat_bucket+Shape+Color+Clarity+TypeName+Report+Cut,2.00-2.99,OVAL,D,VVS2,HPHT,IGI,EX,,,1,23608.695652,138.8747
B,carat_bucket+Shape+Color+Clarity+TypeName+Report+Cut,2.00-2.99,OVAL,E,VS1,CVD,IGI,-,,,191,20208.955224,118.8762
B,carat_bucket+Shape+Color+Clarity+TypeName+Report+Cut,2.00-2.99,OVAL,E,VS1,CVD,IGI,冰花切,,,1,33466.019417,196.8589
B,carat_bucket+Shape+Color+Clarity+TypeName+Report+Cut,2.00-2.99,OVAL,E,VS2,CVD,IGI,-,,,12,19965.671642,117.4451
B,carat_bucket+Shape+Color+Clarity+TypeName+Report+Cut,2.00-2.99,OVAL,E,VVS1,CVD,IGI,冰花切,,,2,36839.120509,216.7007
B,carat_bucket+Shape+Color+Clarity+TypeName+Report+Cut,2.00-2.99,OVAL,E,VVS2,CVD,IGI,-,,,180,21371.287129,125.7135
B,carat_bucket+Shape+Color+Clarity+TypeName+Report+Cut,2.00-2.99,OVAL,E,VVS2,CVD,IGI,传统切,,,1,34932.692308,205.4864
B,carat_bucket+Shape+Color+Clarity+TypeName+Report+Cut,2.00-2.99,OVAL,E,VVS2,CVD,IGI,冰花切,,,1,35970.29703,211.59
B,carat_bucket+Shape+Color+Clarity+TypeName+Report+Cut,2.00-2.99,OVAL,F,VS1,CVD,IGI,-,,,18,19980.597015,117.5329
B,carat_bucket+Shape+Color+Clarity+TypeName+Report+Cut,2.00-2.99,OVAL,F,VS2,CVD,IGI,-,,,3,19965.671642,117.4451
B,carat_bucket+Shape+Color+Clarity+TypeName+Report+Cut,2.00-2.99,OVAL,F,VVS1,CVD,IGI,冰花切,,,1,28788.17734,169.3422
B,carat_bucket+Shape+Color+Clarity+TypeName+Report+Cut,2.00-2.99,OVAL,F,VVS2,CVD,IGI,-,,,15,21565.5,126.8559
B,carat_bucket+Shape+Color+Clarity+TypeName+Report+Cut,2.00-2.99,OVAL,F,VVS2,CVD,IGI,冰花切,,,1,26495.049505,155.8532
B,carat_bucket+Shape+Color+Clarity+TypeName+Report+Cut,2.00-2.99,OVAL,F,VVS2,HPHT,IGI,-,,,1,20937.378641,123.1611
B,carat_bucket+Shape+Color+Clarity+TypeName+Report+Cut,2.00-2.99,PEAR,D,VS1,CVD,IGI,-,,,52,21910.194175,128.8835
B,carat_bucket+Shape+Color+Clarity+TypeName+Report+Cut,2.00-2.99,PEAR,D,VS1,CVD,IGI,传统切,,,1,31725.321888,186.6195
B,carat_bucket+Shape+Color+Clarity+TypeName+Report+Cut,2.00-2.99,PEAR,D,VS1,HPHT,IGI,-,,,1,25567.588933,150.3976
B,carat_bucket+Shape+Color+Clarity+TypeName+Report+Cut,2.00-2.99,PEAR,D,VS2,CVD,IGI,-,,,1,19768.269231,116.2839
B,carat_bucket+Shape+Color+Clarity+TypeName+Report+Cut,2.00-2.99,PEAR,D,VS2,HPHT,IGI,-,,,1,20520.0,120.7059
B,carat_bucket+Shape+Color+Clarity+TypeName+Report+Cut,2.00-2.99,PEAR,D,VS2,HPHT,IGI,EX,,,1,20520.0,120.7059
B,carat_bucket+Shape+Color+Clarity+TypeName+Report+Cut,2.00-2.99,PEAR,D,VVS1,CVD,IGI,-,,,1,36358.851675,213.8756
B,carat_bucket+Shape+Color+Clarity+TypeName+Report+Cut,2.00-2.99,PEAR,D,VVS1,HPHT,IGI,-,,,7,38967.164179,229.2186
B,carat_bucket+Shape+Color+Clarity+TypeName+Report+Cut,2.00-2.99,PEAR,D,VVS1,HPHT,IGI,传统切,,,16,41331.683168,243.1275
B,carat_bucket+Shape+Color+Clarity+TypeName+Report+Cut,2.00-2.99,PEAR,D,VVS2,CVD,IGI,-,,,19,23775.0,139.8529
B,carat_bucket+Shape+Color+Clarity+TypeName+Report+Cut,2.00-2.99,PEAR,D,VVS2,CVD,IGI,冰花切,,,5,34221.343874,201.302
B,carat_bucket+Shape+Color+Clarity+TypeName+Report+Cut,2.00-2.99,PEAR,D,VVS2,HPHT,IGI,-,,,2,25466.1014,149.8006
B,carat_bucket+Shape+Color+Clarity+TypeName+Report+Cut,2.00-2.99,PEAR,E,VS1,CVD,IGI,-,,,60,20295.0,119.3824
B,carat_bucket+Shape+Color+Clarity+TypeName+Report+Cut,2.00-2.99,PEAR,E,VS1,CVD,IGI,冰花切,,,1,26377.16263,155.1598
B,carat_bucket+Shape+Color+Clarity+TypeName+Report+Cut,2.00-2.99,PEAR,E,VS2,CVD,IGI,-,,,2,20118.408416,118.3436
B,carat_bucket+Shape+Color+Clarity+TypeName+Report+Cut,2.00-2.99,PEAR,E,VS2,HPHT,IGI,EX,,,1,19616.504854,115.3912
B,carat_bucket+Shape+Color+Clarity+TypeName+Report+Cut,2.00-2.99,PEAR,E,VVS1,CVD,IGI,-,,,1,33264.084507,195.6711
B,carat_bucket+Shape+Color+Clarity+TypeName+Report+Cut,2.00-2.99,PEAR,E,VVS1,CVD,IGI,传统切,,,1,37980.582524,223.4152
B,carat_bucket+Shape+Color+Clarity+TypeName+Report+Cut,2.00-2.99,PEAR,E,VVS1,CVD,IGI,冰花切,,,1,33771.84466,198.6579
B,carat_bucket+Shape+Color+Clarity+TypeName+Report+Cut,2.00-2.99,PEAR,E,VVS2,CVD,IGI,-,,,32,20514.766514,120.6751
B,carat_bucket+Shape+Color+Clarity+TypeName+Report+Cut,2.00-2.99,PEAR,E,VVS2,CVD,IGI,冰花切,,,3,32626.865672,191.9227
B,carat_bucket+Shape+Color+Clarity+TypeName+Report+Cut,2.00-2.99,PEAR,F,VS1,CVD,IGI,-,,,8,19997.014925,117.6295
B,carat_bucket+Shape+Color+Clarity+TypeName+Report+Cut,2.00-2.99,PEAR,F,VS2,CVD,IGI,-,,,5,19863.0,116.8412
B,carat_bucket+Shape+Color+Clarity+TypeName+Report+Cut,2.00-2.99,PEAR,F,VVS2,CVD,IGI,-,,,19,20238.80597,119.0518
B,carat_bucket+Shape+Color+Clarity+TypeName+Report+Cut,2.00-2.99,PRINCESS,D,SI1,CVD,IGI,-,,,1,26164.179104,153.9069
B,carat_bucket+Shape+Color+Clarity+TypeName+Report+Cut,2.00-2.99,PRINCESS,D,VS1,CVD,IGI,-,,,29,21462.686567,126.2511
B,carat_bucket+Shape+Color+Clarity+TypeName+Report+Cut,2.00-2.99,PRINCESS,D,VVS1,CVD,IGI,-,,,18,39273.506624,231.0206
B,carat_bucket+Shape+Color+Clarity+TypeName+Report+Cut,2.00-2.99,PRINCESS,D,VVS2,CVD,IGI,-,,,56,22717.5,133.6324
B,carat_bucket+Shape+Color+Clarity+TypeName+Report+Cut,2.00-2.99,PRINCESS,E,VS1,CVD,IGI,-,,,21,20995.522388,123.5031
B,carat_bucket+Shape+Color+Clarity+TypeName+Report+Cut,2.00-2.99,PRINCESS,E,VS2,CVD,IGI,-,,,1,26644.268775,156.731
B,carat_bucket+Shape+Color+Clarity+TypeName+Report+Cut,2.00-2.99,PRINCESS,E,VVS1,CVD,IGI,-,,,11,32970.44335,193.9438
B,carat_bucket+Shape+Color+Clarity+TypeName+Report+Cut,2.00-2.99,PRINCESS,E,VVS2,CVD,IGI,-,,,31,31076.555024,182.8033
B,carat_bucket+Shape+Color+Clarity+TypeName+Report+Cut,2.00-2.99,PRINCESS,F,VS1,CVD,IGI,-,,,3,24764.423077,145.6731
B,carat_bucket+Shape+Color+Clarity+TypeName+Report+Cut,2.00-2.99,PRINCESS,F,VVS1,CVD,IGI,-,,,1,30465.0,179.2059
B,carat_bucket+Shape+Color+Clarity+TypeName+Report+Cut,2.00-2.99,PRINCESS,F,VVS2,CVD,IGI,-,,,15,26128.078818,153.6946
B,carat_bucket+Shape+Color+Clarity+TypeName+Report+Cut,2.00-2.99,RADIANT,D,VS1,CVD,IGI,-,,,17,23740.384615,139.6493
B,carat_bucket+Shape+Color+Clarity+TypeName+Report+Cut,2.00-2.99,RADIANT,D,VVS1,HPHT,IGI,-,,,6,38364.504212,225.6736
B,carat_bucket+Shape+Color+Clarity+TypeName+Report+Cut,2.00-2.99,RADIANT,D,VVS2,CVD,IGI,-,,,22,26569.500355,156.2912
B,carat_bucket+Shape+Color+Clarity+TypeName+Report+Cut,2.00-2.99,RADIANT,D,VVS2,HPHT,IGI,-,,,1,27861.386139,163.8905
B,carat_bucket+Shape+Color+Clarity+TypeName+Report+Cut,2.00-2.99,RADIANT,E,VS1,CVD,IGI,-,,,17,22363.636364,131.5508
B,carat_bucket+Shape+Color+Clarity+TypeName+Report+Cut,2.00-2.99,RADIANT,E,VVS2,CVD,IGI,-,,,23,23330.097087,137.2359
B,carat_bucket+Shape+Color+Clarity+TypeName+Report+Cut,2.00-2.99,RADIANT,E,VVS2,HPHT,IGI,-,,,3,23971.014493,141.006
B,carat_bucket+Shape+Color+Clarity+TypeName+Report+Cut,2.00-2.99,RADIANT,F,VVS2,CVD,IGI,-,,,2,22627.871182,133.1051
B,carat_bucket+Shape+Color+Clarity+TypeName+Report+Cut,2.00-2.99,ROUND,D,SI1,CVD,IGI,ID,,,1,21178.082192,124.577
B,carat_bucket+Shape+Color+Clarity+TypeName+Report+Cut,2.00-2.99,ROUND,D,VS1,CVD,IGI,EX,,,151,21240.0,124.9412
B,carat_bucket+Shape+Color+Clarity+TypeName+Report+Cut,2.00-2.99,ROUND,D,VS1,CVD,IGI,ID,,,262,21240.0,124.9412
B,carat_bucket+Shape+Color+Clarity+TypeName+Report+Cut,2.00-2.99,ROUND,D,VS1,HPHT,IGI,EX,,,4,32835.820896,193.1519
B,carat_bucket+Shape+Color+Clarity+TypeName+Report+Cut,2.00-2.99,ROUND,D,VS1,HPHT,IGI,ID,,,6,25468.347339,149.8138
B,carat_bucket+Shape+Color+Clarity+TypeName+Report+Cut,2.00-2.99,ROUND,D,VS2,CVD,IGI,ID,,,6,22338.0,131.4
B,carat_bucket+Shape+Color+Clarity+TypeName+Report+Cut,2.00-2.99,ROUND,D,VS2,HPHT,IGI,ID,,,2,25292.537313,148.7796
B,carat_bucket+Shape+Color+Clarity+TypeName+Report+Cut,2.00-2.99,ROUND,D,VVS1,CVD,IGI,ID,,,10,38252.390223,225.0141
B,carat_bucket+Shape+Color+Clarity+TypeName+Report+Cut,2.00-2.99,ROUND,D,VVS1,HPHT,IGI,EX,,,21,42103.960396,247.6704
B,carat_bucket+Shape+Color+Clarity+TypeName+Report+Cut,2.00-2.99,ROUND,D,VVS1,HPHT,IGI,ID,,,84,41765.87809,245.6816
B,carat_bucket+Shape+Color+Clarity+TypeName+Report+Cut,2.00-2.99,ROUND,D,VVS2,-,IGI,EX,,,1,36450.0,214.4118
B,carat_bucket+Shape+Color+Clarity+TypeName+Report+Cut,2.00-2.99,ROUND,D,VVS2,-,IGI,ID,,,1,35911.330049,211.2431
B,carat_bucket+Shape+Color+Clarity+TypeName+Report+Cut,2.00-2.99,ROUND,D,VVS2,CVD,IGI,EX,,,162,23417.910448,137.7524
B,carat_bucket+Shape+Color+Clarity+TypeName+Report+Cut,2.00-2.99,ROUND,D,VVS2,CVD,IGI,ID,,,227,23776.119403,139.8595
B,carat_bucket+Shape+Color+Clarity+TypeName+Report+Cut,2.00-2.99,ROUND,D,VVS2,HPHT,IGI,EX,,,9,35625.0,209.5588
B,carat_bucket+Shape+Color+Clarity+TypeName+Report+Cut,2.00-2.99,ROUND,D,VVS2,HPHT,IGI,ID,,,70,34285.714286,201.6807
B,carat_bucket+Shape+Color+Clarity+TypeName+Report+Cut,2.00-2.99,ROUND,E,SI1,CVD,IGI,ID,,,2,22792.393142,134.0729
B,carat_bucket+Shape+Color+Clarity+TypeName+Report+Cut,2.00-2.99,ROUND,E,VS1,CVD,IGI,EX,,,145,20070.0,118.0588
B,carat_bucket+Shape+Color+Clarity+TypeName+Report+Cut,2.00-2.99,ROUND,E,VS1,CVD,IGI,ID,,,351,19915.384615,117.1493
B,carat_bucket+Shape+Color+Clarity+TypeName+Report+Cut,2.00-2.99,ROUND,E,VS1,CVD,IGI,老欧切,,,1,30029.126214,176.6419
B,carat_bucket+Shape+Color+Clarity+TypeName+Report+Cut,2.00-2.99,ROUND,E,VS2,CVD,IGI,EX,,,1,21051.06383,123.8298
B,carat_bucket+Shape+Color+Clarity+TypeName+Report+Cut,2.00-2.99,ROUND,E,VS2,CVD,IGI,ID,,,18,20097.0,118.2176
B,carat_bucket+Shape+Color+Clarity+TypeName+Report+Cut,2.00-2.99,ROUND,E,VVS1,CVD,IGI,ID,,,9,30014.563107,176.5563
B,carat_bucket+Shape+Color+Clarity+TypeName+Report+Cut,2.00-2.99,ROUND,E,VVS2,CVD,IGI,EX,,,45,20970.0,123.3529
B,carat_bucket+Shape+Color+Clarity+TypeName+Report+Cut,2.00-2.99,ROUND,E,VVS2,CVD,IGI,ID,,,306,19925.373134,117.2081
B,carat_bucket+Shape+Color+Clarity+TypeName+Report+Cut,2.00-2.99,ROUND,E,VVS2,HPHT,IGI,ID,,,3,22881.176471,134.5952
B,carat_bucket+Shape+Color+Clarity+TypeName+Report+Cut,2.00-2.99,ROUND,F,VS1,CVD,IGI,ID,,,1,21697.368421,127.6316
B,carat_bucket+Shape+Color+Clarity+TypeName+Report+Cut,2.00-2.99,ROUND,F,VS2,CVD,IGI,ID,,,2,22636.452548,133.1556
B,carat_bucket+Shape+Color+Clarity+TypeName+Report+Cut,2.00-2.99,ROUND,F,VVS1,CVD,IGI,EX,,,1,25262.376238,148.6022
B,carat_bucket+Shape+Color+Clarity+TypeName+Report+Cut,2.00-2.99,ROUND,F,VVS2,CVD,IGI,EX,,,3,22317.073171,131.2769
B,carat_bucket+Shape+Color+Clarity+TypeName+Report+Cut,2.00-2.99,ROUND,F,VVS2,CVD,IGI,ID,,,43,20716.41791,121.8613
B,carat_bucket+Shape+Color+Clarity+TypeName+Report+Cut,2.00-2.99,SQUARE,D,VS1,CVD,IGI,-,,,6,31889.476832,187.5852
B,carat_bucket+Shape+Color+Clarity+TypeName+Report+Cut,2.00-2.99,SQUARE,D,VS2,CVD,IGI,-,,,1,31238.80597,183.7577
B,carat_bucket+Shape+Color+Clarity+TypeName+Report+Cut,2.00-2.99,SQUARE,D,VVS2,CVD,IGI,-,,,8,32918.409851,193.6377
B,carat_bucket+Shape+Color+Clarity+TypeName+Report+Cut,2.00-2.99,SQUARE,D,VVS2,HPHT,IGI,-,,,1,25058.208955,147.4012
B,carat_bucket+Shape+Color+Clarity+TypeName+Report+Cut,2.00-2.99,SQUARE,E,VS1,CVD,IGI,-,,,8,26286.980769,154.6293
B,carat_bucket+Shape+Color+Clarity+TypeName+Report+Cut,2.00-2.99,SQUARE,E,VS2,CVD,IGI,-,,,1,26928.229665,158.4014
B,carat_bucket+Shape+Color+Clarity+TypeName+Report+Cut,2.00-2.99,SQUARE,E,VVS1,CVD,IGI,-,,,3,41440.191388,243.7658
B,carat_bucket+Shape+Color+Clarity+TypeName+Report+Cut,2.00-2.99,SQUARE,E,VVS2,CVD,IGI,-,,,17,28436.440678,167.2732
B,carat_bucket+Shape+Color+Clarity+TypeName+Report+Cut,2.00-2.99,SQUARE,F,VS1,CVD,IGI,-,,,3,24585.365854,144.6198
B,carat_bucket+Shape+Color+Clarity+TypeName+Report+Cut,2.00-2.99,SQUARE,F,VS2,CVD,IGI,-,,,1,23192.307692,136.4253
B,carat_bucket+Shape+Color+Clarity+TypeName+Report+Cut,2.00-2.99,SQUARE,F,VVS1,CVD,IGI,-,,,1,28701.923077,168.8348
B,carat_bucket+Shape+Color+Clarity+TypeName+Report+Cut,2.00-2.99,SQUARE,F,VVS2,CVD,IGI,-,,,1,27118.226601,159.519
B,carat_bucket+Shape+Color+Clarity+TypeName+Report+Cut,3.00-3.99,-,D,VS1,CVD,IGI,-,,,12,58833.047782,346.0768
B,carat_bucket+Shape+Color+Clarity+TypeName+Report+Cut,3.00-3.99,-,D,VVS1,CVD,IGI,-,,,8,74067.961165,435.6939
B,carat_bucket+Shape+Color+Clarity+TypeName+Report+Cut,3.00-3.99,-,D,VVS2,CVD,IGI,-,,,36,68168.736603,400.9926
B,carat_bucket+Shape+Color+Clarity+TypeName+Report+Cut,3.00-3.99,-,E,VVS1,CVD,IGI,-,,,4,59214.650091,348.3215
B,carat_bucket+Shape+Color+Clarity+TypeName+Report+Cut,3.00-3.99,-,E,VVS2,CVD,IGI,-,,,9,60058.252427,353.2838
B,carat_bucket+Shape+Color+Clarity+TypeName+Report+Cut,3.00-3.99,-,F,VVS1,CVD,IGI,-,,,1,39264.248705,230.9662
B,carat_bucket+Shape+Color+Clarity+TypeName+Report+Cut,3.00-3.99,-,F,VVS2,CVD,IGI,-,,,1,43834.951456,257.8527
B,carat_bucket+Shape+Color+Clarity+TypeName+Report+Cut,3.00-3.99,ASSCHER,D,VS1,CVD,IGI,-,,,6,26650.318162,156.7666
B,carat_bucket+Shape+Color+Clarity+TypeName+Report+Cut,3.00-3.99,ASSCHER,D,VVS2,CVD,IGI,-,,,2,27520.0,161.8824
B,carat_bucket+Shape+Color+Clarity+TypeName+Report+Cut,3.00-3.99,ASSCHER,E,VVS2,CVD,IGI,-,,,4,24802.024035,145.8943
B,carat_bucket+Shape+Color+Clarity+TypeName+Report+Cut,3.00-3.99,CUSHION,D,VS1,CVD,IGI,-,,,7,23529.139073,138.4067
B,carat_bucket+Shape+Color+Clarity+TypeName+Report+Cut,3.00-3.99,CUSHION,D,VVS2,CVD,IGI,-,,,11,26832.55814,157.8386
B,carat_bucket+Shape+Color+Clarity+TypeName+Report+Cut,3.00-3.99,CUSHION,D,VVS2,HPHT,IGI,-,,,2,30597.058824,179.9827
B,carat_bucket+Shape+Color+Clarity+TypeName+Report+Cut,3.00-3.99,CUSHION,E,VS1,CVD,IGI,-,,,16,22253.614517,130.9036
B,carat_bucket+Shape+Color+Clarity+TypeName+Report+Cut,3.00-3.99,CUSHION,E,VS1,CVD,IGI,长垫形,,,1,33906.976744,199.4528
B,carat_bucket+Shape+Color+Clarity+TypeName+Report+Cut,3.00-3.99,CUSHION,E,VS2,CVD,IGI,-,,,1,26285.714286,154.6218
B,carat_bucket+Shape+Color+Clarity+TypeName+Report+Cut,3.00-3.99,CUSHION,E,VVS1,CVD,IGI,长垫形,,,1,38411.764706,225.9516
B,carat_bucket+Shape+Color+Clarity+TypeName+Report+Cut,3.00-3.99,CUSHION,E,VVS2,CVD,IGI,-,,,9,23958.278146,140.931
B,carat_bucket+Shape+Color+Clarity+TypeName+Report+Cut,3.00-3.99,CUSHION,F,VVS2,CVD,IGI,-,,,3,22724.252492,133.6721
B,carat_bucket+Shape+Color+Clarity+TypeName+Report+Cut,3.00-3.99,EMERALD,D,VS1,CVD,IGI,-,,,33,21511.881188,126.5405
B,carat_bucket+Shape+Color+Clarity+TypeName+Report+Cut,3.00-3.99,EMERALD,D,VS2,CVD,IGI,-,,,2,28655.739261,168.5632
B,carat_bucket+Shape+Color+Clarity+TypeName+Report+Cut,3.00-3.99,EMERALD,D,VVS1,CVD,IGI,-,,,1,37524.271845,220.731
B,carat_bucket+Shape+Color+Clarity+TypeName+Report+Cut,3.00-3.99,EMERALD,D,VVS2,CVD,IGI,-,,,36,28743.720688,169.0807
B,carat_bucket+Shape+Color+Clarity+TypeName+Report+Cut,3.00-3.99,EMERALD,E,VS1,CVD,IGI,-,,,57,19254.901961,113.2641
B,carat_bucket+Shape+Color+Clarity+TypeName+Report+Cut,3.00-3.99,EMERALD,E,VS2,CVD,IGI,-,,,6,19215.920268,113.0348
B,carat_bucket+Shape+Color+Clarity+TypeName+Report+Cut,3.00-3.99,EMERALD,E,VVS1,CVD,IGI,-,,,2,33079.316888,194.5842
B,carat_bucket+Shape+Color+Clarity+TypeName+Report+Cut,3.00-3.99,EMERALD,E,VVS2,CVD,IGI,-,,,59,20960.264901,123.2957
B,carat_bucket+Shape+Color+Clarity+TypeName+Report+Cut,3.00-3.99,EMERALD,F,VS1,CVD,IGI,-,,,7,18800.0,110.5882
B,carat_bucket+Shape+Color+Clarity+TypeName+Report+Cut,3.00-3.99,EMERALD,F,VS2,CVD,IGI,-,,,2,22076.318321,129.8607
B,carat_bucket+Shape+Color+Clarity+TypeName+Report+Cut,3.00-3.99,EMERALD,F,VVS1,CVD,IGI,-,,,1,28825.242718,169.5603
B,carat_bucket+Shape+Color+Clarity+TypeName+Report+Cut,3.00-3.99,EMERALD,F,VVS2,CVD,IGI,-,,,18,20616.972124,121.2763
B,carat_bucket+Shape+Color+Clarity+TypeName+Report+Cut,3.00-3.99,HEART,D,VS1,CVD,IGI,-,,,29,18471.568627,108.6563
B,carat_bucket+Shape+Color+Clarity+TypeName+Report+Cut,3.00-3.99,HEART,D,VVS2,CVD,IGI,-,,,45,21938.110749,129.0477
B,carat_bucket+Shape+Color+Clarity+TypeName+Report+Cut,3.00-3.99,HEART,D,VVS2,CVD,IGI,传统切,,,2,55227.272727,324.8663
B,carat_bucket+Shape+Color+Clarity+TypeName+Report+Cut,3.00-3.99,HEART,E,VS1,CVD,IGI,-,,,29,18389.508197,108.1736
B,carat_bucket+Shape+Color+Clarity+TypeName+Report+Cut,3.00-3.99,HEART,E,VS2,CVD,IGI,传统切,,,1,38096.02649,224.0943
B,carat_bucket+Shape+Color+Clarity+TypeName+Report+Cut,3.00-3.99,HEART,E,VVS1,CVD,IGI,-,,,1,53264.705882,313.3218
B,carat_bucket+Shape+Color+Clarity+TypeName+Report+Cut,3.00-3.99,HEART,E,VVS2,CVD,IGI,-,,,24,18912.621359,111.2507
B,carat_bucket+Shape+Color+Clarity+TypeName+Report+Cut,3.00-3.99,HEART,F,VS1,CVD,IGI,-,,,2,19894.50971,117.0265
B,carat_bucket+Shape+Color+Clarity+TypeName+Report+Cut,3.00-3.99,HEART,F,VVS1,CVD,IGI,-,,,1,39971.698113,235.1276
B,carat_bucket+Shape+Color+Clarity+TypeName+Report+Cut,3.00-3.99,HEART,F,VVS2,CVD,IGI,-,,,5,17920.792079,105.4164
B,carat_bucket+Shape+Color+Clarity+TypeName+Report+Cut,3.00-3.99,MARQUISE,D,VS1,CVD,IGI,-,,,10,27978.919415,164.5819
B,carat_bucket+Shape+Color+Clarity+TypeName+Report+Cut,3.00-3.99,MARQUISE,E,VS1,CVD,IGI,-,,,19,22389.108911,131.7006
B,carat_bucket+Shape+Color+Clarity+TypeName+Report+Cut,3.00-3.99,MARQUISE,E,VVS1,CVD,IGI,-,,,1,47262.458472,278.0145
B,carat_bucket+Shape+Color+Clarity+TypeName+Report+Cut,3.00-3.99,MARQUISE,E,VVS2,CVD,IGI,-,,,25,23681.063123,139.3004
B,carat_bucket+Shape+Color+Clarity+TypeName+Report+Cut,3.00-3.99,MARQUISE,E,VVS2,HPHT,IGI,-,,,1,23631.229236,139.0072
B,carat_bucket+Shape+Color+Clarity+TypeName+Report+Cut,3.00-3.99,MARQUISE,F,VVS2,CVD,IGI,-,,,3,32681.564246,192.2445
B,carat_bucket+Shape+Color+Clarity+TypeName+Report+Cut,3.00-3.99,OVAL,D,VS1,CVD,IGI,-,,,49,26000.0,152.9412
B,carat_bucket+Shape+Color+Clarity+TypeName+Report+Cut,3.00-3.99,OVAL,D,VS1,CVD,IGI,传统切,,,1,36468.438538,214.5202
B,carat_bucket+Shape+Color+Clarity+TypeName+Report+Cut,3.00-3.99,OVAL,D,VS2,CVD,IGI,-,,,6,22923.58804,134.8446
B,carat_bucket+Shape+Color+Clarity+TypeName+Report+Cut,3.00-3.99,OVAL,D,VS2,HPHT,IGI,-,,,1,20541.528239,120.8325
B,carat_bucket+Shape+Color+Clarity+TypeName+Report+Cut,3.00-3.99,OVAL,D,VVS1,CVD,IGI,-,,,1,44850.498339,263.8265
B,carat_bucket+Shape+Color+Clarity+TypeName+Report+Cut,3.00-3.99,OVAL,D,VVS1,HPHT,IGI,-,,,3,45049.50495,264.9971
B,carat_bucket+Shape+Color+Clarity+TypeName+Report+Cut,3.00-3.99,OVAL,D,VVS2,CVD,IGI,-,,,37,27886.363636,164.0374
B,carat_bucket+Shape+Color+Clarity+TypeName+Report+Cut,3.00-3.99,OVAL,D,VVS2,HPHT,IGI,-,,,2,30863.859649,181.5521
B,carat_bucket+Shape+Color+Clarity+TypeName+Report+Cut,3.00-3.99,OVAL,E,VS1,CVD,IGI,-,,,128,21339.805825,125.5283
B,carat_bucket+Shape+Color+Clarity+TypeName+Report+Cut,3.00-3.99,OVAL,E,VS2,CVD,IGI,-,,,5,20907.615894,122.986
B,carat_bucket+Shape+Color+Clarity+TypeName+Report+Cut,3.00-3.99,OVAL,E,VVS2,CVD,IGI,-,,,133,21600.0,127.0588
B,carat_bucket+Shape+Color+Clarity+TypeName+Report+Cut,3.00-3.99,OVAL,E,VVS2,CVD,IGI,冰花切,,,3,33633.116883,197.8419
B,carat_bucket+Shape+Color+Clarity+TypeName+Report+Cut,3.00-3.99,OVAL,F,VS1,CVD,IGI,-,,,20,19125.201607,112.5012
B,carat_bucket+Shape+Color+Clarity+TypeName+Report+Cut,3.00-3.99,OVAL,F,VS2,CVD,IGI,-,,,1,19517.940199,114.8114
B,carat_bucket+Shape+Color+Clarity+TypeName+Report+Cut,3.00-3.99,OVAL,F,VVS1,CVD,IGI,冰花切,,,2,29445.484748,173.2087
B,carat_bucket+Shape+Color+Clarity+TypeName+Report+Cut,3.00-3.99,OVAL,F,VVS2,CVD,IGI,-,,,59,19250.0,113.2353
B,carat_bucket+Shape+Color+Clarity+TypeName+Report+Cut,3.00-3.99,OVAL,F,VVS2,CVD,IGI,冰花切,,,1,25669.902913,150.9994
B,carat_bucket+Shape+Color+Clarity+TypeName+Report+Cut,3.00-3.99,PEAR,D,VS1,CVD,IGI,-,,,31,27467.532468,161.5737
B,carat_bucket+Shape+Color+Clarity+TypeName+Report+Cut,3.00-3.99,PEAR,D,VS2,CVD,IGI,-,,,2,24569.604575,144.5271
B,carat_bucket+Shape+Color+Clarity+TypeName+Report+Cut,3.00-3.99,PEAR,D,VVS2,CVD,IGI,-,,,6,36764.479787,216.2616
B,carat_bucket+Shape+Color+Clarity+TypeName+Report+Cut,3.00-3.99,PEAR,D,VVS2,CVD,IGI,传统切,,,2,38424.962293,226.0292
B,carat_bucket+Shape+Color+Clarity+TypeName+Report+Cut,3.00-3.99,PEAR,D,VVS2,CVD,IGI,冰花切,,,2,35724.529617,210.1443
B,carat_bucket+Shape+Color+Clarity+TypeName+Report+Cut,3.00-3.99,PEAR,E,VS1,CVD,IGI,-,,,41,19603.278689,115.3134
B,carat_bucket+Shape+Color+Clarity+TypeName+Report+Cut,3.00-3.99,PEAR,E,VS2,CVD,IGI,-,,,4,19012.621359,111.8389
B,carat_bucket+Shape+Color+Clarity+TypeName+Report+Cut,3.00-3.99,PEAR,E,VS2,CVD,IGI,冰花切,,,1,31644.518272,186.1442
B,carat_bucket+Shape+Color+Clarity+TypeName+Report+Cut,3.00-3.99,PEAR,E,VVS2,CVD,IGI,-,,,39,21580.0,126.9412
B,carat_bucket+Shape+Color+Clarity+TypeName+Report+Cut,3.00-3.99,PEAR,F,VS1,CVD,IGI,-,,,19,18671.052632,109.8297
B,carat_bucket+Shape+Color+Clarity+TypeName+Report+Cut,3.00-3.99,PEAR,F,VS2,CVD,IGI,-,,,1,19247.682119,113.2217
B,carat_bucket+Shape+Color+Clarity+TypeName+Report+Cut,3.00-3.99,PEAR,F,VVS1,CVD,IGI,-,,,1,28470.198675,167.4718
B,carat_bucket+Shape+Color+Clarity+TypeName+Report+Cut,3.00-3.99,PEAR,F,VVS2,CVD,IGI,-,,,27,20662.251656,121.5427
B,carat_bucket+Shape+Color+Clarity+TypeName+Report+Cut,3.00-3.99,PEAR,G,VVS1,HPHT,IGI,-,,,1,16037.735849,94.3396
B,carat_bucket+Shape+Color+Clarity+TypeName+Report+Cut,3.00-3.99,PRINCESS,D,VS1,CVD,IGI,-,,,15,28399.41691,167.0554
B,carat_bucket+Shape+Color+Clarity+TypeName+Report+Cut,3.00-3.99,PRINCESS,D,VS2,CVD,IGI,-,,,1,29180.0,171.6471
B,carat_bucket+Shape+Color+Clarity+TypeName+Report+Cut,3.00-3.99,PRINCESS,D,VVS1,CVD,IGI,-,,,2,37646.170172,221.4481
B,carat_bucket+Shape+Color+Clarity+TypeName+Report+Cut,3.00-3.99,PRINCESS,D,VVS2,CVD,IGI,-,,,57,32970.873786,193.9463
B,carat_bucket+Shape+Color+Clarity+TypeName+Report+Cut,3.00-3.99,PRINCESS,E,VS1,CVD,IGI,-,,,6,27191.314701,159.9489
B,carat_bucket+Shape+Color+Clarity+TypeName+Report+Cut,3.00-3.99,PRINCESS,E,VS2,CVD,IGI,-,,,1,26423.84106,155.4344
B,carat_bucket+Shape+Color+Clarity+TypeName+Report+Cut,3.00-3.99,PRINCESS,E,VVS1,CVD,IGI,-,,,7,32571.428571,191.5966
B,carat_bucket+Shape+Color+Clarity+TypeName+Report+Cut,3.00-3.99,PRINCESS,E,VVS2,CVD,IGI,-,,,24,29921.568627,176.0092
B,carat_bucket+Shape+Color+Clarity+TypeName+Report+Cut,3.00-3.99,PRINCESS,F,VS1,CVD,IGI,-,,,1,26292.134831,154.6596
B,carat_bucket+Shape+Color+Clarity+TypeName+Report+Cut,3.00-3.99,PRINCESS,F,VVS2,CVD,IGI,-,,,7,27214.285714,160.084
B,carat_bucket+Shape+Color+Clarity+TypeName+Report+Cut,3.00-3.99,PRINCESS,G,VS1,CVD,IGI,-,,,1,26292.358804,154.6609
B,carat_bucket+Shape+Color+Clarity+TypeName+Report+Cut,3.00-3.99,RADIANT,D,VS1,CVD,IGI,-,,,37,22261.79402,130.9517
B,carat_bucket+Shape+Color+Clarity+TypeName+Report+Cut,3.00-3.99,RADIANT,D,VVS2,CVD,IGI,-,,,25,25415.841584,149.505
B,carat_bucket+Shape+Color+Clarity+TypeName+Report+Cut,3.00-3.99,RADIANT,E,VS1,CVD,IGI,-,,,26,20544.554455,120.8503
B,carat_bucket+Shape+Color+Clarity+TypeName+Report+Cut,3.00-3.99,RADIANT,E,VVS2,CVD,IGI,-,,,35,21358.609272,125.6389
B,carat_bucket+Shape+Color+Clarity+TypeName+Report+Cut,3.00-3.99,RADIANT,F,VVS2,CVD,IGI,-,,,6,20065.14658,118.0303
B,carat_bucket+Shape+Color+Clarity+TypeName+Report+Cut,3.00-3.99,ROUND,D,SI1,CVD,IGI,ID,,,1,23754.901961,139.7347
B,carat_bucket+Shape+Color+Clarity+TypeName+Report+Cut,3.00-3.99,ROUND,D,VS1,CVD,IGI,EX,,,5,25813.953488,151.8468
B,carat_bucket+Shape+Color+Clarity+TypeName+Report+Cut,3.00-3.99,ROUND,D,VS1,CVD,IGI,ID,,,26,26139.0,153.7588
B,carat_bucket+Shape+Color+Clarity+TypeName+Report+Cut,3.00-3.99,ROUND,D,VS1,HPHT,IGI,ID,,,1,25965.89404,152.7406
B,carat_bucket+Shape+Color+Clarity+TypeName+Report+Cut,3.00-3.99,ROUND,D,VS2,CVD,IGI,ID,,,5,24464.705882,143.91
B,carat_bucket+Shape+Color+Clarity+TypeName+Report+Cut,3.00-3.99,ROUND,D,VS2,HPHT,IGI,EX,,,1,24867.109635,146.2771
B,carat_bucket+Shape+Color+Clarity+TypeName+Report+Cut,3.00-3.99,ROUND,D,VS2,HPHT,IGI,ID,,,2,24262.624511,142.7213
B,carat_bucket+Shape+Color+Clarity+TypeName+Report+Cut,3.00-3.99,ROUND,D,VVS1,HPHT,IGI,EX,,,1,56511.627907,332.4213
B,carat_bucket+Shape+Color+Clarity+TypeName+Report+Cut,3.00-3.99,ROUND,D,VVS1,HPHT,IGI,ID,,,25,55953.947368,329.1409
B,carat_bucket+Shape+Color+Clarity+TypeName+Report+Cut,3.00-3.99,ROUND,D,VVS2,CVD,IGI,EX,,,18,31065.789474,182.7399
B,carat_bucket+Shape+Color+Clarity+TypeName+Report+Cut,3.00-3.99,ROUND,D,VVS2,CVD,IGI,ID,,,95,30862.745098,181.5456
B,carat_bucket+Shape+Color+Clarity+TypeName+Report+Cut,3.00-3.99,ROUND,D,VVS2,HPHT,IGI,EX,,,3,30764.705882,180.9689
B,carat_bucket+Shape+Color+Clarity+TypeName+Report+Cut,3.00-3.99,ROUND,D,VVS2,HPHT,IGI,ID,,,30,31670.688935,186.2982
B,carat_bucket+Shape+Color+Clarity+TypeName+Report+Cut,3.00-3.99,ROUND,E,VS1,CVD,IGI,EX,,,14,28053.287721,165.0193
B,carat_bucket+Shape+Color+Clarity+TypeName+Report+Cut,3.00-3.99,ROUND,E,VS1,CVD,IGI,ID,,,168,18498.33887,108.8138
B,carat_bucket+Shape+Color+Clarity+TypeName+Report+Cut,3.00-3.99,ROUND,E,VS2,CVD,IGI,EX,,,1,25107.843137,147.6932
B,carat_bucket+Shape+Color+Clarity+TypeName+Report+Cut,3.00-3.99,ROUND,E,VS2,CVD,IGI,ID,,,4,18567.207547,109.2189
B,carat_bucket+Shape+Color+Clarity+TypeName+Report+Cut,3.00-3.99,ROUND,E,VVS1,CVD,IGI,ID,,,15,36146.103896,212.6241
B,carat_bucket+Shape+Color+Clarity+TypeName+Report+Cut,3.00-3.99,ROUND,E,VVS2,CVD,IGI,EX,,,41,19144.736842,112.6161
B,carat_bucket+Shape+Color+Clarity+TypeName+Report+Cut,3.00-3.99,ROUND,E,VVS2,CVD,IGI,ID,,,450,18576.15894,109.2715
B,carat_bucket+Shape+Color+Clarity+TypeName+Report+Cut,3.00-3.99,ROUND,E,VVS2,HPHT,IGI,EX,,,4,20715.686275,121.857
B,carat_bucket+Shape+Color+Clarity+TypeName+Report+Cut,3.00-3.99,ROUND,E,VVS2,HPHT,IGI,ID,,,19,19268.852459,113.3462
B,carat_bucket+Shape+Color+Clarity+TypeName+Report+Cut,3.00-3.99,ROUND,F,VS1,CVD,IGI,EX,,,14,23354.304636,137.3783
B,carat_bucket+Shape+Color+Clarity+TypeName+Report+Cut,3.00-3.99,ROUND,F,VS1,CVD,IGI,ID,,,26,18646.751447,109.6868
B,carat_bucket+Shape+Color+Clarity+TypeName+Report+Cut,3.00-3.99,ROUND,F,VS1,CVD,IGI,VG,,,1,23510.0,138.2941
B,carat_bucket+Shape+Color+Clarity+TypeName+Report+Cut,3.00-3.99,ROUND,F,VS2,CVD,IGI,EX,,,4,19106.523179,112.3913
B,carat_bucket+Shape+Color+Clarity+TypeName+Report+Cut,3.00-3.99,ROUND,F,VS2,CVD,IGI,ID,,,4,19011.622189,111.8331
B,carat_bucket+Shape+Color+Clarity+TypeName+Report+Cut,3.00-3.99,ROUND,F,VVS2,CVD,IGI,EX,,,9,20860.927152,122.7113
B,carat_bucket+Shape+Color+Clarity+TypeName+Report+Cut,3.00-3.99,ROUND,F,VVS2,CVD,IGI,ID,,,20,19918.674757,117.1687
B,carat_bucket+Shape+Color+Clarity+TypeName+Report+Cut,3.00-3.99,ROUND,F,VVS2,HPHT,IGI,ID,,,1,19067.647059,112.1626
B,carat_bucket+Shape+Color+Clarity+TypeName+Report+Cut,3.00-3.99,SQUARE,D,VS1,CVD,IGI,-,,,13,30019.417476,176.5848
B,carat_bucket+Shape+Color+Clarity+TypeName+Report+Cut,3.00-3.99,SQUARE,D,VS2,CVD,IGI,-,,,4,27916.761543,164.2162
B,carat_bucket+Shape+Color+Clarity+TypeName+Report+Cut,3.00-3.99,SQUARE,D,VVS1,CVD,IGI,-,,,9,37221.498371,218.95
B,carat_bucket+Shape+Color+Clarity+TypeName+Report+Cut,3.00-3.99,SQUARE,D,VVS2,CVD,IGI,-,,,26,33741.386328,198.4787
B,carat_bucket+Shape+Color+Clarity+TypeName+Report+Cut,3.00-3.99,SQUARE,E,VS1,CVD,IGI,-,,,13,26578.378378,156.3434
B,carat_bucket+Shape+Color+Clarity+TypeName+Report+Cut,3.00-3.99,SQUARE,E,VVS1,CVD,IGI,-,,,9,34066.666667,200.3922
B,carat_bucket+Shape+Color+Clarity+TypeName+Report+Cut,3.00-3.99,SQUARE,E,VVS2,CVD,IGI,-,,,30,34029.126214,200.1713
B,carat_bucket+Shape+Color+Clarity+TypeName+Report+Cut,3.00-3.99,SQUARE,F,VS1,CVD,IGI,-,,,5,26297.297297,154.69
B,carat_bucket+Shape+Color+Clarity+TypeName+Report+Cut,3.00-3.99,SQUARE,F,VS2,CVD,IGI,-,,,1,24825.242718,146.0308
B,carat_bucket+Shape+Color+Clarity+TypeName+Report+Cut,3.00-3.99,SQUARE,F,VVS2,CVD,IGI,-,,,2,27450.518822,161.4736
B,carat_bucket+Shape+Color+Clarity+TypeName+Report+Cut,4.00-4.99,ASSCHER,E,VVS2,CVD,IGI,-,,,1,31739.856802,186.705
B,carat_bucket+Shape+Color+Clarity+TypeName+Report+Cut,4.00-4.99,CUSHION,D,VS1,CVD,IGI,-,,,1,33073.170732,194.5481
B,carat_bucket+Shape+Color+Clarity+TypeName+Report+Cut,4.00-4.99,CUSHION,D,VVS2,CVD,IGI,-,,,2,40418.037994,237.7532
B,carat_bucket+Shape+Color+Clarity+TypeName+Report+Cut,4.00-4.99,CUSHION,E,VS1,CVD,IGI,-,,,2,31131.082542,183.124
B,carat_bucket+Shape+Color+Clarity+TypeName+Report+Cut,4.00-4.99,CUSHION,E,VVS2,CVD,IGI,-,,,1,31280.487805,184.0029
B,carat_bucket+Shape+Color+Clarity+TypeName+Report+Cut,4.00-4.99,CUSHION,F,VVS2,CVD,IGI,-,,,1,30774.193548,181.0247
B,carat_bucket+Shape+Color+Clarity+TypeName+Report+Cut,4.00-4.99,CUSHION,G,VS1,CVD,IGI,-,,,1,26292.383292,154.6611
B,carat_bucket+Shape+Color+Clarity+TypeName+Report+Cut,4.00-4.99,EMERALD,D,VS1,CVD,IGI,-,,,3,26299.7543,154.7044
B,carat_bucket+Shape+Color+Clarity+TypeName+Report+Cut,4.00-4.99,EMERALD,D,VVS2,CVD,IGI,-,,,1,31254.950495,183.8526
B,carat_bucket+Shape+Color+Clarity+TypeName+Report+Cut,4.00-4.99,EMERALD,D,VVS2,HPHT,IGI,-,,,1,31199.259259,183.5251
B,carat_bucket+Shape+Color+Clarity+TypeName+Report+Cut,4.00-4.99,EMERALD,E,VS1,CVD,IGI,-,,,10,22075.609756,129.8565
B,carat_bucket+Shape+Color+Clarity+TypeName+Report+Cut,4.00-4.99,EMERALD,E,VVS2,CVD,IGI,-,,,6,25647.678275,150.8687
B,carat_bucket+Shape+Color+Clarity+TypeName+Report+Cut,4.00-4.99,EMERALD,E,VVS2,HPHT,IGI,-,,,1,26162.094763,153.8947
B,carat_bucket+Shape+Color+Clarity+TypeName+Report+Cut,4.00-4.99,EMERALD,F,VS1,CVD,IGI,-,,,2,20689.655172,121.7039
B,carat_bucket+Shape+Color+Clarity+TypeName+Report+Cut,4.00-4.99,HEART,D,VS1,CVD,IGI,-,,,1,32738.498789,192.5794
B,carat_bucket+Shape+Color+Clarity+TypeName+Report+Cut,4.00-4.99,HEART,D,VVS2,CVD,IGI,-,,,3,40358.208955,237.4012
B,carat_bucket+Shape+Color+Clarity+TypeName+Report+Cut,4.00-4.99,HEART,D,VVS2,CVD,IGI,传统切,,,1,52034.739454,306.0867
B,carat_bucket+Shape+Color+Clarity+TypeName+Report+Cut,4.00-4.99,HEART,E,VS1,CVD,IGI,-,,,6,28132.576571,165.4857
B,carat_bucket+Shape+Color+Clarity+TypeName+Report+Cut,4.00-4.99,HEART,E,VVS2,CVD,IGI,-,,,1,30916.507177,181.8618
B,carat_bucket+Shape+Color+Clarity+TypeName+Report+Cut,4.00-4.99,MARQUISE,D,VS1,CVD,IGI,-,,,4,31303.864522,184.1404
B,carat_bucket+Shape+Color+Clarity+TypeName+Report+Cut,4.00-4.99,MARQUISE,D,VVS2,CVD,IGI,-,,,3,47782.5,281.0735
B,carat_bucket+Shape+Color+Clarity+TypeName+Report+Cut,4.00-4.99,MARQUISE,E,VS1,CVD,IGI,-,,,16,26406.025825,155.3296
B,carat_bucket+Shape+Color+Clarity+TypeName+Report+Cut,4.00-4.99,MARQUISE,E,VVS2,CVD,IGI,-,,,9,32532.089552,191.3652
B,carat_bucket+Shape+Color+Clarity+TypeName+Report+Cut,4.00-4.99,MARQUISE,F,VS1,CVD,IGI,-,,,4,21560.665857,126.8274
B,carat_bucket+Shape+Color+Clarity+TypeName+Report+Cut,4.00-4.99,MARQUISE,F,VVS2,CVD,IGI,-,,,2,29777.408331,175.1612
B,carat_bucket+Shape+Color+Clarity+TypeName+Report+Cut,4.00-4.99,OVAL,D,VS1,CVD,IGI,-,,,12,26264.373464,154.4963
B,carat_bucket+Shape+Color+Clarity+TypeName+Report+Cut,4.00-4.99,OVAL,D,VVS2,CVD,IGI,-,,,11,32067.487685,188.6323
B,carat_bucket+Shape+Color+Clarity+TypeName+Report+Cut,4.00-4.99,OVAL,D,VVS2,HPHT,IGI,-,,,1,32183.168317,189.3128
B,carat_bucket+Shape+Color+Clarity+TypeName+Report+Cut,4.00-4.99,OVAL,E,VS1,CVD,IGI,-,,,31,21755.501222,127.9735
B,carat_bucket+Shape+Color+Clarity+TypeName+Report+Cut,4.00-4.99,OVAL,E,VS1,HPHT,IGI,EX,,,2,21886.699507,128.7453
B,carat_bucket+Shape+Color+Clarity+TypeName+Report+Cut,4.00-4.99,OVAL,E,VS2,CVD,IGI,-,,,1,21923.134328,128.9596
B,carat_bucket+Shape+Color+Clarity+TypeName+Report+Cut,4.00-4.99,OVAL,E,VVS2,CVD,IGI,-,,,55,23566.084788,138.624
B,carat_bucket+Shape+Color+Clarity+TypeName+Report+Cut,4.00-4.99,OVAL,F,VS1,CVD,IGI,-,,,3,22032.75,129.6044
B,carat_bucket+Shape+Color+Clarity+TypeName+Report+Cut,4.00-4.99,OVAL,F,VS2,CVD,IGI,-,,,1,21977.805486,129.2812
B,carat_bucket+Shape+Color+Clarity+TypeName+Report+Cut,4.00-4.99,OVAL,F,VVS2,CVD,IGI,-,,,1,20740.740741,122.0044
B,carat_bucket+Shape+Color+Clarity+TypeName+Report+Cut,4.00-4.99,PEAR,D,VS1,CVD,IGI,-,,,5,28555.555556,167.9739
B,carat_bucket+Shape+Color+Clarity+TypeName+Report+Cut,4.00-4.99,PEAR,D,VVS2,CVD,IGI,-,,,2,37146.598684,218.5094
B,carat_bucket+Shape+Color+Clarity+TypeName+Report+Cut,4.00-4.99,PEAR,E,VS1,CVD,IGI,-,,,16,24845.149254,146.1479
B,carat_bucket+Shape+Color+Clarity+TypeName+Report+Cut,4.00-4.99,PEAR,E,VS2,CVD,IGI,-,,,2,24352.607904,143.2506
B,carat_bucket+Shape+Color+Clarity+TypeName+Report+Cut,4.00-4.99,PEAR,E,VVS2,CVD,IGI,-,,,9,26977.61194,158.6918
B,carat_bucket+Shape+Color+Clarity+TypeName+Report+Cut,4.00-4.99,PEAR,F,VS1,CVD,IGI,-,,,3,22600.232019,132.9425
B,carat_bucket+Shape+Color+Clarity+TypeName+Report+Cut,4.00-4.99,PRINCESS,D,VS1,CVD,IGI,-,,,2,36163.432836,212.7261
B,carat_bucket+Shape+Color+Clarity+TypeName+Report+Cut,4.00-4.99,PRINCESS,D,VVS1,CVD,IGI,-,,,1,41896.551724,246.4503
B,carat_bucket+Shape+Color+Clarity+TypeName+Report+Cut,4.00-4.99,PRINCESS,D,VVS2,CVD,IGI,-,,,2,31312.415742,184.1907
B,carat_bucket+Shape+Color+Clarity+TypeName+Report+Cut,4.00-4.99,PRINCESS,E,VS1,CVD,IGI,-,,,1,23117.22488,135.9837
B,carat_bucket+Shape+Color+Clarity+TypeName+Report+Cut,4.00-4.99,PRINCESS,E,VVS2,CVD,IGI,-,,,1,26693.266833,157.0192
B,carat_bucket+Shape+Color+Clarity+TypeName+Report+Cut,4.00-4.99,PRINCESS,F,VS1,CVD,IGI,-,,,2,31252.31718,183.8372
B,carat_bucket+Shape+Color+Clarity+TypeName+Report+Cut,4.00-4.99,RADIANT,D,VS1,CVD,IGI,-,,,6,27602.189781,162.3658
B,carat_bucket+Shape+Color+Clarity+TypeName+Report+Cut,4.00-4.99,RADIANT,D,VVS2,CVD,IGI,-,,,7,39717.456359,233.6321
B,carat_bucket+Shape+Color+Clarity+TypeName+Report+Cut,4.00-4.99,RADIANT,E,VS1,CVD,IGI,-,,,7,25281.553398,148.715
B,carat_bucket+Shape+Color+Clarity+TypeName+Report+Cut,4.00-4.99,RADIANT,E,VVS2,CVD,IGI,-,,,7,28488.148148,167.5773
B,carat_bucket+Shape+Color+Clarity+TypeName+Report+Cut,4.00-4.99,RADIANT,F,VS1,CVD,IGI,-,,,2,24421.641791,143.6567
B,carat_bucket+Shape+Color+Clarity+TypeName+Report+Cut,4.00-4.99,RADIANT,F,VVS2,CVD,IGI,-,,,2,25248.143519,148.5185
B,carat_bucket+Shape+Color+Clarity+TypeName+Report+Cut,4.00-4.99,ROUND,D,VS1,CVD,IGI,EX,,,1,30406.403941,178.8612
B,carat_bucket+Shape+Color+Clarity+TypeName+Report+Cut,4.00-4.99,ROUND,D,VS1,CVD,IGI,ID,,,1,42415.9601,249.5056
B,carat_bucket+Shape+Color+Clarity+TypeName+Report+Cut,4.00-4.99,ROUND,D,VS1,HPHT,IGI,EX,,,1,31755.0,186.7941
B,carat_bucket+Shape+Color+Clarity+TypeName+Report+Cut,4.00-4.99,ROUND,D,VVS2,CVD,IGI,ID,,,4,50339.729132,296.1161
B,carat_bucket+Shape+Color+Clarity+TypeName+Report+Cut,4.00-4.99,ROUND,E,VS1,CVD,IGI,EX,,,9,21487.5,126.3971
B,carat_bucket+Shape+Color+Clarity+TypeName+Report+Cut,4.00-4.99,ROUND,E,VS1,CVD,IGI,ID,,,42,21433.915212,126.0819
B,carat_bucket+Shape+Color+Clarity+TypeName+Report+Cut,4.00-4.99,ROUND,E,VS2,CVD,IGI,ID,,,1,21923.134328,128.9596
B,carat_bucket+Shape+Color+Clarity+TypeName+Report+Cut,4.00-4.99,ROUND,E,VVS2,CVD,IGI,EX,,,8,23287.128713,136.9831
B,carat_bucket+Shape+Color+Clarity+TypeName+Report+Cut,4.00-4.99,ROUND,E,VVS2,CVD,IGI,ID,,,37,23466.583541,138.0387
B,carat_bucket+Shape+Color+Clarity+TypeName+Report+Cut,4.00-4.99,ROUND,E,VVS2,HPHT,IGI,EX,,,3,23313.432836,137.1378
B,carat_bucket+Shape+Color+Clarity+TypeName+Report+Cut,4.00-4.99,ROUND,E,VVS2,HPHT,IGI,ID,,,15,23371.571072,137.4798
B,carat_bucket+Shape+Color+Clarity+TypeName+Report+Cut,4.00-4.99,ROUND,F,VS1,CVD,IGI,ID,,,13,20573.566085,121.021
B,carat_bucket+Shape+Color+Clarity+TypeName+Report+Cut,4.00-4.99,ROUND,F,VS2,CVD,IGI,ID,,,1,18151.572327,106.774
B,carat_bucket+Shape+Color+Clarity+TypeName+Report+Cut,4.00-4.99,ROUND,F,VVS2,CVD,IGI,ID,,,11,22014.925373,129.4996
B,carat_bucket+Shape+Color+Clarity+TypeName+Report+Cut,4.00-4.99,SQUARE,D,VS1,CVD,IGI,-,,,4,33435.091278,196.677
B,carat_bucket+Shape+Color+Clarity+TypeName+Report+Cut,4.00-4.99,SQUARE,D,VS2,CVD,IGI,-,,,1,30314.214464,178.3189
B,carat_bucket+Shape+Color+Clarity+TypeName+Report+Cut,4.00-4.99,SQUARE,D,VVS1,CVD,IGI,-,,,1,39114.558473,230.0856
B,carat_bucket+Shape+Color+Clarity+TypeName+Report+Cut,4.00-4.99,SQUARE,D,VVS2,CVD,IGI,-,,,3,31496.932515,185.2761
B,carat_bucket+Shape+Color+Clarity+TypeName+Report+Cut,4.00-4.99,SQUARE,E,VS1,CVD,IGI,-,,,1,30249.388753,177.9376
B,carat_bucket+Shape+Color+Clarity+TypeName+Report+Cut,4.00-4.99,SQUARE,E,VVS2,CVD,IGI,-,,,3,35039.408867,206.1142
B,carat_bucket+Shape+Color+Clarity+TypeName+Report+Cut,4.00-4.99,SQUARE,F,VVS2,CVD,IGI,-,,,1,30592.105263,179.9536
B,carat_bucket+Shape+Color+Clarity+TypeName+Report+Cut,5.00-9.99,-,D,VVS1,CVD,IGI,-,,,1,79773.809524,469.2577
B,carat_bucket+Shape+Color+Clarity+TypeName+Report+Cut,5.00-9.99,-,D,VVS2,CVD,IGI,-,,,1,65423.076923,384.8416
B,carat_bucket+Shape+Color+Clarity+TypeName+Report+Cut,5.00-9.99,-,E,VVS1,CVD,IGI,-,,,1,60760.314342,357.4136
B,carat_bucket+Shape+Color+Clarity+TypeName+Report+Cut,5.00-9.99,-,E,VVS2,CVD,IGI,-,,,1,52177.91411,306.9289
B,carat_bucket+Shape+Color+Clarity+TypeName+Report+Cut,5.00-9.99,ASHOKA,E,VVS2,CVD,IGI,-,,,2,57167.84455,336.2814
B,carat_bucket+Shape+Color+Clarity+TypeName+Report+Cut,5.00-9.99,ASSCHER,E,VS1,CVD,IGI,-,,,5,27984.095427,164.6123
B,carat_bucket+Shape+Color+Clarity+TypeName+Report+Cut,5.00-9.99,ASSCHER,E,VVS2,CVD,IGI,-,,,3,29388.118812,172.8713
B,carat_bucket+Shape+Color+Clarity+TypeName+Report+Cut,5.00-9.99,CUSHION,D,VS1,CVD,IGI,-,,,2,28577.647059,168.1038
B,carat_bucket+Shape+Color+Clarity+TypeName+Report+Cut,5.00-9.99,CUSHION,D,VS1,CVD,IGI,长垫形,,,2,44104.943665,259.4408
B,carat_bucket+Shape+Color+Clarity+TypeName+Report+Cut,5.00-9.99,CUSHION,D,VVS1,CVD,IGI,-,,,3,45204.628502,265.9096
B,carat_bucket+Shape+Color+Clarity+TypeName+Report+Cut,5.00-9.99,CUSHION,D,VVS1,CVD,IGI,长垫形,,,6,57309.187242,337.1129
B,carat_bucket+Shape+Color+Clarity+TypeName+Report+Cut,5.00-9.99,CUSHION,D,VVS2,CVD,IGI,-,,,4,35093.687629,206.4335
B,carat_bucket+Shape+Color+Clarity+TypeName+Report+Cut,5.00-9.99,CUSHION,D,VVS2,CVD,IGI,长垫形,,,2,48230.145413,283.7067
B,carat_bucket+Shape+Color+Clarity+TypeName+Report+Cut,5.00-9.99,CUSHION,E,VS1,CVD,IGI,-,,,11,30926.764314,181.9221
B,carat_bucket+Shape+Color+Clarity+TypeName+Report+Cut,5.00-9.99,CUSHION,E,VS2,CVD,IGI,-,,,1,26294.455067,154.6733
B,carat_bucket+Shape+Color+Clarity+TypeName+Report+Cut,5.00-9.99,CUSHION,E,VVS1,CVD,IGI,-,,,1,46312.81198,272.4283
B,carat_bucket+Shape+Color+Clarity+TypeName+Report+Cut,5.00-9.99,CUSHION,E,VVS1,CVD,IGI,老矿切,,,1,53258.302583,313.2841
B,carat_bucket+Shape+Color+Clarity+TypeName+Report+Cut,5.00-9.99,CUSHION,E,VVS1,CVD,IGI,长垫形,,,4,46007.114346,270.6301
B,carat_bucket+Shape+Color+Clarity+TypeName+Report+Cut,5.00-9.99,CUSHION,E,VVS2,CVD,IGI,-,,,21,28813.664596,169.4921
B,carat_bucket+Shape+Color+Clarity+TypeName+Report+Cut,5.00-9.99,CUSHION,F,VS1,CVD,IGI,-,,,9,30927.339901,181.9255
B,carat_bucket+Shape+Color+Clarity+TypeName+Report+Cut,5.00-9.99,CUSHION,F,VS2,CVD,IGI,-,,,1,30929.36803,181.9375
B,carat_bucket+Shape+Color+Clarity+TypeName+Report+Cut,5.00-9.99,CUSHION,F,VVS1,CVD,IGI,-,,,4,33982.489897,199.897
B,carat_bucket+Shape+Color+Clarity+TypeName+Report+Cut,5.00-9.99,CUSHION,F,VVS1,CVD,IGI,长垫形,,,2,33723.689154,198.3746
B,carat_bucket+Shape+Color+Clarity+TypeName+Report+Cut,5.00-9.99,CUSHION,F,VVS2,CVD,IGI,-,,,2,29127.134653,171.3361
B,carat_bucket+Shape+Color+Clarity+TypeName+Report+Cut,5.00-9.99,CUSHION,G,VS1,CVD,IGI,-,,,3,30926.199262,181.9188
B,carat_bucket+Shape+Color+Clarity+TypeName+Report+Cut,5.00-9.99,CUSHION,G,VS2,CVD,IGI,-,,,1,30927.070457,181.9239
B,carat_bucket+Shape+Color+Clarity+TypeName+Report+Cut,5.00-9.99,EMERALD,D,VS1,CVD,IGI,-,,,13,32101.796407,188.8341
B,carat_bucket+Shape+Color+Clarity+TypeName+Report+Cut,5.00-9.99,EMERALD,D,VS2,CVD,IGI,-,,,2,26949.901768,158.5288
B,carat_bucket+Shape+Color+Clarity+TypeName+Report+Cut,5.00-9.99,EMERALD,D,VVS2,CVD,IGI,-,,,7,32980.413493,194.0024
B,carat_bucket+Shape+Color+Clarity+TypeName+Report+Cut,5.00-9.99,EMERALD,E,VS1,CVD,IGI,-,,,39,24600.0,144.7059
B,carat_bucket+Shape+Color+Clarity+TypeName+Report+Cut,5.00-9.99,EMERALD,E,VS2,CVD,IGI,-,,,1,26891.304348,158.1841
B,carat_bucket+Shape+Color+Clarity+TypeName+Report+Cut,5.00-9.99,EMERALD,E,VVS2,CVD,IGI,-,,,59,25982.905983,152.8406
B,carat_bucket+Shape+Color+Clarity+TypeName+Report+Cut,5.00-9.99,EMERALD,F,VS1,CVD,IGI,-,,,20,22074.089027,129.8476
B,carat_bucket+Shape+Color+Clarity+TypeName+Report+Cut,5.00-9.99,EMERALD,F,VS2,CVD,IGI,-,,,1,24694.610778,145.2624
B,carat_bucket+Shape+Color+Clarity+TypeName+Report+Cut,5.00-9.99,EMERALD,F,VVS1,CVD,IGI,-,,,1,32359.030837,190.3472
B,carat_bucket+Shape+Color+Clarity+TypeName+Report+Cut,5.00-9.99,EMERALD,F,VVS2,CVD,IGI,-,,,33,25573.770492,150.4339
B,carat_bucket+Shape+Color+Clarity+TypeName+Report+Cut,5.00-9.99,EMERALD,G,VS1,CVD,IGI,-,,,2,20423.577397,120.1387
B,carat_bucket+Shape+Color+Clarity+TypeName+Report+Cut,5.00-9.99,HEART,D,VS1,CVD,IGI,-,,,10,35558.067729,209.1651
B,carat_bucket+Shape+Color+Clarity+TypeName+Report+Cut,5.00-9.99,HEART,D,VS1,CVD,IGI,传统切,,,1,57071.428571,335.7143
B,carat_bucket+Shape+Color+Clarity+TypeName+Report+Cut,5.00-9.99,HEART,D,VVS1,CVD,IGI,-,,,2,65254.96431,383.8527
B,carat_bucket+Shape+Color+Clarity+TypeName+Report+Cut,5.00-9.99,HEART,D,VVS1,CVD,IGI,传统切,,,1,72913.555992,428.9033
B,carat_bucket+Shape+Color+Clarity+TypeName+Report+Cut,5.00-9.99,HEART,D,VVS2,CVD,IGI,-,,,11,41952.0,246.7765
B,carat_bucket+Shape+Color+Clarity+TypeName+Report+Cut,5.00-9.99,HEART,D,VVS2,CVD,IGI,冰花切,,,3,55103.448276,324.1379
B,carat_bucket+Shape+Color+Clarity+TypeName+Report+Cut,5.00-9.99,HEART,D,VVS2,HPHT,IGI,-,,,1,41701.789264,245.3046
B,carat_bucket+Shape+Color+Clarity+TypeName+Report+Cut,5.00-9.99,HEART,E,VS1,CVD,IGI,-,,,12,32605.913835,191.7995
B,carat_bucket+Shape+Color+Clarity+TypeName+Report+Cut,5.00-9.99,HEART,E,VS1,CVD,IGI,传统切,,,1,47267.44186,278.0438
B,carat_bucket+Shape+Color+Clarity+TypeName+Report+Cut,5.00-9.99,HEART,E,VVS2,CVD,IGI,-,,,5,29910.358566,175.9433
B,carat_bucket+Shape+Color+Clarity+TypeName+Report+Cut,5.00-9.99,HEART,E,VVS2,HPHT,IGI,-,,,2,29697.358431,174.6903
B,carat_bucket+Shape+Color+Clarity+TypeName+Report+Cut,5.00-9.99,MARQUISE,D,VS1,CVD,IGI,-,,,13,28803.986711,169.4352
B,carat_bucket+Shape+Color+Clarity+TypeName+Report+Cut,5.00-9.99,MARQUISE,D,VVS2,CVD,IGI,-,,,3,58403.940887,343.5526
B,carat_bucket+Shape+Color+Clarity+TypeName+Report+Cut,5.00-9.99,MARQUISE,E,VS1,CVD,IGI,-,,,47,25414.772727,149.4987
B,carat_bucket+Shape+Color+Clarity+TypeName+Report+Cut,5.00-9.99,MARQUISE,E,VS1,HPHT,IGI,-,,,1,23834.862385,140.2051
B,carat_bucket+Shape+Color+Clarity+TypeName+Report+Cut,5.00-9.99,MARQUISE,E,VVS1,CVD,IGI,-,,,1,56511.627907,332.4213
B,carat_bucket+Shape+Color+Clarity+TypeName+Report+Cut,5.00-9.99,MARQUISE,E,VVS2,CVD,IGI,-,,,52,27577.013752,162.2177
B,carat_bucket+Shape+Color+Clarity+TypeName+Report+Cut,5.00-9.99,MARQUISE,F,VS1,CVD,IGI,-,,,23,23504.273504,138.2604
B,carat_bucket+Shape+Color+Clarity+TypeName+Report+Cut,5.00-9.99,MARQUISE,F,VVS1,CVD,IGI,-,,,1,50111.292962,294.7723
B,carat_bucket+Shape+Color+Clarity+TypeName+Report+Cut,5.00-9.99,MARQUISE,F,VVS2,CVD,IGI,-,,,22,25622.788781,150.7223
B,carat_bucket+Shape+Color+Clarity+TypeName+Report+Cut,5.00-9.99,OVAL,D,VS1,CVD,IGI,-,,,9,27968.12749,164.5184
B,carat_bucket+Shape+Color+Clarity+TypeName+Report+Cut,5.00-9.99,OVAL,D,VS1,CVD,IGI,传统切,,,1,35458.646617,208.5803
B,carat_bucket+Shape+Color+Clarity+TypeName+Report+Cut,5.00-9.99,OVAL,D,VS1,CVD,IGI,冰花切,,,5,40908.730159,240.6396
B,carat_bucket+Shape+Color+Clarity+TypeName+Report+Cut,5.00-9.99,OVAL,D,VS2,CVD,IGI,-,,,1,33547.928994,197.3408
B,carat_bucket+Shape+Color+Clarity+TypeName+Report+Cut,5.00-9.99,OVAL,D,VVS1,CVD,IGI,-,,,2,56593.691329,332.9041
B,carat_bucket+Shape+Color+Clarity+TypeName+Report+Cut,5.00-9.99,OVAL,D,VVS1,CVD,IGI,冰花切,,,23,58080.985915,341.6529
B,carat_bucket+Shape+Color+Clarity+TypeName+Report+Cut,5.00-9.99,OVAL,D,VVS2,CVD,IGI,-,,,8,49283.241191,289.9014
B,carat_bucket+Shape+Color+Clarity+TypeName+Report+Cut,5.00-9.99,OVAL,D,VVS2,CVD,IGI,传统切,,,4,42563.866148,250.3757
B,carat_bucket+Shape+Color+Clarity+TypeName+Report+Cut,5.00-9.99,OVAL,D,VVS2,CVD,IGI,冰花切,,,12,48672.937191,286.3114
B,carat_bucket+Shape+Color+Clarity+TypeName+Report+Cut,5.00-9.99,OVAL,E,VS1,CVD,IGI,-,,,60,28892.388163,169.9552
B,carat_bucket+Shape+Color+Clarity+TypeName+Report+Cut,5.00-9.99,OVAL,E,VS1,HPHT,IGI,EX,,,2,22480.580671,132.2387
B,carat_bucket+Shape+Color+Clarity+TypeName+Report+Cut,5.00-9.99,OVAL,E,VS2,CVD,IGI,-,,,2,22198.526254,130.5796
B,carat_bucket+Shape+Color+Clarity+TypeName+Report+Cut,5.00-9.99,OVAL,E,VVS1,CVD,IGI,-,,,2,42858.836412,252.1108
B,carat_bucket+Shape+Color+Clarity+TypeName+Report+Cut,5.00-9.99,OVAL,E,VVS1,CVD,IGI,冰花切,,,6,42696.602001,251.1565
B,carat_bucket+Shape+Color+Clarity+TypeName+Report+Cut,5.00-9.99,OVAL,E,VVS2,CVD,IGI,-,,,158,22574.257426,132.7897
B,carat_bucket+Shape+Color+Clarity+TypeName+Report+Cut,5.00-9.99,OVAL,E,VVS2,CVD,IGI,传统切,,,3,38016.923077,223.629
B,carat_bucket+Shape+Color+Clarity+TypeName+Report+Cut,5.00-9.99,OVAL,E,VVS2,CVD,IGI,冰花切,,,13,40442.092154,237.8947
B,carat_bucket+Shape+Color+Clarity+TypeName+Report+Cut,5.00-9.99,OVAL,F,VS1,CVD,IGI,-,,,16,24937.673092,146.6922
B,carat_bucket+Shape+Color+Clarity+TypeName+Report+Cut,5.00-9.99,OVAL,F,VS1,HPHT,IGI,EX,,,1,21570.0,126.8824
B,carat_bucket+Shape+Color+Clarity+TypeName+Report+Cut,5.00-9.99,OVAL,F,VS2,CVD,IGI,-,,,2,26667.948207,156.8703
B,carat_bucket+Shape+Color+Clarity+TypeName+Report+Cut,5.00-9.99,OVAL,F,VVS1,CVD,IGI,-,,,1,34428.023033,202.5178
B,carat_bucket+Shape+Color+Clarity+TypeName+Report+Cut,5.00-9.99,OVAL,F,VVS2,CVD,IGI,-,,,27,22371.769384,131.5986
B,carat_bucket+Shape+Color+Clarity+TypeName+Report+Cut,5.00-9.99,OVAL,F,VVS2,CVD,IGI,传统切,,,1,35446.153846,208.5068
B,carat_bucket+Shape+Color+Clarity+TypeName+Report+Cut,5.00-9.99,OVAL,F,VVS2,CVD,IGI,冰花切,,,2,33822.636072,198.9567
B,carat_bucket+Shape+Color+Clarity+TypeName+Report+Cut,5.00-9.99,PEAR,D,VS1,CVD,IGI,-,,,6,39457.908549,232.1053
B,carat_bucket+Shape+Color+Clarity+TypeName+Report+Cut,5.00-9.99,PEAR,D,VS1,CVD,IGI,冰花切,,,2,42417.459287,249.5145
B,carat_bucket+Shape+Color+Clarity+TypeName+Report+Cut,5.00-9.99,PEAR,D,VVS1,CVD,IGI,传统切,,,7,54034.941764,317.8526
B,carat_bucket+Shape+Color+Clarity+TypeName+Report+Cut,5.00-9.99,PEAR,D,VVS1,CVD,IGI,冰花切,,,23,57701.492537,339.4205
B,carat_bucket+Shape+Color+Clarity+TypeName+Report+Cut,5.00-9.99,PEAR,D,VVS2,CVD,IGI,-,,,6,46328.758028,272.5221
B,carat_bucket+Shape+Color+Clarity+TypeName+Report+Cut,5.00-9.99,PEAR,D,VVS2,CVD,IGI,传统切,,,3,49202.922078,289.429
B,carat_bucket+Shape+Color+Clarity+TypeName+Report+Cut,5.00-9.99,PEAR,D,VVS2,CVD,IGI,冰花切,,,12,47892.422254,281.7201
B,carat_bucket+Shape+Color+Clarity+TypeName+Report+Cut,5.00-9.99,PEAR,E,VS1,CVD,IGI,-,,,39,32839.975248,193.1763
B,carat_bucket+Shape+Color+Clarity+TypeName+Report+Cut,5.00-9.99,PEAR,E,VS2,CVD,IGI,-,,,3,22174.656189,130.4392
B,carat_bucket+Shape+Color+Clarity+TypeName+Report+Cut,5.00-9.99,PEAR,E,VVS1,CVD,IGI,-,,,1,46635.705669,274.3277
B,carat_bucket+Shape+Color+Clarity+TypeName+Report+Cut,5.00-9.99,PEAR,E,VVS1,CVD,IGI,传统切,,,1,46198.113208,271.7536
B,carat_bucket+Shape+Color+Clarity+TypeName+Report+Cut,5.00-9.99,PEAR,E,VVS1,CVD,IGI,冰花切,,,1,46312.81198,272.4283
B,carat_bucket+Shape+Color+Clarity+TypeName+Report+Cut,5.00-9.99,PEAR,E,VVS2,CVD,IGI,-,,,44,32677.155064,192.2186
B,carat_bucket+Shape+Color+Clarity+TypeName+Report+Cut,5.00-9.99,PEAR,E,VVS2,CVD,IGI,传统切,,,1,44349.127182,260.8772
B,carat_bucket+Shape+Color+Clarity+TypeName+Report+Cut,5.00-9.99,PEAR,E,VVS2,CVD,IGI,冰花切,,,6,43061.007463,253.3
B,carat_bucket+Shape+Color+Clarity+TypeName+Report+Cut,5.00-9.99,PEAR,F,VS1,CVD,IGI,-,,,9,31613.086771,185.9593
B,carat_bucket+Shape+Color+Clarity+TypeName+Report+Cut,5.00-9.99,PEAR,F,VS2,CVD,IGI,-,,,1,21652.662722,127.3686
B,carat_bucket+Shape+Color+Clarity+TypeName+Report+Cut,5.00-9.99,PEAR,F,VVS2,CVD,IGI,-,,,17,32251.861042,189.7168
B,carat_bucket+Shape+Color+Clarity+TypeName+Report+Cut,5.00-9.99,PEAR,F,VVS2,CVD,IGI,冰花切,,,1,35185.628743,206.9743
B,carat_bucket+Shape+Color+Clarity+TypeName+Report+Cut,5.00-9.99,PRINCESS,D,VS1,CVD,IGI,-,,,2,31564.833006,185.6755
B,carat_bucket+Shape+Color+Clarity+TypeName+Report+Cut,5.00-9.99,PRINCESS,D,VVS1,CVD,IGI,-,,,3,41673.701299,245.1394
B,carat_bucket+Shape+Color+Clarity+TypeName+Report+Cut,5.00-9.99,PRINCESS,D,VVS2,CVD,IGI,-,,,4,35135.910775,206.6818
B,carat_bucket+Shape+Color+Clarity+TypeName+Report+Cut,5.00-9.99,PRINCESS,E,VS1,CVD,IGI,-,,,11,32689.138577,192.2891
B,carat_bucket+Shape+Color+Clarity+TypeName+Report+Cut,5.00-9.99,PRINCESS,E,VVS1,CVD,IGI,-,,,2,33710.770138,198.2986
B,carat_bucket+Shape+Color+Clarity+TypeName+Report+Cut,5.00-9.99,PRINCESS,E,VVS2,CVD,IGI,-,,,30,30028.525564,176.6384
B,carat_bucket+Shape+Color+Clarity+TypeName+Report+Cut,5.00-9.99,PRINCESS,F,VVS1,CVD,IGI,-,,,4,32256.65955,189.7451
B,carat_bucket+Shape+Color+Clarity+TypeName+Report+Cut,5.00-9.99,PRINCESS,F,VVS2,CVD,IGI,-,,,1,25785.123967,151.6772
B,carat_bucket+Shape+Color+Clarity+TypeName+Report+Cut,5.00-9.99,RADIANT,D,VS1,CVD,IGI,-,,,6,36943.993269,217.3176
B,carat_bucket+Shape+Color+Clarity+TypeName+Report+Cut,5.00-9.99,RADIANT,E,VS1,CVD,IGI,-,,,6,29802.364865,175.308
B,carat_bucket+Shape+Color+Clarity+TypeName+Report+Cut,5.00-9.99,RADIANT,E,VVS2,CVD,IGI,-,,,19,32820.94431,193.0644
B,carat_bucket+Shape+Color+Clarity+TypeName+Report+Cut,5.00-9.99,RADIANT,E,VVS2,HPHT,IGI,-,,,1,21581.027668,126.9472
B,carat_bucket+Shape+Color+Clarity+TypeName+Report+Cut,5.00-9.99,RADIANT,F,VVS2,CVD,IGI,-,,,21,23976.377953,141.0375
B,carat_bucket+Shape+Color+Clarity+TypeName+Report+Cut,5.00-9.99,ROUND,D,VS1,CVD,IGI,ID,,,9,45929.108911,270.1712
B,carat_bucket+Shape+Color+Clarity+TypeName+Report+Cut,5.00-9.99,ROUND,D,VS2,HPHT,IGI,ID,,,1,37600.0,221.1765
B,carat_bucket+Shape+Color+Clarity+TypeName+Report+Cut,5.00-9.99,ROUND,D,VVS1,CVD,IGI,ID,,,1,70517.928287,414.8113
B,carat_bucket+Shape+Color+Clarity+TypeName+Report+Cut,5.00-9.99,ROUND,D,VVS2,CVD,IGI,EX,,,2,51047.904192,300.2818
B,carat_bucket+Shape+Color+Clarity+TypeName+Report+Cut,5.00-9.99,ROUND,D,VVS2,CVD,IGI,ID,,,14,50601.980198,297.6587
B,carat_bucket+Shape+Color+Clarity+TypeName+Report+Cut,5.00-9.99,ROUND,D,VVS2,HPHT,IGI,EX,,,1,51639.442231,303.7614
B,carat_bucket+Shape+Color+Clarity+TypeName+Report+Cut,5.00-9.99,ROUND,D,VVS2,HPHT,IGI,ID,,,1,51434.52381,302.556
B,carat_bucket+Shape+Color+Clarity+TypeName+Report+Cut,5.00-9.99,ROUND,E,VS1,CVD,IGI,EX,,,12,21746.275449,127.9193
B,carat_bucket+Shape+Color+Clarity+TypeName+Report+Cut,5.00-9.99,ROUND,E,VS1,CVD,IGI,ID,,,39,21535.2,126.6776
B,carat_bucket+Shape+Color+Clarity+TypeName+Report+Cut,5.00-9.99,ROUND,E,VS1,HPHT,IGI,EX,,,1,38082.089552,224.0123
B,carat_bucket+Shape+Color+Clarity+TypeName+Report+Cut,5.00-9.99,ROUND,E,VS1,HPHT,IGI,ID,,,7,28474.504249,167.4971
B,carat_bucket+Shape+Color+Clarity+TypeName+Report+Cut,5.00-9.99,ROUND,E,VS2,CVD,IGI,ID,,,7,21000.590551,123.5329
B,carat_bucket+Shape+Color+Clarity+TypeName+Report+Cut,5.00-9.99,ROUND,E,VVS2,CVD,IGI,EX,,,42,21560.851955,126.8285
B,carat_bucket+Shape+Color+Clarity+TypeName+Report+Cut,5.00-9.99,ROUND,E,VVS2,CVD,IGI,ID,,,129,21610.09901,127.1182
B,carat_bucket+Shape+Color+Clarity+TypeName+Report+Cut,5.00-9.99,ROUND,E,VVS2,HPHT,IGI,EX,,,3,28004.273504,164.731
B,carat_bucket+Shape+Color+Clarity+TypeName+Report+Cut,5.00-9.99,ROUND,E,VVS2,HPHT,IGI,ID,,,22,21958.579882,129.1681
B,carat_bucket+Shape+Color+Clarity+TypeName+Report+Cut,5.00-9.99,ROUND,F,VS1,CVD,IGI,ID,,,16,21021.892326,123.6582
B,carat_bucket+Shape+Color+Clarity+TypeName+Report+Cut,5.00-9.99,ROUND,F,VS2,CVD,IGI,ID,,,3,21432.475248,126.0734
B,carat_bucket+Shape+Color+Clarity+TypeName+Report+Cut,5.00-9.99,ROUND,F,VS2,HPHT,IGI,ID,,,1,21099.415205,124.1142
B,carat_bucket+Shape+Color+Clarity+TypeName+Report+Cut,5.00-9.99,ROUND,F,VVS1,CVD,IGI,ID,,,1,28197.696737,165.8688
B,carat_bucket+Shape+Color+Clarity+TypeName+Report+Cut,5.00-9.99,ROUND,F,VVS2,CVD,IGI,EX,,,7,22443.113772,132.0183
B,carat_bucket+Shape+Color+Clarity+TypeName+Report+Cut,5.00-9.99,ROUND,F,VVS2,CVD,IGI,ID,,,40,20958.083832,123.2828
B,carat_bucket+Shape+Color+Clarity+TypeName+Report+Cut,5.00-9.99,ROUND,F,VVS2,HPHT,IGI,ID,,,2,21774.0,128.0824
B,carat_bucket+Shape+Color+Clarity+TypeName+Report+Cut,5.00-9.99,SQUARE,D,VS1,CVD,IGI,-,,,9,32455.555556,190.915
B,carat_bucket+Shape+Color+Clarity+TypeName+Report+Cut,5.00-9.99,SQUARE,D,VS2,CVD,IGI,-,,,1,32205.206738,189.4424
B,carat_bucket+Shape+Color+Clarity+TypeName+Report+Cut,5.00-9.99,SQUARE,D,VVS1,CVD,IGI,-,,,1,40374.673629,237.4981
B,carat_bucket+Shape+Color+Clarity+TypeName+Report+Cut,5.00-9.99,SQUARE,D,VVS2,CVD,IGI,-,,,15,35821.782178,210.7164
B,carat_bucket+Shape+Color+Clarity+TypeName+Report+Cut,5.00-9.99,SQUARE,E,VS1,CVD,IGI,-,,,6,31051.181102,182.654
B,carat_bucket+Shape+Color+Clarity+TypeName+Report+Cut,5.00-9.99,SQUARE,E,VVS1,CVD,IGI,-,,,3,34632.612967,203.7213
B,carat_bucket+Shape+Color+Clarity+TypeName+Report+Cut,5.00-9.99,SQUARE,E,VVS2,CVD,IGI,-,,,26,33362.670659,196.251
B,carat_bucket+Shape+Color+Clarity+TypeName+Report+Cut,5.00-9.99,SQUARE,F,VS1,CVD,IGI,-,,,3,28491.362764,167.5963
B,carat_bucket+Shape+Color+Clarity+TypeName+Report+Cut,5.00-9.99,SQUARE,F,VVS1,CVD,IGI,-,,,1,33449.251248,196.7603
B,carat_bucket+Shape+Color+Clarity+TypeName+Report+Cut,5.00-9.99,SQUARE,F,VVS2,CVD,IGI,-,,,8,31112.910191,183.0171
C,carat_bucket+Shape+Color+Clarity+TypeName+Report,0.30-0.49,ROUND,D,VS1,CVD,IGI,,,,53,22125.0,130.1471
C,carat_bucket+Shape+Color+Clarity+TypeName+Report,0.30-0.49,ROUND,D,VS1,HPHT,IGI,,,,89,26526.315789,156.0372
C,carat_bucket+Shape+Color+Clarity+TypeName+Report,0.30-0.49,ROUND,D,VS2,HPHT,IGI,,,,47,20545.454545,120.8556
C,carat_bucket+Shape+Color+Clarity+TypeName+Report,0.30-0.49,ROUND,D,VVS1,HPHT,IGI,,,,98,36081.081081,212.2417
C,carat_bucket+Shape+Color+Clarity+TypeName+Report,0.30-0.49,ROUND,D,VVS2,CVD,IGI,,,,237,22875.0,134.5588
C,carat_bucket+Shape+Color+Clarity+TypeName+Report,0.30-0.49,ROUND,D,VVS2,HPHT,IGI,,,,219,28451.612903,167.3624
C,carat_bucket+Shape+Color+Clarity+TypeName+Report,0.30-0.49,ROUND,E,VS1,CVD,IGI,,,,1,24996.774194,147.0398
C,carat_bucket+Shape+Color+Clarity+TypeName+Report,0.30-0.49,ROUND,E,VS1,HPHT,IGI,,,,15,22791.176471,134.0657
C,carat_bucket+Shape+Color+Clarity+TypeName+Report,0.30-0.49,ROUND,E,VS2,CVD,IGI,,,,2,23329.782446,137.234
C,carat_bucket+Shape+Color+Clarity+TypeName+Report,0.30-0.49,ROUND,E,VS2,HPHT,IGI,,,,1,22792.857143,134.0756
C,carat_bucket+Shape+Color+Clarity+TypeName+Report,0.30-0.49,ROUND,E,VVS2,CVD,IGI,,,,3,27793.548387,163.4915
C,carat_bucket+Shape+Color+Clarity+TypeName+Report,0.30-0.49,ROUND,E,VVS2,HPHT,IGI,,,,15,23348.780488,137.3458
C,carat_bucket+Shape+Color+Clarity+TypeName+Report,0.30-0.49,ROUND,F,VS1,HPHT,IGI,,,,4,22918.181818,134.8128
C,carat_bucket+Shape+Color+Clarity+TypeName+Report,0.30-0.49,ROUND,F,VS2,HPHT,IGI,,,,1,20368.085106,119.8123
C,carat_bucket+Shape+Color+Clarity+TypeName+Report,0.30-0.49,ROUND,F,VVS2,CVD,IGI,,,,1,25078.125,147.5184
C,carat_bucket+Shape+Color+Clarity+TypeName+Report,0.30-0.49,ROUND,F,VVS2,HPHT,IGI,,,,1,25887.096774,152.277
C,carat_bucket+Shape+Color+Clarity+TypeName+Report,0.50-0.69,CUSHION,D,VVS2,HPHT,IGI,,,,1,44464.285714,261.5546
C,carat_bucket+Shape+Color+Clarity+TypeName+Report,0.50-0.69,EMERALD,D,VS1,CVD,IGI,,,,5,36253.846154,213.2579
C,carat_bucket+Shape+Color+Clarity+TypeName+Report,0.50-0.69,EMERALD,D,VVS2,CVD,IGI,,,,29,36111.111111,212.4183
C,carat_bucket+Shape+Color+Clarity+TypeName+Report,0.50-0.69,EMERALD,D,VVS2,HPHT,IGI,,,,4,37901.886792,222.9523
C,carat_bucket+Shape+Color+Clarity+TypeName+Report,0.50-0.69,HEART,D,VS1,HPHT,IGI,,,,9,52488.679245,308.7569
C,carat_bucket+Shape+Color+Clarity+TypeName+Report,0.50-0.69,HEART,D,VVS1,CVD,IGI,,,,1,47817.1875,281.2776
C,carat_bucket+Shape+Color+Clarity+TypeName+Report,0.50-0.69,HEART,D,VVS1,HPHT,IGI,,,,2,58828.193033,346.0482
C,carat_bucket+Shape+Color+Clarity+TypeName+Report,0.50-0.69,HEART,D,VVS2,HPHT,IGI,,,,12,51354.030875,302.0825
C,carat_bucket+Shape+Color+Clarity+TypeName+Report,0.50-0.69,HEART,E,VS1,HPHT,IGI,,,,1,46627.118644,274.2772
C,carat_bucket+Shape+Color+Clarity+TypeName+Report,0.50-0.69,HEART,E,VVS2,HPHT,IGI,,,,1,55638.0,327.2824
C,carat_bucket+Shape+Color+Clarity+TypeName+Report,0.50-0.69,MARQUISE,D,VS1,HPHT,IGI,,,,4,42059.748428,247.4103
C,carat_bucket+Shape+Color+Clarity+TypeName+Report,0.50-0.69,MARQUISE,D,VVS1,CVD,IGI,,,,1,58548.0,344.4
C,carat_bucket+Shape+Color+Clarity+TypeName+Report,0.50-0.69,MARQUISE,D,VVS1,HPHT,IGI,,,,4,58548.0,344.4
C,carat_bucket+Shape+Color+Clarity+TypeName+Report,0.50-0.69,MARQUISE,D,VVS2,CVD,IGI,,,,12,53277.777778,313.3987
C,carat_bucket+Shape+Color+Clarity+TypeName+Report,0.50-0.69,MARQUISE,D,VVS2,HPHT,IGI,,,,6,41850.637523,246.1802
C,carat_bucket+Shape+Color+Clarity+TypeName+Report,0.50-0.69,MARQUISE,E,VS1,CVD,IGI,,,,1,41783.333333,245.7843
C,carat_bucket+Shape+Color+Clarity+TypeName+Report,0.50-0.69,MARQUISE,E,VVS2,CVD,IGI,,,,2,43984.615385,258.733
C,carat_bucket+Shape+Color+Clarity+TypeName+Report,0.50-0.69,MARQUISE,E,VVS2,HPHT,IGI,,,,1,32739.130435,192.5831
C,carat_bucket+Shape+Color+Clarity+TypeName+Report,0.50-0.69,OVAL,D,VS1,CVD,IGI,,,,2,40066.312997,235.6842
C,carat_bucket+Shape+Color+Clarity+TypeName+Report,0.50-0.69,OVAL,D,VS1,HPHT,IGI,,,,5,41803.278689,245.9016
C,carat_bucket+Shape+Color+Clarity+TypeName+Report,0.50-0.69,OVAL,D,VVS1,CVD,IGI,,,,1,58358.490566,343.2852
C,carat_bucket+Shape+Color+Clarity+TypeName+Report,0.50-0.69,OVAL,D,VVS1,HPHT,IGI,,,,4,55584.0,326.9647
C,carat_bucket+Shape+Color+Clarity+TypeName+Report,0.50-0.69,OVAL,D,VVS2,HPHT,IGI,,,,24,42404.716981,249.4395
C,carat_bucket+Shape+Color+Clarity+TypeName+Report,0.50-0.69,OVAL,E,VS1,HPHT,IGI,,,,3,43635.294118,256.6782
C,carat_bucket+Shape+Color+Clarity+TypeName+Report,0.50-0.69,OVAL,E,VVS2,CVD,IGI,,,,1,39272.727273,231.016
C,carat_bucket+Shape+Color+Clarity+TypeName+Report,0.50-0.69,OVAL,E,VVS2,HPHT,IGI,,,,3,44508.0,261.8118
C,carat_bucket+Shape+Color+Clarity+TypeName+Report,0.50-0.69,PEAR,D,VS1,CVD,IGI,,,,6,42456.626841,249.7449
C,carat_bucket+Shape+Color+Clarity+TypeName+Report,0.50-0.69,PEAR,D,VS1,HPHT,IGI,,,,5,47307.692308,278.2805
C,carat_bucket+Shape+Color+Clarity+TypeName+Report,0.50-0.69,PEAR,D,VVS1,HPHT,IGI,,,,5,58676.470588,345.1557
C,carat_bucket+Shape+Color+Clarity+TypeName+Report,0.50-0.69,PEAR,D,VVS2,CVD,IGI,,,,15,47034.545455,276.6738
C,carat_bucket+Shape+Color+Clarity+TypeName+Report,0.50-0.69,PEAR,D,VVS2,HPHT,IGI,,,,3,48809.433962,287.1143
C,carat_bucket+Shape+Color+Clarity+TypeName+Report,0.50-0.69,PEAR,E,VS1,CVD,IGI,,,,7,46153.846154,271.4932
C,carat_bucket+Shape+Color+Clarity+TypeName+Report,0.50-0.69,PEAR,E,VS1,HPHT,IGI,,,,2,46323.581933,272.4917
C,carat_bucket+Shape+Color+Clarity+TypeName+Report,0.50-0.69,PEAR,E,VVS1,CVD,IGI,,,,1,44190.47619,259.944
C,carat_bucket+Shape+Color+Clarity+TypeName+Report,0.50-0.69,PEAR,E,VVS2,CVD,IGI,,,,7,49700.0,292.3529
C,carat_bucket+Shape+Color+Clarity+TypeName+Report,0.50-0.69,PEAR,E,VVS2,HPHT,IGI,,,,1,48235.294118,283.737
C,carat_bucket+Shape+Color+Clarity+TypeName+Report,0.50-0.69,PRINCESS,D,VS1,HPHT,IGI,,,,4,43390.384615,255.2376
C,carat_bucket+Shape+Color+Clarity+TypeName+Report,0.50-0.69,PRINCESS,D,VVS1,HPHT,IGI,,,,5,53498.076923,314.6946
C,carat_bucket+Shape+Color+Clarity+TypeName+Report,0.50-0.69,PRINCESS,D,VVS2,CVD,IGI,,,,9,38908.928571,228.8761
C,carat_bucket+Shape+Color+Clarity+TypeName+Report,0.50-0.69,PRINCESS,D,VVS2,HPHT,IGI,,,,1,41111.320755,241.8313
C,carat_bucket+Shape+Color+Clarity+TypeName+Report,0.50-0.69,PRINCESS,E,VS1,HPHT,IGI,,,,3,42571.698113,250.4218
C,carat_bucket+Shape+Color+Clarity+TypeName+Report,0.50-0.69,PRINCESS,E,VVS2,CVD,IGI,,,,3,39900.0,234.7059
C,carat_bucket+Shape+Color+Clarity+TypeName+Report,0.50-0.69,PRINCESS,E,VVS2,HPHT,IGI,,,,1,41405.660377,243.5627
C,carat_bucket+Shape+Color+Clarity+TypeName+Report,0.50-0.69,RADIANT,D,VS1,CVD,IGI,,,,3,39656.603774,233.2741
C,carat_bucket+Shape+Color+Clarity+TypeName+Report,0.50-0.69,RADIANT,D,VS1,HPHT,IGI,,,,8,39230.769231,230.7692
C,carat_bucket+Shape+Color+Clarity+TypeName+Report,0.50-0.69,RADIANT,D,VVS2,HPHT,IGI,,,,24,40673.076923,239.2534
C,carat_bucket+Shape+Color+Clarity+TypeName+Report,0.50-0.69,ROUND,D,IF,HPHT,IGI,,,,9,33929.411765,199.5848
C,carat_bucket+Shape+Color+Clarity+TypeName+Report,0.50-0.69,ROUND,D,VS1,CVD,IGI,,,,60,24230.769231,142.5339
C,carat_bucket+Shape+Color+Clarity+TypeName+Report,0.50-0.69,ROUND,D,VS1,HPHT,IGI,,,,1251,19823.529412,116.609
C,carat_bucket+Shape+Color+Clarity+TypeName+Report,0.50-0.69,ROUND,D,VS2,HPHT,IGI,,,,15,20076.0,118.0941
C,carat_bucket+Shape+Color+Clarity+TypeName+Report,0.50-0.69,ROUND,D,VVS1,CVD,IGI,,,,1,23564.705882,138.6159
C,carat_bucket+Shape+Color+Clarity+TypeName+Report,0.50-0.69,ROUND,D,VVS1,HPHT,IGI,,,,60,28393.79085,167.0223
C,carat_bucket+Shape+Color+Clarity+TypeName+Report,0.50-0.69,ROUND,D,VVS2,CVD,IGI,,,,105,25555.555556,150.3268
C,carat_bucket+Shape+Color+Clarity+TypeName+Report,0.50-0.69,ROUND,D,VVS2,HPHT,IGI,,,,1435,20470.588235,120.4152
C,carat_bucket+Shape+Color+Clarity+TypeName+Report,0.50-0.69,ROUND,E,VS1,CVD,IGI,,,,4,19770.0,116.2941
C,carat_bucket+Shape+Color+Clarity+TypeName+Report,0.50-0.69,ROUND,E,VS1,HPHT,IGI,,,,26,20523.529412,120.7266
C,carat_bucket+Shape+Color+Clarity+TypeName+Report,0.50-0.69,ROUND,E,VS2,HPHT,IGI,,,,9,20694.0,121.7294
C,carat_bucket+Shape+Color+Clarity+TypeName+Report,0.50-0.69,ROUND,E,VVS1,HPHT,IGI,,,,28,23864.705882,140.3806
C,carat_bucket+Shape+Color+Clarity+TypeName+Report,0.50-0.69,ROUND,E,VVS2,HPHT,IGI,,,,47,23294.117647,137.0242
C,carat_bucket+Shape+Color+Clarity+TypeName+Report,0.50-0.69,ROUND,F,VS1,HPHT,IGI,,,,1,21618.0,127.1647
C,carat_bucket+Shape+Color+Clarity+TypeName+Report,0.50-0.69,ROUND,F,VS2,HPHT,IGI,,,,3,20694.0,121.7294
C,carat_bucket+Shape+Color+Clarity+TypeName+Report,0.50-0.69,ROUND,F,VVS2,HPHT,IGI,,,,3,24181.818182,142.246
C,carat_bucket+Shape+Color+Clarity+TypeName+Report,0.70-0.89,CUSHION,D,VVS2,HPHT,IGI,,,,5,33896.103896,199.3888
C,carat_bucket+Shape+Color+Clarity+TypeName+Report,0.70-0.89,EMERALD,D,VS1,CVD,IGI,,,,1,25657.894737,150.9288
C,carat_bucket+Shape+Color+Clarity+TypeName+Report,0.70-0.89,EMERALD,D,VS1,HPHT,IGI,,,,3,26088.311688,153.4607
C,carat_bucket+Shape+Color+Clarity+TypeName+Report,0.70-0.89,EMERALD,D,VVS1,CVD,IGI,,,,1,47915.492958,281.8558
C,carat_bucket+Shape+Color+Clarity+TypeName+Report,0.70-0.89,EMERALD,D,VVS2,HPHT,IGI,,,,3,30050.0,176.7647
C,carat_bucket+Shape+Color+Clarity+TypeName+Report,0.70-0.89,EMERALD,E,VVS2,CVD,IGI,,,,1,38662.5,227.4265
C,carat_bucket+Shape+Color+Clarity+TypeName+Report,0.70-0.89,HEART,D,VS1,CVD,IGI,,,,1,38662.5,227.4265
C,carat_bucket+Shape+Color+Clarity+TypeName+Report,0.70-0.89,HEART,D,VS1,HPHT,IGI,,,,3,41216.666667,242.451
C,carat_bucket+Shape+Color+Clarity+TypeName+Report,0.70-0.89,HEART,D,VVS2,HPHT,IGI,,,,3,42101.408451,247.6553
C,carat_bucket+Shape+Color+Clarity+TypeName+Report,0.70-0.89,MARQUISE,D,VS1,CVD,IGI,,,,12,32054.794521,188.5576
C,carat_bucket+Shape+Color+Clarity+TypeName+Report,0.70-0.89,MARQUISE,D,VVS1,HPHT,IGI,,,,3,38385.542169,225.7973
C,carat_bucket+Shape+Color+Clarity+TypeName+Report,0.70-0.89,MARQUISE,D,VVS2,CVD,IGI,,,,1,32571.428571,191.5966
C,carat_bucket+Shape+Color+Clarity+TypeName+Report,0.70-0.89,MARQUISE,E,VS1,CVD,IGI,,,,8,29638.356164,174.3433
C,carat_bucket+Shape+Color+Clarity+TypeName+Report,0.70-0.89,MARQUISE,E,VVS1,HPHT,IGI,,,,1,40054.054054,235.6121
C,carat_bucket+Shape+Color+Clarity+TypeName+Report,0.70-0.89,MARQUISE,E,VVS2,CVD,IGI,,,,5,32142.857143,189.0756
C,carat_bucket+Shape+Color+Clarity+TypeName+Report,0.70-0.89,MARQUISE,E,VVS2,HPHT,IGI,,,,1,30405.405405,178.8553
C,carat_bucket+Shape+Color+Clarity+TypeName+Report,0.70-0.89,MARQUISE,F,VVS1,HPHT,IGI,,,,1,39771.428571,233.9496
C,carat_bucket+Shape+Color+Clarity+TypeName+Report,0.70-0.89,OVAL,D,VS1,CVD,IGI,,,,3,38815.714286,228.3277
C,carat_bucket+Shape+Color+Clarity+TypeName+Report,0.70-0.89,OVAL,D,VS1,HPHT,IGI,,,,7,37737.5,221.9853
C,carat_bucket+Shape+Color+Clarity+TypeName+Report,0.70-0.89,OVAL,D,VVS1,HPHT,IGI,,,,8,43495.774648,255.8575
C,carat_bucket+Shape+Color+Clarity+TypeName+Report,0.70-0.89,OVAL,D,VVS2,HPHT,IGI,,,,20,39423.259557,231.9015
C,carat_bucket+Shape+Color+Clarity+TypeName+Report,0.70-0.89,OVAL,E,VS1,HPHT,IGI,,,,6,35950.684932,211.4746
C,carat_bucket+Shape+Color+Clarity+TypeName+Report,0.70-0.89,OVAL,E,VVS2,HPHT,IGI,,,,3,38858.571429,228.5798
C,carat_bucket+Shape+Color+Clarity+TypeName+Report,0.70-0.89,PEAR,D,VS1,CVD,IGI,,,,7,40838.028169,240.2237
C,carat_bucket+Shape+Color+Clarity+TypeName+Report,0.70-0.89,PEAR,D,VS1,HPHT,IGI,,,,1,41421.428571,243.6555
C,carat_bucket+Shape+Color+Clarity+TypeName+Report,0.70-0.89,PEAR,D,VVS1,CVD,IGI,,,,1,35385.542169,208.1502
C,carat_bucket+Shape+Color+Clarity+TypeName+Report,0.70-0.89,PEAR,D,VVS2,CVD,IGI,,,,12,40270.833333,236.8873
C,carat_bucket+Shape+Color+Clarity+TypeName+Report,0.70-0.89,PEAR,D,VVS2,HPHT,IGI,,,,1,41421.428571,243.6555
C,carat_bucket+Shape+Color+Clarity+TypeName+Report,0.70-0.89,PEAR,E,VS1,CVD,IGI,,,,1,31346.153846,184.3891
C,carat_bucket+Shape+Color+Clarity+TypeName+Report,0.70-0.89,PEAR,E,VVS2,CVD,IGI,,,,8,37054.445554,217.9673
C,carat_bucket+Shape+Color+Clarity+TypeName+Report,0.70-0.89,PRINCESS,D,VS1,CVD,IGI,,,,1,31280.898876,184.0053
C,carat_bucket+Shape+Color+Clarity+TypeName+Report,0.70-0.89,PRINCESS,D,VS1,HPHT,IGI,,,,1,28134.615385,165.4977
C,carat_bucket+Shape+Color+Clarity+TypeName+Report,0.70-0.89,PRINCESS,D,VVS2,HPHT,IGI,,,,2,31791.428571,187.0084
C,carat_bucket+Shape+Color+Clarity+TypeName+Report,0.70-0.89,PRINCESS,E,VS1,HPHT,IGI,,,,2,31129.225352,183.1131
C,carat_bucket+Shape+Color+Clarity+TypeName+Report,0.70-0.89,PRINCESS,E,VVS2,HPHT,IGI,,,,2,30693.808685,180.5518
C,carat_bucket+Shape+Color+Clarity+TypeName+Report,0.70-0.89,ROUND,D,VS1,HPHT,IGI,,,,130,21410.958904,125.9468
C,carat_bucket+Shape+Color+Clarity+TypeName+Report,0.70-0.89,ROUND,D,VS2,HPHT,IGI,,,,4,19508.571429,114.7563
C,carat_bucket+Shape+Color+Clarity+TypeName+Report,0.70-0.89,ROUND,D,VVS1,HPHT,IGI,,,,47,25309.859155,148.8815
C,carat_bucket+Shape+Color+Clarity+TypeName+Report,0.70-0.89,ROUND,D,VVS2,HPHT,IGI,,,,231,22684.931507,133.4408
C,carat_bucket+Shape+Color+Clarity+TypeName+Report,0.70-0.89,ROUND,E,VS1,CVD,IGI,,,,2,22321.396469,131.3023
C,carat_bucket+Shape+Color+Clarity+TypeName+Report,0.70-0.89,ROUND,E,VS1,HPHT,IGI,,,,7,20067.567568,118.0445
C,carat_bucket+Shape+Color+Clarity+TypeName+Report,0.70-0.89,ROUND,E,VS2,HPHT,IGI,,,,6,19328.631791,113.6978
C,carat_bucket+Shape+Color+Clarity+TypeName+Report,0.70-0.89,ROUND,E,VVS1,HPHT,IGI,,,,6,23004.166667,135.3186
C,carat_bucket+Shape+Color+Clarity+TypeName+Report,0.70-0.89,ROUND,E,VVS2,HPHT,IGI,,,,12,21823.087172,128.3711
C,carat_bucket+Shape+Color+Clarity+TypeName+Report,0.90-0.99,PEAR,E,VVS2,CVD,IGI,,,,1,32557.894737,191.517
C,carat_bucket+Shape+Color+Clarity+TypeName+Report,0.90-0.99,PRINCESS,F,VVS2,CVD,IGI,,,,1,25255.102041,148.5594
C,carat_bucket+Shape+Color+Clarity+TypeName+Report,0.90-0.99,RADIANT,D,VS1,CVD,IGI,,,,2,24745.967742,145.5645
C,carat_bucket+Shape+Color+Clarity+TypeName+Report,0.90-0.99,ROUND,D,VVS2,CVD,IGI,,,,1,25606.060606,150.6239
C,carat_bucket+Shape+Color+Clarity+TypeName+Report,1.00-1.49,ASSCHER,D,VS1,HPHT,IGI,,,,10,19871.287129,116.8899
C,carat_bucket+Shape+Color+Clarity+TypeName+Report,1.00-1.49,ASSCHER,D,VS2,HPHT,IGI,,,,3,19455.445545,114.4438
C,carat_bucket+Shape+Color+Clarity+TypeName+Report,1.00-1.49,ASSCHER,D,VVS1,CVD,IGI,,,,2,35224.752475,207.2044
C,carat_bucket+Shape+Color+Clarity+TypeName+Report,1.00-1.49,ASSCHER,D,VVS1,HPHT,IGI,,,,1,34350.0,202.0588
C,carat_bucket+Shape+Color+Clarity+TypeName+Report,1.00-1.49,ASSCHER,D,VVS2,CVD,IGI,,,,1,18027.522936,106.0443
C,carat_bucket+Shape+Color+Clarity+TypeName+Report,1.00-1.49,ASSCHER,D,VVS2,HPHT,IGI,,,,13,21176.470588,124.5675
C,carat_bucket+Shape+Color+Clarity+TypeName+Report,1.00-1.49,ASSCHER,E,VS1,HPHT,IGI,,,,5,19411.764706,114.1869
C,carat_bucket+Shape+Color+Clarity+TypeName+Report,1.00-1.49,ASSCHER,E,VS2,HPHT,IGI,,,,1,18683.168317,109.901
C,carat_bucket+Shape+Color+Clarity+TypeName+Report,1.00-1.49,ASSCHER,E,VVS2,HPHT,IGI,,,,2,20382.344777,119.8961
C,carat_bucket+Shape+Color+Clarity+TypeName+Report,1.00-1.49,CUSHION,D,IF,HPHT,IGI,,,,1,30276.595745,178.0976
C,carat_bucket+Shape+Color+Clarity+TypeName+Report,1.00-1.49,CUSHION,D,VS1,CVD,IGI,,,,11,20405.825243,120.0343
C,carat_bucket+Shape+Color+Clarity+TypeName+Report,1.00-1.49,CUSHION,D,VS1,HPHT,IGI,,,,7,18932.038835,111.3649
C,carat_bucket+Shape+Color+Clarity+TypeName+Report,1.00-1.49,CUSHION,D,VS2,CVD,IGI,,,,3,20095.890411,118.2111
C,carat_bucket+Shape+Color+Clarity+TypeName+Report,1.00-1.49,CUSHION,D,VS2,HPHT,IGI,,,,3,19650.0,115.5882
C,carat_bucket+Shape+Color+Clarity+TypeName+Report,1.00-1.49,CUSHION,D,VVS1,CVD,IGI,,,,4,34827.271478,204.8663
C,carat_bucket+Shape+Color+Clarity+TypeName+Report,1.00-1.49,CUSHION,D,VVS1,HPHT,IGI,,,,3,34009.345794,200.055
C,carat_bucket+Shape+Color+Clarity+TypeName+Report,1.00-1.49,CUSHION,D,VVS2,CVD,IGI,,,,7,20186.915888,118.7466
C,carat_bucket+Shape+Color+Clarity+TypeName+Report,1.00-1.49,CUSHION,D,VVS2,HPHT,IGI,,,,11,21407.76699,125.928
C,carat_bucket+Shape+Color+Clarity+TypeName+Report,1.00-1.49,CUSHION,E,VS1,CVD,IGI,,,,29,19320.0,113.6471
C,carat_bucket+Shape+Color+Clarity+TypeName+Report,1.00-1.49,CUSHION,E,VS1,HPHT,IGI,,,,6,19154.417365,112.673
C,carat_bucket+Shape+Color+Clarity+TypeName+Report,1.00-1.49,CUSHION,E,VS2,CVD,IGI,,,,4,19833.326733,116.6666
C,carat_bucket+Shape+Color+Clarity+TypeName+Report,1.00-1.49,CUSHION,E,VS2,HPHT,IGI,,,,1,18794.117647,110.5536
C,carat_bucket+Shape+Color+Clarity+TypeName+Report,1.00-1.49,CUSHION,E,VVS1,HPHT,IGI,,,,1,31841.584158,187.3034
C,carat_bucket+Shape+Color+Clarity+TypeName+Report,1.00-1.49,CUSHION,E,VVS2,CVD,IGI,,,,24,19900.990099,117.0646
C,carat_bucket+Shape+Color+Clarity+TypeName+Report,1.00-1.49,CUSHION,E,VVS2,HPHT,IGI,,,,3,19057.142857,112.1008
C,carat_bucket+Shape+Color+Clarity+TypeName+Report,1.00-1.49,CUSHION,F,VS1,CVD,IGI,,,,1,20100.0,118.2353
C,carat_bucket+Shape+Color+Clarity+TypeName+Report,1.00-1.49,CUSHION,F,VVS2,CVD,IGI,,,,1,20106.870229,118.2757
C,carat_bucket+Shape+Color+Clarity+TypeName+Report,1.00-1.49,CUSHION,F,VVS2,HPHT,IGI,,,,1,19470.0,114.5294
C,carat_bucket+Shape+Color+Clarity+TypeName+Report,1.00-1.49,CUSHION,G,VS2,CVD,IGI,,,,1,20120.300752,118.3547
C,carat_bucket+Shape+Color+Clarity+TypeName+Report,1.00-1.49,EMERALD,D,VS1,CVD,IGI,,,,23,19612.871287,115.3698
C,carat_bucket+Shape+Color+Clarity+TypeName+Report,1.00-1.49,EMERALD,D,VS1,HPHT,IGI,,,,14,19721.331683,116.0078
C,carat_bucket+Shape+Color+Clarity+TypeName+Report,1.00-1.49,EMERALD,D,VS2,CVD,IGI,,,,1,19131.0,112.5353
C,carat_bucket+Shape+Color+Clarity+TypeName+Report,1.00-1.49,EMERALD,D,VS2,HPHT,IGI,,,,7,18920.792079,111.2988
C,carat_bucket+Shape+Color+Clarity+TypeName+Report,1.00-1.49,EMERALD,D,VVS1,CVD,IGI,,,,6,29352.475248,172.6616
C,carat_bucket+Shape+Color+Clarity+TypeName+Report,1.00-1.49,EMERALD,D,VVS1,HPHT,IGI,,,,15,28805.825243,169.446
C,carat_bucket+Shape+Color+Clarity+TypeName+Report,1.00-1.49,EMERALD,D,VVS2,CVD,IGI,,,,23,19420.588235,114.2388
C,carat_bucket+Shape+Color+Clarity+TypeName+Report,1.00-1.49,EMERALD,D,VVS2,HPHT,IGI,,,,29,19314.285714,113.6134
C,carat_bucket+Shape+Color+Clarity+TypeName+Report,1.00-1.49,EMERALD,E,VS1,CVD,IGI,,,,26,18908.910891,111.2289
C,carat_bucket+Shape+Color+Clarity+TypeName+Report,1.00-1.49,EMERALD,E,VS1,HPHT,IGI,,,,10,18920.792079,111.2988
C,carat_bucket+Shape+Color+Clarity+TypeName+Report,1.00-1.49,EMERALD,E,VS2,HPHT,IGI,,,,7,18772.277228,110.4252
C,carat_bucket+Shape+Color+Clarity+TypeName+Report,1.00-1.49,EMERALD,E,VVS1,CVD,IGI,,,,3,28055.555556,165.0327
C,carat_bucket+Shape+Color+Clarity+TypeName+Report,1.00-1.49,EMERALD,E,VVS2,CVD,IGI,,,,17,18905.882353,111.2111
C,carat_bucket+Shape+Color+Clarity+TypeName+Report,1.00-1.49,EMERALD,E,VVS2,HPHT,IGI,,,,1,18980.19802,111.6482
C,carat_bucket+Shape+Color+Clarity+TypeName+Report,1.00-1.49,EMERALD,F,VS1,HPHT,IGI,,,,2,18299.563107,107.6445
C,carat_bucket+Shape+Color+Clarity+TypeName+Report,1.00-1.49,EMERALD,F,VS2,HPHT,IGI,,,,1,18240.0,107.2941
C,carat_bucket+Shape+Color+Clarity+TypeName+Report,1.00-1.49,HEART,D,VS1,CVD,IGI,,,,49,26000.0,152.9412
C,carat_bucket+Shape+Color+Clarity+TypeName+Report,1.00-1.49,HEART,D,VS1,HPHT,IGI,,,,12,26084.158416,153.4362
C,carat_bucket+Shape+Color+Clarity+TypeName+Report,1.00-1.49,HEART,D,VS2,CVD,IGI,,,,11,26583.0,156.3706
C,carat_bucket+Shape+Color+Clarity+TypeName+Report,1.00-1.49,HEART,D,VS2,HPHT,IGI,,,,1,26009.708738,152.9983
C,carat_bucket+Shape+Color+Clarity+TypeName+Report,1.00-1.49,HEART,D,VVS1,CVD,IGI,,,,9,34269.230769,201.5837
C,carat_bucket+Shape+Color+Clarity+TypeName+Report,1.00-1.49,HEART,D,VVS1,HPHT,IGI,,,,11,36235.294118,213.1488
C,carat_bucket+Shape+Color+Clarity+TypeName+Report,1.00-1.49,HEART,D,VVS2,CVD,IGI,,,,52,27207.920792,160.0466
C,carat_bucket+Shape+Color+Clarity+TypeName+Report,1.00-1.49,HEART,D,VVS2,HPHT,IGI,,,,30,44171.428571,259.8319
C,carat_bucket+Shape+Color+Clarity+TypeName+Report,1.00-1.49,HEART,E,VS1,CVD,IGI,,,,34,25528.846154,150.1697
C,carat_bucket+Shape+Color+Clarity+TypeName+Report,1.00-1.49,HEART,E,VS1,HPHT,IGI,,,,2,26505.0,155.9118
C,carat_bucket+Shape+Color+Clarity+TypeName+Report,1.00-1.49,HEART,E,VS2,CVD,IGI,,,,4,25198.043975,148.2238
C,carat_bucket+Shape+Color+Clarity+TypeName+Report,1.00-1.49,HEART,E,VVS1,CVD,IGI,,,,1,31363.636364,184.492
C,carat_bucket+Shape+Color+Clarity+TypeName+Report,1.00-1.49,HEART,E,VVS2,CVD,IGI,,,,26,26397.117065,155.2772
C,carat_bucket+Shape+Color+Clarity+TypeName+Report,1.00-1.49,HEART,E,VVS2,HPHT,IGI,,,,5,26910.0,158.2941
C,carat_bucket+Shape+Color+Clarity+TypeName+Report,1.00-1.49,HEART,F,VS1,CVD,IGI,,,,1,24705.882353,145.3287
C,carat_bucket+Shape+Color+Clarity+TypeName+Report,1.00-1.49,HEART,F,VS1,HPHT,IGI,,,,1,25470.588235,149.827
C,carat_bucket+Shape+Color+Clarity+TypeName+Report,1.00-1.49,HEART,F,VS2,CVD,IGI,,,,1,24653.465347,145.0204
C,carat_bucket+Shape+Color+Clarity+TypeName+Report,1.00-1.49,HEART,F,VVS2,CVD,IGI,,,,6,24638.256161,144.9309
C,carat_bucket+Shape+Color+Clarity+TypeName+Report,1.00-1.49,HEART,F,VVS2,HPHT,IGI,,,,1,26910.0,158.2941
C,carat_bucket+Shape+Color+Clarity+TypeName+Report,1.00-1.49,MARQUISE,D,VS1,CVD,IGI,,,,30,23544.117647,138.4948
C,carat_bucket+Shape+Color+Clarity+TypeName+Report,1.00-1.49,MARQUISE,D,VS2,CVD,IGI,,,,8,23274.0,136.9059
C,carat_bucket+Shape+Color+Clarity+TypeName+Report,1.00-1.49,MARQUISE,D,VS2,HPHT,IGI,,,,3,23190.0,136.4118
C,carat_bucket+Shape+Color+Clarity+TypeName+Report,1.00-1.49,MARQUISE,D,VVS1,CVD,IGI,,,,16,31424.271845,184.8487
C,carat_bucket+Shape+Color+Clarity+TypeName+Report,1.00-1.49,MARQUISE,D,VVS1,HPHT,IGI,,,,19,31368.932039,184.5231
C,carat_bucket+Shape+Color+Clarity+TypeName+Report,1.00-1.49,MARQUISE,D,VVS2,CVD,IGI,,,,23,24157.281553,142.1017
C,carat_bucket+Shape+Color+Clarity+TypeName+Report,1.00-1.49,MARQUISE,D,VVS2,HPHT,IGI,,,,4,23114.285714,135.9664
C,carat_bucket+Shape+Color+Clarity+TypeName+Report,1.00-1.49,MARQUISE,E,VS1,CVD,IGI,,,,65,21090.0,124.0588
C,carat_bucket+Shape+Color+Clarity+TypeName+Report,1.00-1.49,MARQUISE,E,VS1,HPHT,IGI,,,,2,20521.468012,120.7145
C,carat_bucket+Shape+Color+Clarity+TypeName+Report,1.00-1.49,MARQUISE,E,VS2,CVD,IGI,,,,4,20143.301887,118.49
C,carat_bucket+Shape+Color+Clarity+TypeName+Report,1.00-1.49,MARQUISE,E,VVS1,CVD,IGI,,,,1,28823.529412,169.5502
C,carat_bucket+Shape+Color+Clarity+TypeName+Report,1.00-1.49,MARQUISE,E,VVS1,HPHT,IGI,,,,1,32400.0,190.5882
C,carat_bucket+Shape+Color+Clarity+TypeName+Report,1.00-1.49,MARQUISE,E,VVS2,CVD,IGI,,,,155,22096.039604,129.9767
C,carat_bucket+Shape+Color+Clarity+TypeName+Report,1.00-1.49,MARQUISE,F,VS1,CVD,IGI,,,,2,19559.500693,115.0559
C,carat_bucket+Shape+Color+Clarity+TypeName+Report,1.00-1.49,MARQUISE,F,VS2,HPHT,IGI,,,,1,19008.196721,111.8129
C,carat_bucket+Shape+Color+Clarity+TypeName+Report,1.00-1.49,MARQUISE,F,VVS2,CVD,IGI,,,,7,21349.514563,125.5854
C,carat_bucket+Shape+Color+Clarity+TypeName+Report,1.00-1.49,OVAL,D,IF,HPHT,IGI,,,,4,38827.261367,228.3957
C,carat_bucket+Shape+Color+Clarity+TypeName+Report,1.00-1.49,OVAL,D,VS1,CVD,IGI,,,,119,19194.174757,112.9069
C,carat_bucket+Shape+Color+Clarity+TypeName+Report,1.00-1.49,OVAL,D,VS1,HPHT,IGI,,,,68,33128.706199,194.8747
C,carat_bucket+Shape+Color+Clarity+TypeName+Report,1.00-1.49,OVAL,D,VS2,CVD,IGI,,,,3,19022.330097,111.8961
C,carat_bucket+Shape+Color+Clarity+TypeName+Report,1.00-1.49,OVAL,D,VS2,HPHT,IGI,,,,17,18865.384615,110.9729
C,carat_bucket+Shape+Color+Clarity+TypeName+Report,1.00-1.49,OVAL,D,VVS1,CVD,IGI,,,,8,22431.683168,131.9511
C,carat_bucket+Shape+Color+Clarity+TypeName+Report,1.00-1.49,OVAL,D,VVS1,HPHT,IGI,,,,44,22514.851485,132.4403
C,carat_bucket+Shape+Color+Clarity+TypeName+Report,1.00-1.49,OVAL,D,VVS2,CVD,IGI,,,,127,20257.425743,119.1613
C,carat_bucket+Shape+Color+Clarity+TypeName+Report,1.00-1.49,OVAL,D,VVS2,HPHT,IGI,,,,115,20460.0,120.3529
C,carat_bucket+Shape+Color+Clarity+TypeName+Report,1.00-1.49,OVAL,E,VS1,CVD,IGI,,,,84,21059.405941,123.8789
C,carat_bucket+Shape+Color+Clarity+TypeName+Report,1.00-1.49,OVAL,E,VS2,CVD,IGI,,,,3,19437.0,114.3353
C,carat_bucket+Shape+Color+Clarity+TypeName+Report,1.00-1.49,OVAL,E,VS2,HPHT,IGI,,,,3,19029.411765,111.9377
C,carat_bucket+Shape+Color+Clarity+TypeName+Report,1.00-1.49,OVAL,E,VVS1,CVD,IGI,,,,12,22351.281305,131.4781
C,carat_bucket+Shape+Color+Clarity+TypeName+Report,1.00-1.49,OVAL,E,VVS1,HPHT,IGI,,,,5,22461.386139,132.1258
C,carat_bucket+Shape+Color+Clarity+TypeName+Report,1.00-1.49,OVAL,E,VVS2,CVD,IGI,,,,32,19544.554455,114.968
C,carat_bucket+Shape+Color+Clarity+TypeName+Report,1.00-1.49,OVAL,E,VVS2,HPHT,IGI,,,,3,18277.777778,107.5163
C,carat_bucket+Shape+Color+Clarity+TypeName+Report,1.00-1.49,OVAL,F,VS1,CVD,IGI,,,,1,19694.117647,115.8478
C,carat_bucket+Shape+Color+Clarity+TypeName+Report,1.00-1.49,OVAL,F,VS1,HPHT,IGI,,,,2,19851.237624,116.772
C,carat_bucket+Shape+Color+Clarity+TypeName+Report,1.00-1.49,OVAL,F,VS2,CVD,IGI,,,,7,19563.0,115.0765
C,carat_bucket+Shape+Color+Clarity+TypeName+Report,1.00-1.49,OVAL,F,VS2,HPHT,IGI,,,,1,17944.954128,105.5586
C,carat_bucket+Shape+Color+Clarity+TypeName+Report,1.00-1.49,OVAL,F,VVS2,CVD,IGI,,,,1,19541.176471,114.9481
C,carat_bucket+Shape+Color+Clarity+TypeName+Report,1.00-1.49,OVAL,F,VVS2,HPHT,IGI,,,,5,19770.0,116.2941
C,carat_bucket+Shape+Color+Clarity+TypeName+Report,1.00-1.49,PEAR,D,IF,CVD,IGI,,,,1,42825.742574,251.9161
C,carat_bucket+Shape+Color+Clarity+TypeName+Report,1.00-1.49,PEAR,D,IF,HPHT,IGI,,,,4,42615.812464,250.6812
C,carat_bucket+Shape+Color+Clarity+TypeName+Report,1.00-1.49,PEAR,D,VS1,CVD,IGI,,,,93,20790.0,122.2941
C,carat_bucket+Shape+Color+Clarity+TypeName+Report,1.00-1.49,PEAR,D,VS1,HPHT,IGI,,,,4,20264.705882,119.2042
C,carat_bucket+Shape+Color+Clarity+TypeName+Report,1.00-1.49,PEAR,D,VS2,CVD,IGI,,,,17,21108.0,124.1647
C,carat_bucket+Shape+Color+Clarity+TypeName+Report,1.00-1.49,PEAR,D,VS2,HPHT,IGI,,,,4,20381.092437,119.8888
C,carat_bucket+Shape+Color+Clarity+TypeName+Report,1.00-1.49,PEAR,D,VVS1,CVD,IGI,,,,26,26676.0,156.9176
C,carat_bucket+Shape+Color+Clarity+TypeName+Report,1.00-1.49,PEAR,D,VVS1,HPHT,IGI,,,,16,26700.0,157.0588
C,carat_bucket+Shape+Color+Clarity+TypeName+Report,1.00-1.49,PEAR,D,VVS2,CVD,IGI,,,,166,20881.188119,122.8305
C,carat_bucket+Shape+Color+Clarity+TypeName+Report,1.00-1.49,PEAR,D,VVS2,HPHT,IGI,,,,22,20638.888889,121.4052
C,carat_bucket+Shape+Color+Clarity+TypeName+Report,1.00-1.49,PEAR,E,VS1,CVD,IGI,,,,118,20370.0,119.8235
C,carat_bucket+Shape+Color+Clarity+TypeName+Report,1.00-1.49,PEAR,E,VS1,HPHT,IGI,,,,10,19163.259958,112.7251
C,carat_bucket+Shape+Color+Clarity+TypeName+Report,1.00-1.49,PEAR,E,VS2,CVD,IGI,,,,10,20503.960396,120.6115
C,carat_bucket+Shape+Color+Clarity+TypeName+Report,1.00-1.49,PEAR,E,VS2,HPHT,IGI,,,,4,20495.049505,120.5591
C,carat_bucket+Shape+Color+Clarity+TypeName+Report,1.00-1.49,PEAR,E,VVS1,CVD,IGI,,,,11,25829.70297,151.9394
C,carat_bucket+Shape+Color+Clarity+TypeName+Report,1.00-1.49,PEAR,E,VVS1,HPHT,IGI,,,,5,25558.823529,150.346
C,carat_bucket+Shape+Color+Clarity+TypeName+Report,1.00-1.49,PEAR,E,VVS2,CVD,IGI,,,,43,19443.396226,114.3729
C,carat_bucket+Shape+Color+Clarity+TypeName+Report,1.00-1.49,PEAR,E,VVS2,HPHT,IGI,,,,10,20335.468841,119.6204
C,carat_bucket+Shape+Color+Clarity+TypeName+Report,1.00-1.49,PEAR,F,VS1,CVD,IGI,,,,19,19805.825243,116.5049
C,carat_bucket+Shape+Color+Clarity+TypeName+Report,1.00-1.49,PEAR,F,VS2,CVD,IGI,,,,4,20105.825243,118.2696
C,carat_bucket+Shape+Color+Clarity+TypeName+Report,1.00-1.49,PEAR,F,VVS1,CVD,IGI,,,,1,31500.0,185.2941
C,carat_bucket+Shape+Color+Clarity+TypeName+Report,1.00-1.49,PEAR,F,VVS2,CVD,IGI,,,,29,20044.660194,117.9098
C,carat_bucket+Shape+Color+Clarity+TypeName+Report,1.00-1.49,PEAR,F,VVS2,HPHT,IGI,,,,4,19601.777939,115.3046
C,carat_bucket+Shape+Color+Clarity+TypeName+Report,1.00-1.49,PRINCESS,D,VS1,CVD,IGI,,,,30,21101.004659,124.1236
C,carat_bucket+Shape+Color+Clarity+TypeName+Report,1.00-1.49,PRINCESS,D,VS1,HPHT,IGI,,,,2,20357.166183,119.748
C,carat_bucket+Shape+Color+Clarity+TypeName+Report,1.00-1.49,PRINCESS,D,VS2,CVD,IGI,,,,2,19988.554455,117.5797
C,carat_bucket+Shape+Color+Clarity+TypeName+Report,1.00-1.49,PRINCESS,D,VS2,HPHT,IGI,,,,3,19676.470588,115.7439
C,carat_bucket+Shape+Color+Clarity+TypeName+Report,1.00-1.49,PRINCESS,D,VVS1,CVD,IGI,,,,35,37800.0,222.3529
C,carat_bucket+Shape+Color+Clarity+TypeName+Report,1.00-1.49,PRINCESS,D,VVS1,HPHT,IGI,,,,3,23244.117647,136.7301
C,carat_bucket+Shape+Color+Clarity+TypeName+Report,1.00-1.49,PRINCESS,D,VVS2,CVD,IGI,,,,95,20311.926606,119.4819
C,carat_bucket+Shape+Color+Clarity+TypeName+Report,1.00-1.49,PRINCESS,D,VVS2,HPHT,IGI,,,,11,21470.588235,126.2976
C,carat_bucket+Shape+Color+Clarity+TypeName+Report,1.00-1.49,PRINCESS,E,VS1,CVD,IGI,,,,71,19782.178218,116.3658
C,carat_bucket+Shape+Color+Clarity+TypeName+Report,1.00-1.49,PRINCESS,E,VS2,CVD,IGI,,,,3,20241.0,119.0647
C,carat_bucket+Shape+Color+Clarity+TypeName+Report,1.00-1.49,PRINCESS,E,VS2,HPHT,IGI,,,,2,19807.692308,116.5158
C,carat_bucket+Shape+Color+Clarity+TypeName+Report,1.00-1.49,PRINCESS,E,VVS1,CVD,IGI,,,,6,38947.783589,229.1046
C,carat_bucket+Shape+Color+Clarity+TypeName+Report,1.00-1.49,PRINCESS,E,VVS2,CVD,IGI,,,,32,19505.660377,114.7392
C,carat_bucket+Shape+Color+Clarity+TypeName+Report,1.00-1.49,PRINCESS,E,VVS2,HPHT,IGI,,,,1,20038.834951,117.8755
C,carat_bucket+Shape+Color+Clarity+TypeName+Report,1.00-1.49,PRINCESS,F,VS1,CVD,IGI,,,,6,18287.373004,107.5728
C,carat_bucket+Shape+Color+Clarity+TypeName+Report,1.00-1.49,PRINCESS,F,VVS1,CVD,IGI,,,,3,31211.009174,183.5942
C,carat_bucket+Shape+Color+Clarity+TypeName+Report,1.00-1.49,PRINCESS,F,VVS1,HPHT,IGI,,,,1,26280.0,154.5882
C,carat_bucket+Shape+Color+Clarity+TypeName+Report,1.00-1.49,PRINCESS,F,VVS2,CVD,IGI,,,,5,19306.930693,113.5702
C,carat_bucket+Shape+Color+Clarity+TypeName+Report,1.00-1.49,RADIANT,D,VS1,CVD,IGI,,,,18,22782.178218,134.0128
C,carat_bucket+Shape+Color+Clarity+TypeName+Report,1.00-1.49,RADIANT,D,VS1,HPHT,IGI,,,,7,21857.142857,128.5714
C,carat_bucket+Shape+Color+Clarity+TypeName+Report,1.00-1.49,RADIANT,D,VS2,CVD,IGI,,,,1,20111.111111,118.3007
C,carat_bucket+Shape+Color+Clarity+TypeName+Report,1.00-1.49,RADIANT,D,VS2,HPHT,IGI,,,,2,21484.245283,126.3779
C,carat_bucket+Shape+Color+Clarity+TypeName+Report,1.00-1.49,RADIANT,D,VVS1,CVD,IGI,,,,1,24873.786408,146.3164
C,carat_bucket+Shape+Color+Clarity+TypeName+Report,1.00-1.49,RADIANT,D,VVS1,HPHT,IGI,,,,9,25680.0,151.0588
C,carat_bucket+Shape+Color+Clarity+TypeName+Report,1.00-1.49,RADIANT,D,VVS2,CVD,IGI,,,,37,24436.893204,143.7464
C,carat_bucket+Shape+Color+Clarity+TypeName+Report,1.00-1.49,RADIANT,D,VVS2,HPHT,IGI,,,,14,23957.142857,140.9244
C,carat_bucket+Shape+Color+Clarity+TypeName+Report,1.00-1.49,RADIANT,E,VS1,CVD,IGI,,,,19,18647.89916,109.6935
C,carat_bucket+Shape+Color+Clarity+TypeName+Report,1.00-1.49,RADIANT,E,VS1,HPHT,IGI,,,,6,20761.020984,122.1237
C,carat_bucket+Shape+Color+Clarity+TypeName+Report,1.00-1.49,RADIANT,E,VS2,CVD,IGI,,,,1,20100.0,118.2353
C,carat_bucket+Shape+Color+Clarity+TypeName+Report,1.00-1.49,RADIANT,E,VVS1,HPHT,IGI,,,,1,26280.0,154.5882
C,carat_bucket+Shape+Color+Clarity+TypeName+Report,1.00-1.49,RADIANT,E,VVS2,CVD,IGI,,,,32,22029.411765,129.5848
C,carat_bucket+Shape+Color+Clarity+TypeName+Report,1.00-1.49,RADIANT,E,VVS2,HPHT,IGI,,,,5,21576.923077,126.9231
C,carat_bucket+Shape+Color+Clarity+TypeName+Report,1.00-1.49,RADIANT,F,VS1,CVD,IGI,,,,7,20108.695652,118.2864
C,carat_bucket+Shape+Color+Clarity+TypeName+Report,1.00-1.49,RADIANT,F,VVS2,HPHT,IGI,,,,1,21115.384615,124.2081
C,carat_bucket+Shape+Color+Clarity+TypeName+Report,1.00-1.49,RADIANT,G,VS1,CVD,IGI,,,,3,20125.984252,118.3881
C,carat_bucket+Shape+Color+Clarity+TypeName+Report,1.00-1.49,RADIANT,G,VS2,CVD,IGI,,,,1,20116.27907,118.3311
C,carat_bucket+Shape+Color+Clarity+TypeName+Report,1.00-1.49,ROUND,D,IF,HPHT,IGI,,,,17,35192.523364,207.0148
C,carat_bucket+Shape+Color+Clarity+TypeName+Report,1.00-1.49,ROUND,D,SI1,CVD,IGI,,,,1,20821.782178,122.4811
C,carat_bucket+Shape+Color+Clarity+TypeName+Report,1.00-1.49,ROUND,D,SI1,HPHT,IGI,,,,2,17764.117647,104.4948
C,carat_bucket+Shape+Color+Clarity+TypeName+Report,1.00-1.49,ROUND,D,VS1,CVD,IGI,,,,64,22223.300971,130.7253
C,carat_bucket+Shape+Color+Clarity+TypeName+Report,1.00-1.49,ROUND,D,VS1,HPHT,IGI,,,,1179,20142.857143,118.4874
C,carat_bucket+Shape+Color+Clarity+TypeName+Report,1.00-1.49,ROUND,D,VS2,CVD,IGI,,,,39,21403.846154,125.905
C,carat_bucket+Shape+Color+Clarity+TypeName+Report,1.00-1.49,ROUND,D,VS2,HPHT,IGI,,,,234,18273.786408,107.4929
C,carat_bucket+Shape+Color+Clarity+TypeName+Report,1.00-1.49,ROUND,D,VS,-,IGI,,,,2,15475.79693,91.0341
C,carat_bucket+Shape+Color+Clarity+TypeName+Report,1.00-1.49,ROUND,D,VVS1,CVD,IGI,,,,15,31211.009174,183.5942
C,carat_bucket+Shape+Color+Clarity+TypeName+Report,1.00-1.49,ROUND,D,VVS1,HPHT,IGI,,,,381,22135.294118,130.2076
C,carat_bucket+Shape+Color+Clarity+TypeName+Report,1.00-1.49,ROUND,D,VVS2,CVD,IGI,,,,183,22098.214286,129.9895
C,carat_bucket+Shape+Color+Clarity+TypeName+Report,1.00-1.49,ROUND,D,VVS2,HPHT,IGI,,,,1085,19676.470588,115.7439
C,carat_bucket+Shape+Color+Clarity+TypeName+Report,1.00-1.49,ROUND,D,VVS,-,IGI,,,,5,16363.636364,96.2567
C,carat_bucket+Shape+Color+Clarity+TypeName+Report,1.00-1.49,ROUND,E,IF,HPHT,IGI,,,,2,29274.604072,172.2036
C,carat_bucket+Shape+Color+Clarity+TypeName+Report,1.00-1.49,ROUND,E,SI1,CVD,IGI,,,,1,19654.205607,115.613
C,carat_bucket+Shape+Color+Clarity+TypeName+Report,1.00-1.49,ROUND,E,SI1,HPHT,IGI,,,,3,18059.405941,106.2318
C,carat_bucket+Shape+Color+Clarity+TypeName+Report,1.00-1.49,ROUND,E,VS1,CVD,IGI,,,,105,21311.320755,125.3607
C,carat_bucket+Shape+Color+Clarity+TypeName+Report,1.00-1.49,ROUND,E,VS1,HPHT,IGI,,,,105,19560.0,115.0588
C,carat_bucket+Shape+Color+Clarity+TypeName+Report,1.00-1.49,ROUND,E,VS2,CVD,IGI,,,,14,19966.949873,117.4526
C,carat_bucket+Shape+Color+Clarity+TypeName+Report,1.00-1.49,ROUND,E,VS2,HPHT,IGI,,,,24,18290.281927,107.5899
C,carat_bucket+Shape+Color+Clarity+TypeName+Report,1.00-1.49,ROUND,E,VVS1,CVD,IGI,,,,5,32066.037736,188.6238
C,carat_bucket+Shape+Color+Clarity+TypeName+Report,1.00-1.49,ROUND,E,VVS1,HPHT,IGI,,,,79,20437.5,120.2206
C,carat_bucket+Shape+Color+Clarity+TypeName+Report,1.00-1.49,ROUND,E,VVS2,CVD,IGI,,,,58,21293.483904,125.2558
C,carat_bucket+Shape+Color+Clarity+TypeName+Report,1.00-1.49,ROUND,E,VVS2,HPHT,IGI,,,,358,20898.333333,122.9314
C,carat_bucket+Shape+Color+Clarity+TypeName+Report,1.00-1.49,ROUND,F,VS1,HPHT,IGI,,,,9,19369.306931,113.9371
C,carat_bucket+Shape+Color+Clarity+TypeName+Report,1.00-1.49,ROUND,F,VS2,HPHT,IGI,,,,6,18158.653846,106.8156
C,carat_bucket+Shape+Color+Clarity+TypeName+Report,1.00-1.49,ROUND,F,VVS1,HPHT,IGI,,,,8,19478.512279,114.5795
C,carat_bucket+Shape+Color+Clarity+TypeName+Report,1.00-1.49,ROUND,F,VVS2,CVD,IGI,,,,16,22298.076923,131.1652
C,carat_bucket+Shape+Color+Clarity+TypeName+Report,1.00-1.49,ROUND,F,VVS2,HPHT,IGI,,,,15,18917.475728,111.2793
C,carat_bucket+Shape+Color+Clarity+TypeName+Report,1.00-1.49,SQUARE,D,VS1,CVD,IGI,,,,3,19502.912621,114.723
C,carat_bucket+Shape+Color+Clarity+TypeName+Report,1.00-1.49,SQUARE,D,VS1,HPHT,IGI,,,,6,20088.0,118.1647
C,carat_bucket+Shape+Color+Clarity+TypeName+Report,1.00-1.49,SQUARE,D,VVS2,HPHT,IGI,,,,9,20135.643564,118.445
C,carat_bucket+Shape+Color+Clarity+TypeName+Report,1.00-1.49,SQUARE,E,VS1,CVD,IGI,,,,6,19034.107523,111.9653
C,carat_bucket+Shape+Color+Clarity+TypeName+Report,1.00-1.49,SQUARE,E,VS1,HPHT,IGI,,,,1,17980.909091,105.7701
C,carat_bucket+Shape+Color+Clarity+TypeName+Report,1.00-1.49,SQUARE,F,VS1,CVD,IGI,,,,2,20126.049467,118.3885
C,carat_bucket+Shape+Color+Clarity+TypeName+Report,1.50-1.99,-,D,VS1,CVD,IGI,,,,4,36039.212401,211.9954
C,carat_bucket+Shape+Color+Clarity+TypeName+Report,1.50-1.99,-,D,VVS1,CVD,IGI,,,,1,45716.981132,268.9234
C,carat_bucket+Shape+Color+Clarity+TypeName+Report,1.50-1.99,-,D,VVS2,CVD,IGI,,,,2,41986.923077,246.9819
C,carat_bucket+Shape+Color+Clarity+TypeName+Report,1.50-1.99,-,E,VVS2,CVD,IGI,,,,4,37650.35014,221.4726
C,carat_bucket+Shape+Color+Clarity+TypeName+Report,1.50-1.99,ASSCHER,D,IF,HPHT,IGI,,,,2,17311.336254,101.8314
C,carat_bucket+Shape+Color+Clarity+TypeName+Report,1.50-1.99,ASSCHER,D,VS1,CVD,IGI,,,,6,19594.900662,115.2641
C,carat_bucket+Shape+Color+Clarity+TypeName+Report,1.50-1.99,ASSCHER,D,VS1,HPHT,IGI,,,,1,19800.0,116.4706
C,carat_bucket+Shape+Color+Clarity+TypeName+Report,1.50-1.99,ASSCHER,D,VS2,HPHT,IGI,,,,2,19415.496689,114.2088
C,carat_bucket+Shape+Color+Clarity+TypeName+Report,1.50-1.99,ASSCHER,D,VVS1,HPHT,IGI,,,,1,30715.231788,180.6778
C,carat_bucket+Shape+Color+Clarity+TypeName+Report,1.50-1.99,ASSCHER,D,VVS2,CVD,IGI,,,,2,18787.990196,110.5176
C,carat_bucket+Shape+Color+Clarity+TypeName+Report,1.50-1.99,ASSCHER,D,VVS2,HPHT,IGI,,,,5,18398.734177,108.2278
C,carat_bucket+Shape+Color+Clarity+TypeName+Report,1.50-1.99,ASSCHER,E,VS1,CVD,IGI,,,,3,18189.873418,106.9993
C,carat_bucket+Shape+Color+Clarity+TypeName+Report,1.50-1.99,ASSCHER,E,VVS2,CVD,IGI,,,,6,19594.900662,115.2641
C,carat_bucket+Shape+Color+Clarity+TypeName+Report,1.50-1.99,ASSCHER,E,VVS2,HPHT,IGI,,,,1,19401.315789,114.1254
C,carat_bucket+Shape+Color+Clarity+TypeName+Report,1.50-1.99,CUSHION,D,VS1,CVD,IGI,,,,14,18746.357616,110.2727
C,carat_bucket+Shape+Color+Clarity+TypeName+Report,1.50-1.99,CUSHION,D,VS1,HPHT,IGI,,,,11,18352.941176,107.9585
C,carat_bucket+Shape+Color+Clarity+TypeName+Report,1.50-1.99,CUSHION,D,VS2,CVD,IGI,,,,1,18098.684211,106.4628
C,carat_bucket+Shape+Color+Clarity+TypeName+Report,1.50-1.99,CUSHION,D,VS2,HPHT,IGI,,,,1,18118.421053,106.5789
C,carat_bucket+Shape+Color+Clarity+TypeName+Report,1.50-1.99,CUSHION,D,VVS1,HPHT,IGI,,,,7,30823.529412,181.3149
C,carat_bucket+Shape+Color+Clarity+TypeName+Report,1.50-1.99,CUSHION,D,VVS2,CVD,IGI,,,,9,19379.605263,113.9977
C,carat_bucket+Shape+Color+Clarity+TypeName+Report,1.50-1.99,CUSHION,D,VVS2,HPHT,IGI,,,,43,19322.368421,113.661
C,carat_bucket+Shape+Color+Clarity+TypeName+Report,1.50-1.99,CUSHION,E,VS1,CVD,IGI,,,,14,18158.613628,106.8154
C,carat_bucket+Shape+Color+Clarity+TypeName+Report,1.50-1.99,CUSHION,E,VS1,HPHT,IGI,,,,3,18100.0,106.4706
C,carat_bucket+Shape+Color+Clarity+TypeName+Report,1.50-1.99,CUSHION,E,VVS1,HPHT,IGI,,,,1,27929.032258,164.2884
C,carat_bucket+Shape+Color+Clarity+TypeName+Report,1.50-1.99,CUSHION,E,VVS2,CVD,IGI,,,,9,17447.852761,102.6344
C,carat_bucket+Shape+Color+Clarity+TypeName+Report,1.50-1.99,CUSHION,E,VVS2,HPHT,IGI,,,,8,18475.448763,108.6791
C,carat_bucket+Shape+Color+Clarity+TypeName+Report,1.50-1.99,CUSHION,F,VS1,CVD,IGI,,,,1,20104.972376,118.2645
C,carat_bucket+Shape+Color+Clarity+TypeName+Report,1.50-1.99,CUSHION,F,VS1,HPHT,IGI,,,,1,20688.311688,121.696
C,carat_bucket+Shape+Color+Clarity+TypeName+Report,1.50-1.99,CUSHION,F,VVS2,CVD,IGI,,,,2,22396.830144,131.7461
C,carat_bucket+Shape+Color+Clarity+TypeName+Report,1.50-1.99,CUSHION,G,VVS2,HPHT,IGI,,,,1,14961.290323,88.0076
C,carat_bucket+Shape+Color+Clarity+TypeName+Report,1.50-1.99,EMERALD,D,IF,HPHT,IGI,,,,1,34980.392157,205.767
C,carat_bucket+Shape+Color+Clarity+TypeName+Report,1.50-1.99,EMERALD,D,VS1,CVD,IGI,,,,41,17113.207547,100.6659
C,carat_bucket+Shape+Color+Clarity+TypeName+Report,1.50-1.99,EMERALD,D,VS1,HPHT,IGI,,,,5,17537.254902,103.1603
C,carat_bucket+Shape+Color+Clarity+TypeName+Report,1.50-1.99,EMERALD,D,VS2,CVD,IGI,,,,2,14939.772371,87.881
C,carat_bucket+Shape+Color+Clarity+TypeName+Report,1.50-1.99,EMERALD,D,VVS1,CVD,IGI,,,,6,32530.769231,191.3575
C,carat_bucket+Shape+Color+Clarity+TypeName+Report,1.50-1.99,EMERALD,D,VVS1,HPHT,IGI,,,,4,26090.322581,153.4725
C,carat_bucket+Shape+Color+Clarity+TypeName+Report,1.50-1.99,EMERALD,D,VVS2,CVD,IGI,,,,39,19423.076923,114.2534
C,carat_bucket+Shape+Color+Clarity+TypeName+Report,1.50-1.99,EMERALD,D,VVS2,HPHT,IGI,,,,3,19890.789474,117.0046
C,carat_bucket+Shape+Color+Clarity+TypeName+Report,1.50-1.99,EMERALD,E,IF,HPHT,IGI,,,,1,26447.368421,155.5728
C,carat_bucket+Shape+Color+Clarity+TypeName+Report,1.50-1.99,EMERALD,E,VS1,CVD,IGI,,,,37,17084.415584,100.4966
C,carat_bucket+Shape+Color+Clarity+TypeName+Report,1.50-1.99,EMERALD,E,VS2,CVD,IGI,,,,6,16500.0,97.0588
C,carat_bucket+Shape+Color+Clarity+TypeName+Report,1.50-1.99,EMERALD,E,VVS1,HPHT,IGI,,,,1,19860.0,116.8235
C,carat_bucket+Shape+Color+Clarity+TypeName+Report,1.50-1.99,EMERALD,E,VVS2,CVD,IGI,,,,45,18552.631579,109.1331
C,carat_bucket+Shape+Color+Clarity+TypeName+Report,1.50-1.99,EMERALD,F,VS1,CVD,IGI,,,,1,15355.263158,90.3251
C,carat_bucket+Shape+Color+Clarity+TypeName+Report,1.50-1.99,EMERALD,F,VS2,CVD,IGI,,,,2,18732.492997,110.1911
C,carat_bucket+Shape+Color+Clarity+TypeName+Report,1.50-1.99,EMERALD,F,VVS2,CVD,IGI,,,,3,17088.607595,100.5212
C,carat_bucket+Shape+Color+Clarity+TypeName+Report,1.50-1.99,EMERALD,G,VS1,CVD,IGI,,,,1,20119.760479,118.3515
C,carat_bucket+Shape+Color+Clarity+TypeName+Report,1.50-1.99,EMERALD,G,VVS1,CVD,IGI,,,,1,18867.924528,110.9878
C,carat_bucket+Shape+Color+Clarity+TypeName+Report,1.50-1.99,EMERALD,G,VVS2,CVD,IGI,,,,1,20115.606936,118.3271
C,carat_bucket+Shape+Color+Clarity+TypeName+Report,1.50-1.99,HEART,D,VS1,CVD,IGI,,,,11,20486.0,120.5059
C,carat_bucket+Shape+Color+Clarity+TypeName+Report,1.50-1.99,HEART,D,VS1,HPHT,IGI,,,,6,19916.329048,117.1549
C,carat_bucket+Shape+Color+Clarity+TypeName+Report,1.50-1.99,HEART,D,VVS2,CVD,IGI,,,,10,20463.576159,120.374
C,carat_bucket+Shape+Color+Clarity+TypeName+Report,1.50-1.99,HEART,D,VVS2,HPHT,IGI,,,,7,21298.013245,125.2824
C,carat_bucket+Shape+Color+Clarity+TypeName+Report,1.50-1.99,HEART,E,VS1,CVD,IGI,,,,3,18723.417722,110.1378
C,carat_bucket+Shape+Color+Clarity+TypeName+Report,1.50-1.99,HEART,E,VS1,HPHT,IGI,,,,1,18189.873418,106.9993
C,carat_bucket+Shape+Color+Clarity+TypeName+Report,1.50-1.99,HEART,E,VS2,CVD,IGI,,,,1,29733.333333,174.902
C,carat_bucket+Shape+Color+Clarity+TypeName+Report,1.50-1.99,HEART,E,VVS1,CVD,IGI,,,,1,43773.584906,257.4917
C,carat_bucket+Shape+Color+Clarity+TypeName+Report,1.50-1.99,HEART,E,VVS2,CVD,IGI,,,,4,31292.45283,184.0733
C,carat_bucket+Shape+Color+Clarity+TypeName+Report,1.50-1.99,HEART,E,VVS2,HPHT,IGI,,,,5,20549.019608,120.8766
C,carat_bucket+Shape+Color+Clarity+TypeName+Report,1.50-1.99,HEART,F,VS1,CVD,IGI,,,,1,19951.612903,117.3624
C,carat_bucket+Shape+Color+Clarity+TypeName+Report,1.50-1.99,MARQUISE,D,VS1,CVD,IGI,,,,24,26321.052632,154.8297
C,carat_bucket+Shape+Color+Clarity+TypeName+Report,1.50-1.99,MARQUISE,D,VS1,HPHT,IGI,,,,1,26269.736842,154.5279
C,carat_bucket+Shape+Color+Clarity+TypeName+Report,1.50-1.99,MARQUISE,D,VS2,CVD,IGI,,,,3,26002.649007,152.9568
C,carat_bucket+Shape+Color+Clarity+TypeName+Report,1.50-1.99,MARQUISE,D,VVS1,CVD,IGI,,,,1,41721.854305,245.4227
C,carat_bucket+Shape+Color+Clarity+TypeName+Report,1.50-1.99,MARQUISE,D,VVS2,CVD,IGI,,,,15,26651.612903,156.7742
C,carat_bucket+Shape+Color+Clarity+TypeName+Report,1.50-1.99,MARQUISE,E,VS1,CVD,IGI,,,,41,21888.888889,128.7582
C,carat_bucket+Shape+Color+Clarity+TypeName+Report,1.50-1.99,MARQUISE,E,VS2,CVD,IGI,,,,5,21432.515337,126.0736
C,carat_bucket+Shape+Color+Clarity+TypeName+Report,1.50-1.99,MARQUISE,E,VVS2,CVD,IGI,,,,32,22855.214724,134.4424
C,carat_bucket+Shape+Color+Clarity+TypeName+Report,1.50-1.99,MARQUISE,F,VVS2,CVD,IGI,,,,2,31855.774003,187.3869
C,carat_bucket+Shape+Color+Clarity+TypeName+Report,1.50-1.99,OVAL,D,VS1,CVD,IGI,,,,34,19080.0,112.2353
C,carat_bucket+Shape+Color+Clarity+TypeName+Report,1.50-1.99,OVAL,D,VS1,HPHT,IGI,,,,13,18729.411765,110.173
C,carat_bucket+Shape+Color+Clarity+TypeName+Report,1.50-1.99,OVAL,D,VS2,CVD,IGI,,,,16,18037.974684,106.1057
C,carat_bucket+Shape+Color+Clarity+TypeName+Report,1.50-1.99,OVAL,D,VS2,HPHT,IGI,,,,1,31288.343558,184.0491
C,carat_bucket+Shape+Color+Clarity+TypeName+Report,1.50-1.99,OVAL,D,VVS1,CVD,IGI,,,,21,31160.0,183.2941
C,carat_bucket+Shape+Color+Clarity+TypeName+Report,1.50-1.99,OVAL,D,VVS1,HPHT,IGI,,,,23,31608.552632,185.9327
C,carat_bucket+Shape+Color+Clarity+TypeName+Report,1.50-1.99,OVAL,D,VVS2,CVD,IGI,,,,45,19450.980392,114.4175
C,carat_bucket+Shape+Color+Clarity+TypeName+Report,1.50-1.99,OVAL,D,VVS2,HPHT,IGI,,,,33,19739.215686,116.113
C,carat_bucket+Shape+Color+Clarity+TypeName+Report,1.50-1.99,OVAL,E,VS1,CVD,IGI,,,,60,17590.062112,103.471
C,carat_bucket+Shape+Color+Clarity+TypeName+Report,1.50-1.99,OVAL,E,VS2,CVD,IGI,,,,3,18546.0,109.0941
C,carat_bucket+Shape+Color+Clarity+TypeName+Report,1.50-1.99,OVAL,E,VVS1,CVD,IGI,,,,1,35922.580645,211.3093
C,carat_bucket+Shape+Color+Clarity+TypeName+Report,1.50-1.99,OVAL,E,VVS2,CVD,IGI,,,,62,18842.190153,110.8364
C,carat_bucket+Shape+Color+Clarity+TypeName+Report,1.50-1.99,OVAL,E,VVS2,HPHT,IGI,,,,3,19290.0,113.4706
C,carat_bucket+Shape+Color+Clarity+TypeName+Report,1.50-1.99,OVAL,F,VS1,CVD,IGI,,,,16,18834.437086,110.7908
C,carat_bucket+Shape+Color+Clarity+TypeName+Report,1.50-1.99,OVAL,F,VS2,CVD,IGI,,,,3,19042.0,112.0118
C,carat_bucket+Shape+Color+Clarity+TypeName+Report,1.50-1.99,OVAL,F,VVS2,CVD,IGI,,,,13,18986.842105,111.6873
C,carat_bucket+Shape+Color+Clarity+TypeName+Report,1.50-1.99,PEAR,D,VS1,CVD,IGI,,,,49,17981.012658,105.7707
C,carat_bucket+Shape+Color+Clarity+TypeName+Report,1.50-1.99,PEAR,D,VS2,CVD,IGI,,,,14,18710.526316,110.0619
C,carat_bucket+Shape+Color+Clarity+TypeName+Report,1.50-1.99,PEAR,D,VVS1,CVD,IGI,,,,7,32754.0,192.6706
C,carat_bucket+Shape+Color+Clarity+TypeName+Report,1.50-1.99,PEAR,D,VVS1,HPHT,IGI,,,,3,32078.431373,188.6967
C,carat_bucket+Shape+Color+Clarity+TypeName+Report,1.50-1.99,PEAR,D,VVS2,CVD,IGI,,,,90,18491.623232,108.7743
C,carat_bucket+Shape+Color+Clarity+TypeName+Report,1.50-1.99,PEAR,D,VVS2,HPHT,IGI,,,,4,18696.273472,109.9781
C,carat_bucket+Shape+Color+Clarity+TypeName+Report,1.50-1.99,PEAR,E,VS1,CVD,IGI,,,,39,18487.5,108.75
C,carat_bucket+Shape+Color+Clarity+TypeName+Report,1.50-1.99,PEAR,E,VS2,CVD,IGI,,,,4,18627.81457,109.5754
C,carat_bucket+Shape+Color+Clarity+TypeName+Report,1.50-1.99,PEAR,E,VVS1,HPHT,IGI,,,,2,28684.701987,168.7335
C,carat_bucket+Shape+Color+Clarity+TypeName+Report,1.50-1.99,PEAR,E,VVS2,CVD,IGI,,,,78,18223.920103,107.1995
C,carat_bucket+Shape+Color+Clarity+TypeName+Report,1.50-1.99,PEAR,F,VS1,CVD,IGI,,,,9,18496.688742,108.8041
C,carat_bucket+Shape+Color+Clarity+TypeName+Report,1.50-1.99,PEAR,F,VS1,HPHT,IGI,,,,1,18437.086093,108.4534
C,carat_bucket+Shape+Color+Clarity+TypeName+Report,1.50-1.99,PEAR,F,VS2,CVD,IGI,,,,2,18277.265823,107.5133
C,carat_bucket+Shape+Color+Clarity+TypeName+Report,1.50-1.99,PEAR,F,VVS1,CVD,IGI,,,,3,25548.387097,150.2846
C,carat_bucket+Shape+Color+Clarity+TypeName+Report,1.50-1.99,PEAR,F,VVS2,CVD,IGI,,,,31,18346.153846,107.9186
C,carat_bucket+Shape+Color+Clarity+TypeName+Report,1.50-1.99,PRINCESS,D,VS1,CVD,IGI,,,,70,28640.0,168.4706
C,carat_bucket+Shape+Color+Clarity+TypeName+Report,1.50-1.99,PRINCESS,D,VS2,CVD,IGI,,,,4,21756.399632,127.9788
C,carat_bucket+Shape+Color+Clarity+TypeName+Report,1.50-1.99,PRINCESS,D,VS2,HPHT,IGI,,,,1,17442.307692,102.6018
C,carat_bucket+Shape+Color+Clarity+TypeName+Report,1.50-1.99,PRINCESS,D,VVS1,CVD,IGI,,,,23,38156.862745,224.4521
C,carat_bucket+Shape+Color+Clarity+TypeName+Report,1.50-1.99,PRINCESS,D,VVS2,CVD,IGI,,,,88,35018.867925,205.9933
C,carat_bucket+Shape+Color+Clarity+TypeName+Report,1.50-1.99,PRINCESS,E,VS1,CVD,IGI,,,,37,23193.75,136.4338
C,carat_bucket+Shape+Color+Clarity+TypeName+Report,1.50-1.99,PRINCESS,E,VS2,CVD,IGI,,,,2,20225.238411,118.972
C,carat_bucket+Shape+Color+Clarity+TypeName+Report,1.50-1.99,PRINCESS,E,VVS1,CVD,IGI,,,,20,34151.85636,200.8933
C,carat_bucket+Shape+Color+Clarity+TypeName+Report,1.50-1.99,PRINCESS,E,VVS2,CVD,IGI,,,,50,18019.86755,105.9992
C,carat_bucket+Shape+Color+Clarity+TypeName+Report,1.50-1.99,PRINCESS,E,VVS2,HPHT,IGI,,,,1,18040.0,106.1176
C,carat_bucket+Shape+Color+Clarity+TypeName+Report,1.50-1.99,PRINCESS,F,VS1,CVD,IGI,,,,1,16470.588235,96.8858
C,carat_bucket+Shape+Color+Clarity+TypeName+Report,1.50-1.99,PRINCESS,F,VS2,CVD,IGI,,,,2,21645.686275,127.3276
C,carat_bucket+Shape+Color+Clarity+TypeName+Report,1.50-1.99,PRINCESS,F,VVS1,CVD,IGI,,,,5,26857.894737,157.9876
C,carat_bucket+Shape+Color+Clarity+TypeName+Report,1.50-1.99,PRINCESS,F,VVS2,CVD,IGI,,,,9,22754.716981,133.8513
C,carat_bucket+Shape+Color+Clarity+TypeName+Report,1.50-1.99,PRINCESS,G,VVS1,CVD,IGI,,,,2,18897.033267,111.159
C,carat_bucket+Shape+Color+Clarity+TypeName+Report,1.50-1.99,RADIANT,D,VS1,CVD,IGI,,,,30,15042.038217,88.4826
C,carat_bucket+Shape+Color+Clarity+TypeName+Report,1.50-1.99,RADIANT,D,VVS1,HPHT,IGI,,,,1,24254.901961,142.6759
C,carat_bucket+Shape+Color+Clarity+TypeName+Report,1.50-1.99,RADIANT,D,VVS2,CVD,IGI,,,,29,16470.588235,96.8858
C,carat_bucket+Shape+Color+Clarity+TypeName+Report,1.50-1.99,RADIANT,D,VVS2,HPHT,IGI,,,,7,16914.473684,99.4969
C,carat_bucket+Shape+Color+Clarity+TypeName+Report,1.50-1.99,RADIANT,E,VS1,CVD,IGI,,,,19,14852.830189,87.3696
C,carat_bucket+Shape+Color+Clarity+TypeName+Report,1.50-1.99,RADIANT,E,VVS1,HPHT,IGI,,,,1,21967.105263,129.2183
C,carat_bucket+Shape+Color+Clarity+TypeName+Report,1.50-1.99,RADIANT,E,VVS2,CVD,IGI,,,,24,15217.105263,89.5124
C,carat_bucket+Shape+Color+Clarity+TypeName+Report,1.50-1.99,RADIANT,F,VS1,CVD,IGI,,,,3,14230.769231,83.7104
C,carat_bucket+Shape+Color+Clarity+TypeName+Report,1.50-1.99,RADIANT,F,VVS2,CVD,IGI,,,,4,14582.278481,85.7781
C,carat_bucket+Shape+Color+Clarity+TypeName+Report,1.50-1.99,ROUND,D,IF,HPHT,IGI,,,,8,48112.5,283.0147
C,carat_bucket+Shape+Color+Clarity+TypeName+Report,1.50-1.99,ROUND,D,SI1,CVD,IGI,,,,1,22381.578947,131.6563
C,carat_bucket+Shape+Color+Clarity+TypeName+Report,1.50-1.99,ROUND,D,VS1,CVD,IGI,,,,14,21366.217812,125.6836
C,carat_bucket+Shape+Color+Clarity+TypeName+Report,1.50-1.99,ROUND,D,VS1,HPHT,IGI,,,,83,19600.0,115.2941
C,carat_bucket+Shape+Color+Clarity+TypeName+Report,1.50-1.99,ROUND,D,VS2,CVD,IGI,,,,10,19367.655629,113.9274
C,carat_bucket+Shape+Color+Clarity+TypeName+Report,1.50-1.99,ROUND,D,VS2,HPHT,IGI,,,,37,18800.0,110.5882
C,carat_bucket+Shape+Color+Clarity+TypeName+Report,1.50-1.99,ROUND,D,VVS1,CVD,IGI,,,,4,29171.359899,171.5962
C,carat_bucket+Shape+Color+Clarity+TypeName+Report,1.50-1.99,ROUND,D,VVS1,HPHT,IGI,,,,58,29360.784314,172.7105
C,carat_bucket+Shape+Color+Clarity+TypeName+Report,1.50-1.99,ROUND,D,VVS2,CVD,IGI,,,,15,26382.352941,155.1903
C,carat_bucket+Shape+Color+Clarity+TypeName+Report,1.50-1.99,ROUND,D,VVS2,HPHT,IGI,,,,70,21340.0,125.5294
C,carat_bucket+Shape+Color+Clarity+TypeName+Report,1.50-1.99,ROUND,E,VS1,CVD,IGI,,,,25,23636.942675,139.0408
C,carat_bucket+Shape+Color+Clarity+TypeName+Report,1.50-1.99,ROUND,E,VS1,HPHT,IGI,,,,15,18800.0,110.5882
C,carat_bucket+Shape+Color+Clarity+TypeName+Report,1.50-1.99,ROUND,E,VS2,CVD,IGI,,,,4,19059.776316,112.1163
C,carat_bucket+Shape+Color+Clarity+TypeName+Report,1.50-1.99,ROUND,E,VS2,HPHT,IGI,,,,18,18567.096774,109.2182
C,carat_bucket+Shape+Color+Clarity+TypeName+Report,1.50-1.99,ROUND,E,VVS1,CVD,IGI,,,,11,30244.565217,177.9092
C,carat_bucket+Shape+Color+Clarity+TypeName+Report,1.50-1.99,ROUND,E,VVS2,CVD,IGI,,,,92,20530.28879,120.7664
C,carat_bucket+Shape+Color+Clarity+TypeName+Report,1.50-1.99,ROUND,E,VVS2,HPHT,IGI,,,,51,20801.324503,122.3607
C,carat_bucket+Shape+Color+Clarity+TypeName+Report,1.50-1.99,ROUND,F,VS1,CVD,IGI,,,,8,19117.932736,112.4584
C,carat_bucket+Shape+Color+Clarity+TypeName+Report,1.50-1.99,ROUND,F,VS2,CVD,IGI,,,,5,19448.344371,114.402
C,carat_bucket+Shape+Color+Clarity+TypeName+Report,1.50-1.99,ROUND,F,VVS1,CVD,IGI,,,,7,25433.333333,149.6078
C,carat_bucket+Shape+Color+Clarity+TypeName+Report,1.50-1.99,ROUND,F,VVS2,CVD,IGI,,,,20,26052.631579,153.2508
C,carat_bucket+Shape+Color+Clarity+TypeName+Report,1.50-1.99,ROUND,F,VVS2,HPHT,IGI,,,,2,20984.045792,123.4356
C,carat_bucket+Shape+Color+Clarity+TypeName+Report,1.50-1.99,ROUND,H,VVS2,HPHT,IGI,,,,1,18710.526316,110.0619
C,carat_bucket+Shape+Color+Clarity+TypeName+Report,1.50-1.99,SQUARE,D,VS1,CVD,IGI,,,,5,16292.81768,95.8401
C,carat_bucket+Shape+Color+Clarity+TypeName+Report,1.50-1.99,SQUARE,D,VVS1,CVD,IGI,,,,2,32418.551587,190.6974
C,carat_bucket+Shape+Color+Clarity+TypeName+Report,1.50-1.99,SQUARE,D,VVS2,CVD,IGI,,,,2,25879.280224,152.2311
C,carat_bucket+Shape+Color+Clarity+TypeName+Report,1.50-1.99,SQUARE,E,VS1,CVD,IGI,,,,7,19274.509804,113.3795
C,carat_bucket+Shape+Color+Clarity+TypeName+Report,1.50-1.99,SQUARE,E,VS1,HPHT,IGI,,,,1,19660.0,115.6471
C,carat_bucket+Shape+Color+Clarity+TypeName+Report,1.50-1.99,SQUARE,E,VVS2,CVD,IGI,,,,5,19025.806452,111.9165
C,carat_bucket+Shape+Color+Clarity+TypeName+Report,1.50-1.99,SQUARE,F,VS1,CVD,IGI,,,,1,24948.387097,146.7552
C,carat_bucket+Shape+Color+Clarity+TypeName+Report,10.00+,-,D,VVS1,CVD,IGI,,,,1,118405.819296,696.5048
C,carat_bucket+Shape+Color+Clarity+TypeName+Report,10.00+,ASHOKA,E,VS1,CVD,IGI,,,,1,59765.217391,351.5601
C,carat_bucket+Shape+Color+Clarity+TypeName+Report,10.00+,CUSHION,D,VS1,CVD,IGI,,,,1,30834.49651,181.3794
C,carat_bucket+Shape+Color+Clarity+TypeName+Report,10.00+,CUSHION,F,VVS2,CVD,IGI,,,,1,27640.516385,162.5913
C,carat_bucket+Shape+Color+Clarity+TypeName+Report,10.00+,EMERALD,D,VS1,CVD,IGI,,,,2,55175.256963,324.5603
C,carat_bucket+Shape+Color+Clarity+TypeName+Report,10.00+,EMERALD,D,VVS1,CVD,IGI,,,,22,41759.669202,245.6451
C,carat_bucket+Shape+Color+Clarity+TypeName+Report,10.00+,EMERALD,D,VVS2,CVD,IGI,,,,6,68814.583431,404.7917
C,carat_bucket+Shape+Color+Clarity+TypeName+Report,10.00+,EMERALD,E,VS1,CVD,IGI,,,,16,25371.399707,149.2435
C,carat_bucket+Shape+Color+Clarity+TypeName+Report,10.00+,EMERALD,E,VVS1,CVD,IGI,,,,2,37334.936564,219.6173
C,carat_bucket+Shape+Color+Clarity+TypeName+Report,10.00+,EMERALD,E,VVS2,CVD,IGI,,,,22,26949.330804,158.5255
C,carat_bucket+Shape+Color+Clarity+TypeName+Report,10.00+,EMERALD,F,VS1,CVD,IGI,,,,14,25173.951209,148.0821
C,carat_bucket+Shape+Color+Clarity+TypeName+Report,10.00+,EMERALD,F,VVS2,CVD,IGI,,,,12,24935.592765,146.68
C,carat_bucket+Shape+Color+Clarity+TypeName+Report,10.00+,HEART,D,VS1,CVD,IGI,,,,1,67701.19403,398.2423
C,carat_bucket+Shape+Color+Clarity+TypeName+Report,10.00+,HEART,D,VVS1,CVD,IGI,,,,8,100562.710939,591.5454
C,carat_bucket+Shape+Color+Clarity+TypeName+Report,10.00+,HEART,D,VVS2,CVD,IGI,,,,3,65083.333333,382.8431
C,carat_bucket+Shape+Color+Clarity+TypeName+Report,10.00+,HEART,E,VS1,CVD,IGI,,,,3,50927.54491,299.5738
C,carat_bucket+Shape+Color+Clarity+TypeName+Report,10.00+,MARQUISE,D,VVS1,CVD,IGI,,,,3,83427.745665,490.7514
C,carat_bucket+Shape+Color+Clarity+TypeName+Report,10.00+,MARQUISE,D,VVS2,CVD,IGI,,,,1,71393.351801,419.9609
C,carat_bucket+Shape+Color+Clarity+TypeName+Report,10.00+,MARQUISE,E,VS1,CVD,IGI,,,,3,27176.470588,159.8616
C,carat_bucket+Shape+Color+Clarity+TypeName+Report,10.00+,MARQUISE,E,VVS1,CVD,IGI,,,,1,132194.539249,777.6149
C,carat_bucket+Shape+Color+Clarity+TypeName+Report,10.00+,MARQUISE,E,VVS2,CVD,IGI,,,,7,33065.47619,194.5028
C,carat_bucket+Shape+Color+Clarity+TypeName+Report,10.00+,MARQUISE,F,VVS2,CVD,IGI,,,,4,32705.681282,192.3864
C,carat_bucket+Shape+Color+Clarity+TypeName+Report,10.00+,OVAL,D,VS1,CVD,IGI,,,,1,50268.582755,295.6975
C,carat_bucket+Shape+Color+Clarity+TypeName+Report,10.00+,OVAL,D,VVS1,CVD,IGI,,,,24,62836.471754,369.6263
C,carat_bucket+Shape+Color+Clarity+TypeName+Report,10.00+,OVAL,D,VVS2,CVD,IGI,,,,7,91162.721893,536.2513
C,carat_bucket+Shape+Color+Clarity+TypeName+Report,10.00+,OVAL,E,VS1,CVD,IGI,,,,5,34318.145563,201.8714
C,carat_bucket+Shape+Color+Clarity+TypeName+Report,10.00+,OVAL,E,VVS1,CVD,IGI,,,,1,48643.68932,286.1393
C,carat_bucket+Shape+Color+Clarity+TypeName+Report,10.00+,OVAL,E,VVS2,CVD,IGI,,,,31,34811.665005,204.7745
C,carat_bucket+Shape+Color+Clarity+TypeName+Report,10.00+,OVAL,F,VS1,CVD,IGI,,,,7,29565.434565,173.9143
C,carat_bucket+Shape+Color+Clarity+TypeName+Report,10.00+,OVAL,F,VVS1,CVD,IGI,,,,2,41239.0113,242.5824
C,carat_bucket+Shape+Color+Clarity+TypeName+Report,10.00+,OVAL,F,VVS2,CVD,IGI,,,,11,31893.638171,187.6096
C,carat_bucket+Shape+Color+Clarity+TypeName+Report,10.00+,PEAR,D,VS1,CVD,IGI,,,,1,51453.982301,302.6705
C,carat_bucket+Shape+Color+Clarity+TypeName+Report,10.00+,PEAR,D,VVS1,CVD,IGI,,,,23,116958.055925,687.9886
C,carat_bucket+Shape+Color+Clarity+TypeName+Report,10.00+,PEAR,D,VVS2,CVD,IGI,,,,3,96765.671642,569.2098
C,carat_bucket+Shape+Color+Clarity+TypeName+Report,10.00+,PEAR,E,VS1,CVD,IGI,,,,5,31000.96432,182.3586
C,carat_bucket+Shape+Color+Clarity+TypeName+Report,10.00+,PEAR,E,VVS2,CVD,IGI,,,,5,32628.712871,191.9336
C,carat_bucket+Shape+Color+Clarity+TypeName+Report,10.00+,PEAR,F,VS1,CVD,IGI,,,,5,29714.001986,174.7882
C,carat_bucket+Shape+Color+Clarity+TypeName+Report,10.00+,PEAR,F,VVS2,CVD,IGI,,,,3,30038.88335,176.6993
C,carat_bucket+Shape+Color+Clarity+TypeName+Report,10.00+,PRINCESS,E,VVS2,CVD,IGI,,,,1,59206.759443,348.2751
C,carat_bucket+Shape+Color+Clarity+TypeName+Report,10.00+,RADIANT,D,VVS1,CVD,IGI,,,,5,38062.5,223.8971
C,carat_bucket+Shape+Color+Clarity+TypeName+Report,10.00+,RADIANT,D,VVS2,CVD,IGI,,,,2,71151.912339,418.5407
C,carat_bucket+Shape+Color+Clarity+TypeName+Report,10.00+,RADIANT,E,VS1,CVD,IGI,,,,3,29153.046953,171.4885
C,carat_bucket+Shape+Color+Clarity+TypeName+Report,10.00+,RADIANT,E,VVS2,CVD,IGI,,,,9,30218.344965,177.755
C,carat_bucket+Shape+Color+Clarity+TypeName+Report,10.00+,RADIANT,F,VVS2,CVD,IGI,,,,1,29407.738095,172.9867
C,carat_bucket+Shape+Color+Clarity+TypeName+Report,10.00+,ROUND,D,VVS1,CVD,IGI,,,,26,86281.842861,507.5403
C,carat_bucket+Shape+Color+Clarity+TypeName+Report,10.00+,ROUND,D,VVS2,CVD,IGI,,,,5,74151.848152,436.1873
C,carat_bucket+Shape+Color+Clarity+TypeName+Report,10.00+,ROUND,E,VS1,CVD,IGI,,,,4,53779.786855,316.3517
C,carat_bucket+Shape+Color+Clarity+TypeName+Report,10.00+,ROUND,E,VVS1,CVD,IGI,,,,4,63087.129313,371.1008
C,carat_bucket+Shape+Color+Clarity+TypeName+Report,10.00+,ROUND,E,VVS2,CVD,IGI,,,,4,60651.898431,356.7759
C,carat_bucket+Shape+Color+Clarity+TypeName+Report,10.00+,ROUND,F,VS1,CVD,IGI,,,,1,51514.97006,303.0292
C,carat_bucket+Shape+Color+Clarity+TypeName+Report,10.00+,ROUND,F,VVS1,CVD,IGI,,,,1,49978.279757,293.9899
C,carat_bucket+Shape+Color+Clarity+TypeName+Report,10.00+,ROUND,F,VVS2,CVD,IGI,,,,3,54107.355865,318.2786
C,carat_bucket+Shape+Color+Clarity+TypeName+Report,10.00+,SQUARE,D,VVS1,CVD,IGI,,,,2,88734.157596,521.9656
C,carat_bucket+Shape+Color+Clarity+TypeName+Report,10.00+,SQUARE,D,VVS2,CVD,IGI,,,,3,59005.121639,347.089
C,carat_bucket+Shape+Color+Clarity+TypeName+Report,10.00+,SQUARE,E,VS1,CVD,IGI,,,,2,68313.879364,401.8463
C,carat_bucket+Shape+Color+Clarity+TypeName+Report,10.00+,SQUARE,E,VVS1,CVD,IGI,,,,1,28986.041874,170.5061
C,carat_bucket+Shape+Color+Clarity+TypeName+Report,10.00+,SQUARE,E,VVS2,CVD,IGI,,,,1,55242.637644,324.9567
C,carat_bucket+Shape+Color+Clarity+TypeName+Report,10.00+,SQUARE,F,VVS1,CVD,IGI,,,,1,26232.142857,154.3067
C,carat_bucket+Shape+Color+Clarity+TypeName+Report,2.00-2.99,-,D,VS1,CVD,IGI,,,,10,53141.114149,312.5948
C,carat_bucket+Shape+Color+Clarity+TypeName+Report,2.00-2.99,-,D,VVS1,CVD,IGI,,,,21,66588.516746,391.6972
C,carat_bucket+Shape+Color+Clarity+TypeName+Report,2.00-2.99,-,D,VVS2,CVD,IGI,,,,39,59196.172249,348.2128
C,carat_bucket+Shape+Color+Clarity+TypeName+Report,2.00-2.99,-,E,VVS1,CVD,IGI,,,,8,48956.678783,287.9805
C,carat_bucket+Shape+Color+Clarity+TypeName+Report,2.00-2.99,-,E,VVS2,CVD,IGI,,,,5,45043.68932,264.9629
C,carat_bucket+Shape+Color+Clarity+TypeName+Report,2.00-2.99,ASSCHER,D,VS1,CVD,IGI,,,,3,23762.376238,139.7787
C,carat_bucket+Shape+Color+Clarity+TypeName+Report,2.00-2.99,ASSCHER,D,VS1,HPHT,IGI,,,,3,24626.865672,144.8639
C,carat_bucket+Shape+Color+Clarity+TypeName+Report,2.00-2.99,ASSCHER,D,VVS1,HPHT,IGI,,,,1,38462.686567,226.2511
C,carat_bucket+Shape+Color+Clarity+TypeName+Report,2.00-2.99,ASSCHER,D,VVS2,CVD,IGI,,,,3,25014.925373,147.1466
C,carat_bucket+Shape+Color+Clarity+TypeName+Report,2.00-2.99,ASSCHER,D,VVS2,HPHT,IGI,,,,4,28339.805825,166.7047
C,carat_bucket+Shape+Color+Clarity+TypeName+Report,2.00-2.99,ASSCHER,E,VS1,CVD,IGI,,,,5,21524.271845,126.6134
C,carat_bucket+Shape+Color+Clarity+TypeName+Report,2.00-2.99,ASSCHER,E,VVS2,CVD,IGI,,,,6,21891.956865,128.7762
C,carat_bucket+Shape+Color+Clarity+TypeName+Report,2.00-2.99,ASSCHER,E,VVS2,HPHT,IGI,,,,1,21980.769231,129.2986
C,carat_bucket+Shape+Color+Clarity+TypeName+Report,2.00-2.99,ASSCHER,F,VS2,HPHT,IGI,,,,1,21180.0,124.5882
C,carat_bucket+Shape+Color+Clarity+TypeName+Report,2.00-2.99,CUSHION,D,VS1,CVD,IGI,,,,17,21447.761194,126.1633
C,carat_bucket+Shape+Color+Clarity+TypeName+Report,2.00-2.99,CUSHION,D,VVS1,HPHT,IGI,,,,3,38316.831683,225.3931
C,carat_bucket+Shape+Color+Clarity+TypeName+Report,2.00-2.99,CUSHION,D,VVS2,CVD,IGI,,,,21,24390.0,143.4706
C,carat_bucket+Shape+Color+Clarity+TypeName+Report,2.00-2.99,CUSHION,D,VVS2,HPHT,IGI,,,,8,23907.804878,140.6341
C,carat_bucket+Shape+Color+Clarity+TypeName+Report,2.00-2.99,CUSHION,E,VS1,CVD,IGI,,,,54,20940.298507,123.1782
C,carat_bucket+Shape+Color+Clarity+TypeName+Report,2.00-2.99,CUSHION,E,VS2,CVD,IGI,,,,1,20611.940299,121.2467
C,carat_bucket+Shape+Color+Clarity+TypeName+Report,2.00-2.99,CUSHION,E,VS2,HPHT,IGI,,,,2,20612.450495,121.2497
C,carat_bucket+Shape+Color+Clarity+TypeName+Report,2.00-2.99,CUSHION,E,VVS1,HPHT,IGI,,,,1,36561.576355,215.0681
C,carat_bucket+Shape+Color+Clarity+TypeName+Report,2.00-2.99,CUSHION,E,VVS2,CVD,IGI,,,,22,21411.231884,125.9484
C,carat_bucket+Shape+Color+Clarity+TypeName+Report,2.00-2.99,CUSHION,E,VVS2,HPHT,IGI,,,,2,21874.40997,128.673
C,carat_bucket+Shape+Color+Clarity+TypeName+Report,2.00-2.99,CUSHION,F,VS1,HPHT,IGI,,,,1,20850.746269,122.6514
C,carat_bucket+Shape+Color+Clarity+TypeName+Report,2.00-2.99,CUSHION,G,VS1,CVD,IGI,,,,1,23193.396226,136.4317
C,carat_bucket+Shape+Color+Clarity+TypeName+Report,2.00-2.99,EMERALD,D,VS1,CVD,IGI,,,,61,20544.117647,120.8478
C,carat_bucket+Shape+Color+Clarity+TypeName+Report,2.00-2.99,EMERALD,D,VS1,HPHT,IGI,,,,1,20896.039604,122.9179
C,carat_bucket+Shape+Color+Clarity+TypeName+Report,2.00-2.99,EMERALD,D,VS2,CVD,IGI,,,,6,20765.671642,122.151
C,carat_bucket+Shape+Color+Clarity+TypeName+Report,2.00-2.99,EMERALD,D,VVS1,CVD,IGI,,,,1,31004.0,182.3765
C,carat_bucket+Shape+Color+Clarity+TypeName+Report,2.00-2.99,EMERALD,D,VVS1,HPHT,IGI,,,,3,33537.980769,197.2822
C,carat_bucket+Shape+Color+Clarity+TypeName+Report,2.00-2.99,EMERALD,D,VVS2,CVD,IGI,,,,25,21383.168317,125.7833
C,carat_bucket+Shape+Color+Clarity+TypeName+Report,2.00-2.99,EMERALD,E,VS1,CVD,IGI,,,,55,19054.455446,112.085
C,carat_bucket+Shape+Color+Clarity+TypeName+Report,2.00-2.99,EMERALD,E,VS2,CVD,IGI,,,,2,21079.495103,123.997
C,carat_bucket+Shape+Color+Clarity+TypeName+Report,2.00-2.99,EMERALD,E,VVS1,CVD,IGI,,,,2,39088.05256,229.9297
C,carat_bucket+Shape+Color+Clarity+TypeName+Report,2.00-2.99,EMERALD,E,VVS2,CVD,IGI,,,,58,19340.57971,113.7681
C,carat_bucket+Shape+Color+Clarity+TypeName+Report,2.00-2.99,EMERALD,F,VS1,CVD,IGI,,,,5,18825.742574,110.7397
C,carat_bucket+Shape+Color+Clarity+TypeName+Report,2.00-2.99,EMERALD,F,VS2,CVD,IGI,,,,2,21645.880996,127.3287
C,carat_bucket+Shape+Color+Clarity+TypeName+Report,2.00-2.99,EMERALD,F,VVS2,CVD,IGI,,,,33,18750.0,110.2941
C,carat_bucket+Shape+Color+Clarity+TypeName+Report,2.00-2.99,EMERALD,G,VS1,CVD,IGI,,,,1,23204.651163,136.4979
C,carat_bucket+Shape+Color+Clarity+TypeName+Report,2.00-2.99,HEART,D,SI1,CVD,IGI,,,,2,24169.090279,142.1711
C,carat_bucket+Shape+Color+Clarity+TypeName+Report,2.00-2.99,HEART,D,VS1,CVD,IGI,,,,33,21024.285714,123.6723
C,carat_bucket+Shape+Color+Clarity+TypeName+Report,2.00-2.99,HEART,D,VS2,CVD,IGI,,,,4,23760.932836,139.7702
C,carat_bucket+Shape+Color+Clarity+TypeName+Report,2.00-2.99,HEART,D,VVS1,CVD,IGI,,,,6,42722.563161,251.3092
C,carat_bucket+Shape+Color+Clarity+TypeName+Report,2.00-2.99,HEART,D,VVS1,HPHT,IGI,,,,4,42683.823529,251.0813
C,carat_bucket+Shape+Color+Clarity+TypeName+Report,2.00-2.99,HEART,D,VVS2,CVD,IGI,,,,56,25141.139713,147.8891
C,carat_bucket+Shape+Color+Clarity+TypeName+Report,2.00-2.99,HEART,D,VVS2,HPHT,IGI,,,,3,25014.705882,147.1453
C,carat_bucket+Shape+Color+Clarity+TypeName+Report,2.00-2.99,HEART,E,SI1,CVD,IGI,,,,1,29388.349515,172.8726
C,carat_bucket+Shape+Color+Clarity+TypeName+Report,2.00-2.99,HEART,E,VS1,CVD,IGI,,,,20,19392.022631,114.0707
C,carat_bucket+Shape+Color+Clarity+TypeName+Report,2.00-2.99,HEART,E,VS2,CVD,IGI,,,,2,19164.691604,112.7335
C,carat_bucket+Shape+Color+Clarity+TypeName+Report,2.00-2.99,HEART,E,VVS1,CVD,IGI,,,,1,45251.231527,266.1837
C,carat_bucket+Shape+Color+Clarity+TypeName+Report,2.00-2.99,HEART,E,VVS2,CVD,IGI,,,,11,21054.285714,123.8487
C,carat_bucket+Shape+Color+Clarity+TypeName+Report,2.00-2.99,HEART,F,VS1,CVD,IGI,,,,1,33480.582524,196.9446
C,carat_bucket+Shape+Color+Clarity+TypeName+Report,2.00-2.99,HEART,F,VVS2,CVD,IGI,,,,2,37111.337365,218.302
C,carat_bucket+Shape+Color+Clarity+TypeName+Report,2.00-2.99,HEART,G,VS1,CVD,IGI,,,,1,26288.135593,154.6361
C,carat_bucket+Shape+Color+Clarity+TypeName+Report,2.00-2.99,MARQUISE,D,VS1,CVD,IGI,,,,13,33472.906404,196.8994
C,carat_bucket+Shape+Color+Clarity+TypeName+Report,2.00-2.99,MARQUISE,D,VVS2,CVD,IGI,,,,37,35370.44335,208.0614
C,carat_bucket+Shape+Color+Clarity+TypeName+Report,2.00-2.99,MARQUISE,D,VVS2,HPHT,IGI,,,,2,35811.69403,210.657
C,carat_bucket+Shape+Color+Clarity+TypeName+Report,2.00-2.99,MARQUISE,E,VS1,CVD,IGI,,,,35,20815.841584,122.4461
C,carat_bucket+Shape+Color+Clarity+TypeName+Report,2.00-2.99,MARQUISE,E,VVS2,CVD,IGI,,,,38,21223.880597,124.8464
C,carat_bucket+Shape+Color+Clarity+TypeName+Report,2.00-2.99,OVAL,D,VS1,CVD,IGI,,,,184,22253.731343,130.9043
C,carat_bucket+Shape+Color+Clarity+TypeName+Report,2.00-2.99,OVAL,D,VS1,HPHT,IGI,,,,3,22099.009901,129.9942
C,carat_bucket+Shape+Color+Clarity+TypeName+Report,2.00-2.99,OVAL,D,VS2,CVD,IGI,,,,29,20771.428571,122.1849
C,carat_bucket+Shape+Color+Clarity+TypeName+Report,2.00-2.99,OVAL,D,VS2,HPHT,IGI,,,,4,21057.971014,123.8704
C,carat_bucket+Shape+Color+Clarity+TypeName+Report,2.00-2.99,OVAL,D,VVS1,CVD,IGI,,,,9,37075.609756,218.0918
C,carat_bucket+Shape+Color+Clarity+TypeName+Report,2.00-2.99,OVAL,D,VVS1,HPHT,IGI,,,,34,37813.432836,222.432
C,carat_bucket+Shape+Color+Clarity+TypeName+Report,2.00-2.99,OVAL,D,VVS2,CVD,IGI,,,,131,22641.791045,133.187
C,carat_bucket+Shape+Color+Clarity+TypeName+Report,2.00-2.99,OVAL,D,VVS2,HPHT,IGI,,,,23,23272.277228,136.8957
C,carat_bucket+Shape+Color+Clarity+TypeName+Report,2.00-2.99,OVAL,E,VS1,CVD,IGI,,,,192,20208.955224,118.8762
C,carat_bucket+Shape+Color+Clarity+TypeName+Report,2.00-2.99,OVAL,E,VS2,CVD,IGI,,,,12,19965.671642,117.4451
C,carat_bucket+Shape+Color+Clarity+TypeName+Report,2.00-2.99,OVAL,E,VVS1,CVD,IGI,,,,2,36839.120509,216.7007
C,carat_bucket+Shape+Color+Clarity+TypeName+Report,2.00-2.99,OVAL,E,VVS2,CVD,IGI,,,,182,21371.287129,125.7135
C,carat_bucket+Shape+Color+Clarity+TypeName+Report,2.00-2.99,OVAL,F,VS1,CVD,IGI,,,,18,19980.597015,117.5329
C,carat_bucket+Shape+Color+Clarity+TypeName+Report,2.00-2.99,OVAL,F,VS2,CVD,IGI,,,,3,19965.671642,117.4451
C,carat_bucket+Shape+Color+Clarity+TypeName+Report,2.00-2.99,OVAL,F,VVS1,CVD,IGI,,,,1,28788.17734,169.3422
C,carat_bucket+Shape+Color+Clarity+TypeName+Report,2.00-2.99,OVAL,F,VVS2,CVD,IGI,,,,16,21565.5,126.8559
C,carat_bucket+Shape+Color+Clarity+TypeName+Report,2.00-2.99,OVAL,F,VVS2,HPHT,IGI,,,,1,20937.378641,123.1611
C,carat_bucket+Shape+Color+Clarity+TypeName+Report,2.00-2.99,PEAR,D,VS1,CVD,IGI,,,,53,21946.601942,129.0977
C,carat_bucket+Shape+Color+Clarity+TypeName+Report,2.00-2.99,PEAR,D,VS1,HPHT,IGI,,,,1,25567.588933,150.3976
C,carat_bucket+Shape+Color+Clarity+TypeName+Report,2.00-2.99,PEAR,D,VS2,CVD,IGI,,,,1,19768.269231,116.2839
C,carat_bucket+Shape+Color+Clarity+TypeName+Report,2.00-2.99,PEAR,D,VS2,HPHT,IGI,,,,2,20520.0,120.7059
C,carat_bucket+Shape+Color+Clarity+TypeName+Report,2.00-2.99,PEAR,D,VVS1,CVD,IGI,,,,1,36358.851675,213.8756
C,carat_bucket+Shape+Color+Clarity+TypeName+Report,2.00-2.99,PEAR,D,VVS1,HPHT,IGI,,,,23,40761.19403,239.7717
C,carat_bucket+Shape+Color+Clarity+TypeName+Report,2.00-2.99,PEAR,D,VVS2,CVD,IGI,,,,24,25388.059701,149.3415
C,carat_bucket+Shape+Color+Clarity+TypeName+Report,2.00-2.99,PEAR,D,VVS2,HPHT,IGI,,,,2,25466.1014,149.8006
C,carat_bucket+Shape+Color+Clarity+TypeName+Report,2.00-2.99,PEAR,E,VS1,CVD,IGI,,,,61,20295.0,119.3824
C,carat_bucket+Shape+Color+Clarity+TypeName+Report,2.00-2.99,PEAR,E,VS2,CVD,IGI,,,,2,20118.408416,118.3436
C,carat_bucket+Shape+Color+Clarity+TypeName+Report,2.00-2.99,PEAR,E,VS2,HPHT,IGI,,,,1,19616.504854,115.3912
C,carat_bucket+Shape+Color+Clarity+TypeName+Report,2.00-2.99,PEAR,E,VVS1,CVD,IGI,,,,3,33771.84466,198.6579
C,carat_bucket+Shape+Color+Clarity+TypeName+Report,2.00-2.99,PEAR,E,VVS2,CVD,IGI,,,,35,20565.671642,120.9745
C,carat_bucket+Shape+Color+Clarity+TypeName+Report,2.00-2.99,PEAR,F,VS1,CVD,IGI,,,,8,19997.014925,117.6295
C,carat_bucket+Shape+Color+Clarity+TypeName+Report,2.00-2.99,PEAR,F,VS2,CVD,IGI,,,,5,19863.0,116.8412
C,carat_bucket+Shape+Color+Clarity+TypeName+Report,2.00-2.99,PEAR,F,VVS2,CVD,IGI,,,,19,20238.80597,119.0518
C,carat_bucket+Shape+Color+Clarity+TypeName+Report,2.00-2.99,PRINCESS,D,SI1,CVD,IGI,,,,1,26164.179104,153.9069
C,carat_bucket+Shape+Color+Clarity+TypeName+Report,2.00-2.99,PRINCESS,D,VS1,CVD,IGI,,,,29,21462.686567,126.2511
C,carat_bucket+Shape+Color+Clarity+TypeName+Report,2.00-2.99,PRINCESS,D,VVS1,CVD,IGI,,,,18,39273.506624,231.0206
C,carat_bucket+Shape+Color+Clarity+TypeName+Report,2.00-2.99,PRINCESS,D,VVS2,CVD,IGI,,,,56,22717.5,133.6324
C,carat_bucket+Shape+Color+Clarity+TypeName+Report,2.00-2.99,PRINCESS,E,VS1,CVD,IGI,,,,21,20995.522388,123.5031
C,carat_bucket+Shape+Color+Clarity+TypeName+Report,2.00-2.99,PRINCESS,E,VS2,CVD,IGI,,,,1,26644.268775,156.731
C,carat_bucket+Shape+Color+Clarity+TypeName+Report,2.00-2.99,PRINCESS,E,VVS1,CVD,IGI,,,,11,32970.44335,193.9438
C,carat_bucket+Shape+Color+Clarity+TypeName+Report,2.00-2.99,PRINCESS,E,VVS2,CVD,IGI,,,,31,31076.555024,182.8033
C,carat_bucket+Shape+Color+Clarity+TypeName+Report,2.00-2.99,PRINCESS,F,VS1,CVD,IGI,,,,3,24764.423077,145.6731
C,carat_bucket+Shape+Color+Clarity+TypeName+Report,2.00-2.99,PRINCESS,F,VVS1,CVD,IGI,,,,1,30465.0,179.2059
C,carat_bucket+Shape+Color+Clarity+TypeName+Report,2.00-2.99,PRINCESS,F,VVS2,CVD,IGI,,,,15,26128.078818,153.6946
C,carat_bucket+Shape+Color+Clarity+TypeName+Report,2.00-2.99,RADIANT,D,VS1,CVD,IGI,,,,17,23740.384615,139.6493
C,carat_bucket+Shape+Color+Clarity+TypeName+Report,2.00-2.99,RADIANT,D,VVS1,HPHT,IGI,,,,6,38364.504212,225.6736
C,carat_bucket+Shape+Color+Clarity+TypeName+Report,2.00-2.99,RADIANT,D,VVS2,CVD,IGI,,,,22,26569.500355,156.2912
C,carat_bucket+Shape+Color+Clarity+TypeName+Report,2.00-2.99,RADIANT,D,VVS2,HPHT,IGI,,,,1,27861.386139,163.8905
C,carat_bucket+Shape+Color+Clarity+TypeName+Report,2.00-2.99,RADIANT,E,VS1,CVD,IGI,,,,17,22363.636364,131.5508
C,carat_bucket+Shape+Color+Clarity+TypeName+Report,2.00-2.99,RADIANT,E,VVS2,CVD,IGI,,,,23,23330.097087,137.2359
C,carat_bucket+Shape+Color+Clarity+TypeName+Report,2.00-2.99,RADIANT,E,VVS2,HPHT,IGI,,,,3,23971.014493,141.006
C,carat_bucket+Shape+Color+Clarity+TypeName+Report,2.00-2.99,RADIANT,F,VVS2,CVD,IGI,,,,2,22627.871182,133.1051
C,carat_bucket+Shape+Color+Clarity+TypeName+Report,2.00-2.99,ROUND,D,SI1,CVD,IGI,,,,1,21178.082192,124.577
C,carat_bucket+Shape+Color+Clarity+TypeName+Report,2.00-2.99,ROUND,D,VS1,CVD,IGI,,,,413,21240.0,124.9412
C,carat_bucket+Shape+Color+Clarity+TypeName+Report,2.00-2.99,ROUND,D,VS1,HPHT,IGI,,,,10,32515.471423,191.2675
C,carat_bucket+Shape+Color+Clarity+TypeName+Report,2.00-2.99,ROUND,D,VS2,CVD,IGI,,,,6,22338.0,131.4
C,carat_bucket+Shape+Color+Clarity+TypeName+Report,2.00-2.99,ROUND,D,VS2,HPHT,IGI,,,,2,25292.537313,148.7796
C,carat_bucket+Shape+Color+Clarity+TypeName+Report,2.00-2.99,ROUND,D,VVS1,CVD,IGI,,,,10,38252.390223,225.0141
C,carat_bucket+Shape+Color+Clarity+TypeName+Report,2.00-2.99,ROUND,D,VVS1,HPHT,IGI,,,,105,42043.68932,247.3158
C,carat_bucket+Shape+Color+Clarity+TypeName+Report,2.00-2.99,ROUND,D,VVS2,-,IGI,,,,2,36180.665025,212.8274
C,carat_bucket+Shape+Color+Clarity+TypeName+Report,2.00-2.99,ROUND,D,VVS2,CVD,IGI,,,,389,23458.208955,137.9895
C,carat_bucket+Shape+Color+Clarity+TypeName+Report,2.00-2.99,ROUND,D,VVS2,HPHT,IGI,,,,79,34455.445545,202.6791
C,carat_bucket+Shape+Color+Clarity+TypeName+Report,2.00-2.99,ROUND,E,SI1,CVD,IGI,,,,2,22792.393142,134.0729
C,carat_bucket+Shape+Color+Clarity+TypeName+Report,2.00-2.99,ROUND,E,VS1,CVD,IGI,,,,497,19970.149254,117.4715
C,carat_bucket+Shape+Color+Clarity+TypeName+Report,2.00-2.99,ROUND,E,VS2,CVD,IGI,,,,19,20097.0,118.2176
C,carat_bucket+Shape+Color+Clarity+TypeName+Report,2.00-2.99,ROUND,E,VVS1,CVD,IGI,,,,9,30014.563107,176.5563
C,carat_bucket+Shape+Color+Clarity+TypeName+Report,2.00-2.99,ROUND,E,VVS2,CVD,IGI,,,,351,20580.597015,121.0623
C,carat_bucket+Shape+Color+Clarity+TypeName+Report,2.00-2.99,ROUND,E,VVS2,HPHT,IGI,,,,3,22881.176471,134.5952
C,carat_bucket+Shape+Color+Clarity+TypeName+Report,2.00-2.99,ROUND,F,VS1,CVD,IGI,,,,1,21697.368421,127.6316
C,carat_bucket+Shape+Color+Clarity+TypeName+Report,2.00-2.99,ROUND,F,VS2,CVD,IGI,,,,2,22636.452548,133.1556
C,carat_bucket+Shape+Color+Clarity+TypeName+Report,2.00-2.99,ROUND,F,VVS1,CVD,IGI,,,,1,25262.376238,148.6022
C,carat_bucket+Shape+Color+Clarity+TypeName+Report,2.00-2.99,ROUND,F,VVS2,CVD,IGI,,,,46,20716.41791,121.8613
C,carat_bucket+Shape+Color+Clarity+TypeName+Report,2.00-2.99,SQUARE,D,VS1,CVD,IGI,,,,6,31889.476832,187.5852
C,carat_bucket+Shape+Color+Clarity+TypeName+Report,2.00-2.99,SQUARE,D,VS2,CVD,IGI,,,,1,31238.80597,183.7577
C,carat_bucket+Shape+Color+Clarity+TypeName+Report,2.00-2.99,SQUARE,D,VVS2,CVD,IGI,,,,8,32918.409851,193.6377
C,carat_bucket+Shape+Color+Clarity+TypeName+Report,2.00-2.99,SQUARE,D,VVS2,HPHT,IGI,,,,1,25058.208955,147.4012
C,carat_bucket+Shape+Color+Clarity+TypeName+Report,2.00-2.99,SQUARE,E,VS1,CVD,IGI,,,,8,26286.980769,154.6293
C,carat_bucket+Shape+Color+Clarity+TypeName+Report,2.00-2.99,SQUARE,E,VS2,CVD,IGI,,,,1,26928.229665,158.4014
C,carat_bucket+Shape+Color+Clarity+TypeName+Report,2.00-2.99,SQUARE,E,VVS1,CVD,IGI,,,,3,41440.191388,243.7658
C,carat_bucket+Shape+Color+Clarity+TypeName+Report,2.00-2.99,SQUARE,E,VVS2,CVD,IGI,,,,17,28436.440678,167.2732
C,carat_bucket+Shape+Color+Clarity+TypeName+Report,2.00-2.99,SQUARE,F,VS1,CVD,IGI,,,,3,24585.365854,144.6198
C,carat_bucket+Shape+Color+Clarity+TypeName+Report,2.00-2.99,SQUARE,F,VS2,CVD,IGI,,,,1,23192.307692,136.4253
C,carat_bucket+Shape+Color+Clarity+TypeName+Report,2.00-2.99,SQUARE,F,VVS1,CVD,IGI,,,,1,28701.923077,168.8348
C,carat_bucket+Shape+Color+Clarity+TypeName+Report,2.00-2.99,SQUARE,F,VVS2,CVD,IGI,,,,1,27118.226601,159.519
C,carat_bucket+Shape+Color+Clarity+TypeName+Report,3.00-3.99,-,D,VS1,CVD,IGI,,,,12,58833.047782,346.0768
C,carat_bucket+Shape+Color+Clarity+TypeName+Report,3.00-3.99,-,D,VVS1,CVD,IGI,,,,8,74067.961165,435.6939
C,carat_bucket+Shape+Color+Clarity+TypeName+Report,3.00-3.99,-,D,VVS2,CVD,IGI,,,,36,68168.736603,400.9926
C,carat_bucket+Shape+Color+Clarity+TypeName+Report,3.00-3.99,-,E,VVS1,CVD,IGI,,,,4,59214.650091,348.3215
C,carat_bucket+Shape+Color+Clarity+TypeName+Report,3.00-3.99,-,E,VVS2,CVD,IGI,,,,9,60058.252427,353.2838
C,carat_bucket+Shape+Color+Clarity+TypeName+Report,3.00-3.99,-,F,VVS1,CVD,IGI,,,,1,39264.248705,230.9662
C,carat_bucket+Shape+Color+Clarity+TypeName+Report,3.00-3.99,-,F,VVS2,CVD,IGI,,,,1,43834.951456,257.8527
C,carat_bucket+Shape+Color+Clarity+TypeName+Report,3.00-3.99,ASSCHER,D,VS1,CVD,IGI,,,,6,26650.318162,156.7666
C,carat_bucket+Shape+Color+Clarity+TypeName+Report,3.00-3.99,ASSCHER,D,VVS2,CVD,IGI,,,,2,27520.0,161.8824
C,carat_bucket+Shape+Color+Clarity+TypeName+Report,3.00-3.99,ASSCHER,E,VVS2,CVD,IGI,,,,4,24802.024035,145.8943
C,carat_bucket+Shape+Color+Clarity+TypeName+Report,3.00-3.99,CUSHION,D,VS1,CVD,IGI,,,,7,23529.139073,138.4067
C,carat_bucket+Shape+Color+Clarity+TypeName+Report,3.00-3.99,CUSHION,D,VVS2,CVD,IGI,,,,11,26832.55814,157.8386
C,carat_bucket+Shape+Color+Clarity+TypeName+Report,3.00-3.99,CUSHION,D,VVS2,HPHT,IGI,,,,2,30597.058824,179.9827
C,carat_bucket+Shape+Color+Clarity+TypeName+Report,3.00-3.99,CUSHION,E,VS1,CVD,IGI,,,,17,22290.397351,131.12
C,carat_bucket+Shape+Color+Clarity+TypeName+Report,3.00-3.99,CUSHION,E,VS2,CVD,IGI,,,,1,26285.714286,154.6218
C,carat_bucket+Shape+Color+Clarity+TypeName+Report,3.00-3.99,CUSHION,E,VVS1,CVD,IGI,,,,1,38411.764706,225.9516
C,carat_bucket+Shape+Color+Clarity+TypeName+Report,3.00-3.99,CUSHION,E,VVS2,CVD,IGI,,,,9,23958.278146,140.931
C,carat_bucket+Shape+Color+Clarity+TypeName+Report,3.00-3.99,CUSHION,F,VVS2,CVD,IGI,,,,3,22724.252492,133.6721
C,carat_bucket+Shape+Color+Clarity+TypeName+Report,3.00-3.99,EMERALD,D,VS1,CVD,IGI,,,,33,21511.881188,126.5405
C,carat_bucket+Shape+Color+Clarity+TypeName+Report,3.00-3.99,EMERALD,D,VS2,CVD,IGI,,,,2,28655.739261,168.5632
C,carat_bucket+Shape+Color+Clarity+TypeName+Report,3.00-3.99,EMERALD,D,VVS1,CVD,IGI,,,,1,37524.271845,220.731
C,carat_bucket+Shape+Color+Clarity+TypeName+Report,3.00-3.99,EMERALD,D,VVS2,CVD,IGI,,,,36,28743.720688,169.0807
C,carat_bucket+Shape+Color+Clarity+TypeName+Report,3.00-3.99,EMERALD,E,VS1,CVD,IGI,,,,57,19254.901961,113.2641
C,carat_bucket+Shape+Color+Clarity+TypeName+Report,3.00-3.99,EMERALD,E,VS2,CVD,IGI,,,,6,19215.920268,113.0348
C,carat_bucket+Shape+Color+Clarity+TypeName+Report,3.00-3.99,EMERALD,E,VVS1,CVD,IGI,,,,2,33079.316888,194.5842
C,carat_bucket+Shape+Color+Clarity+TypeName+Report,3.00-3.99,EMERALD,E,VVS2,CVD,IGI,,,,59,20960.264901,123.2957
C,carat_bucket+Shape+Color+Clarity+TypeName+Report,3.00-3.99,EMERALD,F,VS1,CVD,IGI,,,,7,18800.0,110.5882
C,carat_bucket+Shape+Color+Clarity+TypeName+Report,3.00-3.99,EMERALD,F,VS2,CVD,IGI,,,,2,22076.318321,129.8607
C,carat_bucket+Shape+Color+Clarity+TypeName+Report,3.00-3.99,EMERALD,F,VVS1,CVD,IGI,,,,1,28825.242718,169.5603
C,carat_bucket+Shape+Color+Clarity+TypeName+Report,3.00-3.99,EMERALD,F,VVS2,CVD,IGI,,,,18,20616.972124,121.2763
C,carat_bucket+Shape+Color+Clarity+TypeName+Report,3.00-3.99,HEART,D,VS1,CVD,IGI,,,,29,18471.568627,108.6563
C,carat_bucket+Shape+Color+Clarity+TypeName+Report,3.00-3.99,HEART,D,VVS2,CVD,IGI,,,,47,22009.803922,129.4694
C,carat_bucket+Shape+Color+Clarity+TypeName+Report,3.00-3.99,HEART,E,VS1,CVD,IGI,,,,29,18389.508197,108.1736
C,carat_bucket+Shape+Color+Clarity+TypeName+Report,3.00-3.99,HEART,E,VS2,CVD,IGI,,,,1,38096.02649,224.0943
C,carat_bucket+Shape+Color+Clarity+TypeName+Report,3.00-3.99,HEART,E,VVS1,CVD,IGI,,,,1,53264.705882,313.3218
C,carat_bucket+Shape+Color+Clarity+TypeName+Report,3.00-3.99,HEART,E,VVS2,CVD,IGI,,,,24,18912.621359,111.2507
C,carat_bucket+Shape+Color+Clarity+TypeName+Report,3.00-3.99,HEART,F,VS1,CVD,IGI,,,,2,19894.50971,117.0265
C,carat_bucket+Shape+Color+Clarity+TypeName+Report,3.00-3.99,HEART,F,VVS1,CVD,IGI,,,,1,39971.698113,235.1276
C,carat_bucket+Shape+Color+Clarity+TypeName+Report,3.00-3.99,HEART,F,VVS2,CVD,IGI,,,,5,17920.792079,105.4164
C,carat_bucket+Shape+Color+Clarity+TypeName+Report,3.00-3.99,MARQUISE,D,VS1,CVD,IGI,,,,10,27978.919415,164.5819
C,carat_bucket+Shape+Color+Clarity+TypeName+Report,3.00-3.99,MARQUISE,E,VS1,CVD,IGI,,,,19,22389.108911,131.7006
C,carat_bucket+Shape+Color+Clarity+TypeName+Report,3.00-3.99,MARQUISE,E,VVS1,CVD,IGI,,,,1,47262.458472,278.0145
C,carat_bucket+Shape+Color+Clarity+TypeName+Report,3.00-3.99,MARQUISE,E,VVS2,CVD,IGI,,,,25,23681.063123,139.3004
C,carat_bucket+Shape+Color+Clarity+TypeName+Report,3.00-3.99,MARQUISE,E,VVS2,HPHT,IGI,,,,1,23631.229236,139.0072
C,carat_bucket+Shape+Color+Clarity+TypeName+Report,3.00-3.99,MARQUISE,F,VVS2,CVD,IGI,,,,3,32681.564246,192.2445
C,carat_bucket+Shape+Color+Clarity+TypeName+Report,3.00-3.99,OVAL,D,VS1,CVD,IGI,,,,50,26000.0,152.9412
C,carat_bucket+Shape+Color+Clarity+TypeName+Report,3.00-3.99,OVAL,D,VS2,CVD,IGI,,,,6,22923.58804,134.8446
C,carat_bucket+Shape+Color+Clarity+TypeName+Report,3.00-3.99,OVAL,D,VS2,HPHT,IGI,,,,1,20541.528239,120.8325
C,carat_bucket+Shape+Color+Clarity+TypeName+Report,3.00-3.99,OVAL,D,VVS1,CVD,IGI,,,,1,44850.498339,263.8265
C,carat_bucket+Shape+Color+Clarity+TypeName+Report,3.00-3.99,OVAL,D,VVS1,HPHT,IGI,,,,3,45049.50495,264.9971
C,carat_bucket+Shape+Color+Clarity+TypeName+Report,3.00-3.99,OVAL,D,VVS2,CVD,IGI,,,,37,27886.363636,164.0374
C,carat_bucket+Shape+Color+Clarity+TypeName+Report,3.00-3.99,OVAL,D,VVS2,HPHT,IGI,,,,2,30863.859649,181.5521
C,carat_bucket+Shape+Color+Clarity+TypeName+Report,3.00-3.99,OVAL,E,VS1,CVD,IGI,,,,128,21339.805825,125.5283
C,carat_bucket+Shape+Color+Clarity+TypeName+Report,3.00-3.99,OVAL,E,VS2,CVD,IGI,,,,5,20907.615894,122.986
C,carat_bucket+Shape+Color+Clarity+TypeName+Report,3.00-3.99,OVAL,E,VVS2,CVD,IGI,,,,136,21633.414775,127.2554
C,carat_bucket+Shape+Color+Clarity+TypeName+Report,3.00-3.99,OVAL,F,VS1,CVD,IGI,,,,20,19125.201607,112.5012
C,carat_bucket+Shape+Color+Clarity+TypeName+Report,3.00-3.99,OVAL,F,VS2,CVD,IGI,,,,1,19517.940199,114.8114
C,carat_bucket+Shape+Color+Clarity+TypeName+Report,3.00-3.99,OVAL,F,VVS1,CVD,IGI,,,,2,29445.484748,173.2087
C,carat_bucket+Shape+Color+Clarity+TypeName+Report,3.00-3.99,OVAL,F,VVS2,CVD,IGI,,,,60,19250.0,113.2353
C,carat_bucket+Shape+Color+Clarity+TypeName+Report,3.00-3.99,PEAR,D,VS1,CVD,IGI,,,,31,27467.532468,161.5737
C,carat_bucket+Shape+Color+Clarity+TypeName+Report,3.00-3.99,PEAR,D,VS2,CVD,IGI,,,,2,24569.604575,144.5271
C,carat_bucket+Shape+Color+Clarity+TypeName+Report,3.00-3.99,PEAR,D,VVS2,CVD,IGI,,,,10,36764.479787,216.2616
C,carat_bucket+Shape+Color+Clarity+TypeName+Report,3.00-3.99,PEAR,E,VS1,CVD,IGI,,,,41,19603.278689,115.3134
C,carat_bucket+Shape+Color+Clarity+TypeName+Report,3.00-3.99,PEAR,E,VS2,CVD,IGI,,,,5,19012.621359,111.8389
C,carat_bucket+Shape+Color+Clarity+TypeName+Report,3.00-3.99,PEAR,E,VVS2,CVD,IGI,,,,39,21580.0,126.9412
C,carat_bucket+Shape+Color+Clarity+TypeName+Report,3.00-3.99,PEAR,F,VS1,CVD,IGI,,,,19,18671.052632,109.8297
C,carat_bucket+Shape+Color+Clarity+TypeName+Report,3.00-3.99,PEAR,F,VS2,CVD,IGI,,,,1,19247.682119,113.2217
C,carat_bucket+Shape+Color+Clarity+TypeName+Report,3.00-3.99,PEAR,F,VVS1,CVD,IGI,,,,1,28470.198675,167.4718
C,carat_bucket+Shape+Color+Clarity+TypeName+Report,3.00-3.99,PEAR,F,VVS2,CVD,IGI,,,,27,20662.251656,121.5427
C,carat_bucket+Shape+Color+Clarity+TypeName+Report,3.00-3.99,PEAR,G,VVS1,HPHT,IGI,,,,1,16037.735849,94.3396
C,carat_bucket+Shape+Color+Clarity+TypeName+Report,3.00-3.99,PRINCESS,D,VS1,CVD,IGI,,,,15,28399.41691,167.0554
C,carat_bucket+Shape+Color+Clarity+TypeName+Report,3.00-3.99,PRINCESS,D,VS2,CVD,IGI,,,,1,29180.0,171.6471
C,carat_bucket+Shape+Color+Clarity+TypeName+Report,3.00-3.99,PRINCESS,D,VVS1,CVD,IGI,,,,2,37646.170172,221.4481
C,carat_bucket+Shape+Color+Clarity+TypeName+Report,3.00-3.99,PRINCESS,D,VVS2,CVD,IGI,,,,57,32970.873786,193.9463
C,carat_bucket+Shape+Color+Clarity+TypeName+Report,3.00-3.99,PRINCESS,E,VS1,CVD,IGI,,,,6,27191.314701,159.9489
C,carat_bucket+Shape+Color+Clarity+TypeName+Report,3.00-3.99,PRINCESS,E,VS2,CVD,IGI,,,,1,26423.84106,155.4344
C,carat_bucket+Shape+Color+Clarity+TypeName+Report,3.00-3.99,PRINCESS,E,VVS1,CVD,IGI,,,,7,32571.428571,191.5966
C,carat_bucket+Shape+Color+Clarity+TypeName+Report,3.00-3.99,PRINCESS,E,VVS2,CVD,IGI,,,,24,29921.568627,176.0092
C,carat_bucket+Shape+Color+Clarity+TypeName+Report,3.00-3.99,PRINCESS,F,VS1,CVD,IGI,,,,1,26292.134831,154.6596
C,carat_bucket+Shape+Color+Clarity+TypeName+Report,3.00-3.99,PRINCESS,F,VVS2,CVD,IGI,,,,7,27214.285714,160.084
C,carat_bucket+Shape+Color+Clarity+TypeName+Report,3.00-3.99,PRINCESS,G,VS1,CVD,IGI,,,,1,26292.358804,154.6609
C,carat_bucket+Shape+Color+Clarity+TypeName+Report,3.00-3.99,RADIANT,D,VS1,CVD,IGI,,,,37,22261.79402,130.9517
C,carat_bucket+Shape+Color+Clarity+TypeName+Report,3.00-3.99,RADIANT,D,VVS2,CVD,IGI,,,,25,25415.841584,149.505
C,carat_bucket+Shape+Color+Clarity+TypeName+Report,3.00-3.99,RADIANT,E,VS1,CVD,IGI,,,,26,20544.554455,120.8503
C,carat_bucket+Shape+Color+Clarity+TypeName+Report,3.00-3.99,RADIANT,E,VVS2,CVD,IGI,,,,35,21358.609272,125.6389
C,carat_bucket+Shape+Color+Clarity+TypeName+Report,3.00-3.99,RADIANT,F,VVS2,CVD,IGI,,,,6,20065.14658,118.0303
C,carat_bucket+Shape+Color+Clarity+TypeName+Report,3.00-3.99,ROUND,D,SI1,CVD,IGI,,,,1,23754.901961,139.7347
C,carat_bucket+Shape+Color+Clarity+TypeName+Report,3.00-3.99,ROUND,D,VS1,CVD,IGI,,,,31,26139.0,153.7588
C,carat_bucket+Shape+Color+Clarity+TypeName+Report,3.00-3.99,ROUND,D,VS1,HPHT,IGI,,,,1,25965.89404,152.7406
C,carat_bucket+Shape+Color+Clarity+TypeName+Report,3.00-3.99,ROUND,D,VS2,CVD,IGI,,,,5,24464.705882,143.91
C,carat_bucket+Shape+Color+Clarity+TypeName+Report,3.00-3.99,ROUND,D,VS2,HPHT,IGI,,,,3,24301.948052,142.9526
C,carat_bucket+Shape+Color+Clarity+TypeName+Report,3.00-3.99,ROUND,D,VVS1,HPHT,IGI,,,,26,55953.947368,329.1409
C,carat_bucket+Shape+Color+Clarity+TypeName+Report,3.00-3.99,ROUND,D,VVS2,CVD,IGI,,,,113,30902.941176,181.782
C,carat_bucket+Shape+Color+Clarity+TypeName+Report,3.00-3.99,ROUND,D,VVS2,HPHT,IGI,,,,33,31312.251656,184.1897
C,carat_bucket+Shape+Color+Clarity+TypeName+Report,3.00-3.99,ROUND,E,VS1,CVD,IGI,,,,182,18498.33887,108.8138
C,carat_bucket+Shape+Color+Clarity+TypeName+Report,3.00-3.99,ROUND,E,VS2,CVD,IGI,,,,5,19108.0,112.4
C,carat_bucket+Shape+Color+Clarity+TypeName+Report,3.00-3.99,ROUND,E,VVS1,CVD,IGI,,,,15,36146.103896,212.6241
C,carat_bucket+Shape+Color+Clarity+TypeName+Report,3.00-3.99,ROUND,E,VVS2,CVD,IGI,,,,491,18588.039867,109.3414
C,carat_bucket+Shape+Color+Clarity+TypeName+Report,3.00-3.99,ROUND,E,VVS2,HPHT,IGI,,,,23,20715.686275,121.857
C,carat_bucket+Shape+Color+Clarity+TypeName+Report,3.00-3.99,ROUND,F,VS1,CVD,IGI,,,,41,19622.641509,115.4273
C,carat_bucket+Shape+Color+Clarity+TypeName+Report,3.00-3.99,ROUND,F,VS2,CVD,IGI,,,,8,19043.046358,112.0179
C,carat_bucket+Shape+Color+Clarity+TypeName+Report,3.00-3.99,ROUND,F,VVS2,CVD,IGI,,,,29,20454.545455,120.3209
C,carat_bucket+Shape+Color+Clarity+TypeName+Report,3.00-3.99,ROUND,F,VVS2,HPHT,IGI,,,,1,19067.647059,112.1626
C,carat_bucket+Shape+Color+Clarity+TypeName+Report,3.00-3.99,SQUARE,D,VS1,CVD,IGI,,,,13,30019.417476,176.5848
C,carat_bucket+Shape+Color+Clarity+TypeName+Report,3.00-3.99,SQUARE,D,VS2,CVD,IGI,,,,4,27916.761543,164.2162
C,carat_bucket+Shape+Color+Clarity+TypeName+Report,3.00-3.99,SQUARE,D,VVS1,CVD,IGI,,,,9,37221.498371,218.95
C,carat_bucket+Shape+Color+Clarity+TypeName+Report,3.00-3.99,SQUARE,D,VVS2,CVD,IGI,,,,26,33741.386328,198.4787
C,carat_bucket+Shape+Color+Clarity+TypeName+Report,3.00-3.99,SQUARE,E,VS1,CVD,IGI,,,,13,26578.378378,156.3434
C,carat_bucket+Shape+Color+Clarity+TypeName+Report,3.00-3.99,SQUARE,E,VVS1,CVD,IGI,,,,9,34066.666667,200.3922
C,carat_bucket+Shape+Color+Clarity+TypeName+Report,3.00-3.99,SQUARE,E,VVS2,CVD,IGI,,,,30,34029.126214,200.1713
C,carat_bucket+Shape+Color+Clarity+TypeName+Report,3.00-3.99,SQUARE,F,VS1,CVD,IGI,,,,5,26297.297297,154.69
C,carat_bucket+Shape+Color+Clarity+TypeName+Report,3.00-3.99,SQUARE,F,VS2,CVD,IGI,,,,1,24825.242718,146.0308
C,carat_bucket+Shape+Color+Clarity+TypeName+Report,3.00-3.99,SQUARE,F,VVS2,CVD,IGI,,,,2,27450.518822,161.4736
C,carat_bucket+Shape+Color+Clarity+TypeName+Report,4.00-4.99,ASSCHER,E,VVS2,CVD,IGI,,,,1,31739.856802,186.705
C,carat_bucket+Shape+Color+Clarity+TypeName+Report,4.00-4.99,CUSHION,D,VS1,CVD,IGI,,,,1,33073.170732,194.5481
C,carat_bucket+Shape+Color+Clarity+TypeName+Report,4.00-4.99,CUSHION,D,VVS2,CVD,IGI,,,,2,40418.037994,237.7532
C,carat_bucket+Shape+Color+Clarity+TypeName+Report,4.00-4.99,CUSHION,E,VS1,CVD,IGI,,,,2,31131.082542,183.124
C,carat_bucket+Shape+Color+Clarity+TypeName+Report,4.00-4.99,CUSHION,E,VVS2,CVD,IGI,,,,1,31280.487805,184.0029
C,carat_bucket+Shape+Color+Clarity+TypeName+Report,4.00-4.99,CUSHION,F,VVS2,CVD,IGI,,,,1,30774.193548,181.0247
C,carat_bucket+Shape+Color+Clarity+TypeName+Report,4.00-4.99,CUSHION,G,VS1,CVD,IGI,,,,1,26292.383292,154.6611
C,carat_bucket+Shape+Color+Clarity+TypeName+Report,4.00-4.99,EMERALD,D,VS1,CVD,IGI,,,,3,26299.7543,154.7044
C,carat_bucket+Shape+Color+Clarity+TypeName+Report,4.00-4.99,EMERALD,D,VVS2,CVD,IGI,,,,1,31254.950495,183.8526
C,carat_bucket+Shape+Color+Clarity+TypeName+Report,4.00-4.99,EMERALD,D,VVS2,HPHT,IGI,,,,1,31199.259259,183.5251
C,carat_bucket+Shape+Color+Clarity+TypeName+Report,4.00-4.99,EMERALD,E,VS1,CVD,IGI,,,,10,22075.609756,129.8565
C,carat_bucket+Shape+Color+Clarity+TypeName+Report,4.00-4.99,EMERALD,E,VVS2,CVD,IGI,,,,6,25647.678275,150.8687
C,carat_bucket+Shape+Color+Clarity+TypeName+Report,4.00-4.99,EMERALD,E,VVS2,HPHT,IGI,,,,1,26162.094763,153.8947
C,carat_bucket+Shape+Color+Clarity+TypeName+Report,4.00-4.99,EMERALD,F,VS1,CVD,IGI,,,,2,20689.655172,121.7039
C,carat_bucket+Shape+Color+Clarity+TypeName+Report,4.00-4.99,HEART,D,VS1,CVD,IGI,,,,1,32738.498789,192.5794
C,carat_bucket+Shape+Color+Clarity+TypeName+Report,4.00-4.99,HEART,D,VVS2,CVD,IGI,,,,4,40423.11944,237.7831
C,carat_bucket+Shape+Color+Clarity+TypeName+Report,4.00-4.99,HEART,E,VS1,CVD,IGI,,,,6,28132.576571,165.4857
C,carat_bucket+Shape+Color+Clarity+TypeName+Report,4.00-4.99,HEART,E,VVS2,CVD,IGI,,,,1,30916.507177,181.8618
C,carat_bucket+Shape+Color+Clarity+TypeName+Report,4.00-4.99,MARQUISE,D,VS1,CVD,IGI,,,,4,31303.864522,184.1404
C,carat_bucket+Shape+Color+Clarity+TypeName+Report,4.00-4.99,MARQUISE,D,VVS2,CVD,IGI,,,,3,47782.5,281.0735
C,carat_bucket+Shape+Color+Clarity+TypeName+Report,4.00-4.99,MARQUISE,E,VS1,CVD,IGI,,,,16,26406.025825,155.3296
C,carat_bucket+Shape+Color+Clarity+TypeName+Report,4.00-4.99,MARQUISE,E,VVS2,CVD,IGI,,,,9,32532.089552,191.3652
C,carat_bucket+Shape+Color+Clarity+TypeName+Report,4.00-4.99,MARQUISE,F,VS1,CVD,IGI,,,,4,21560.665857,126.8274
C,carat_bucket+Shape+Color+Clarity+TypeName+Report,4.00-4.99,MARQUISE,F,VVS2,CVD,IGI,,,,2,29777.408331,175.1612
C,carat_bucket+Shape+Color+Clarity+TypeName+Report,4.00-4.99,OVAL,D,VS1,CVD,IGI,,,,12,26264.373464,154.4963
C,carat_bucket+Shape+Color+Clarity+TypeName+Report,4.00-4.99,OVAL,D,VVS2,CVD,IGI,,,,11,32067.487685,188.6323
C,carat_bucket+Shape+Color+Clarity+TypeName+Report,4.00-4.99,OVAL,D,VVS2,HPHT,IGI,,,,1,32183.168317,189.3128
C,carat_bucket+Shape+Color+Clarity+TypeName+Report,4.00-4.99,OVAL,E,VS1,CVD,IGI,,,,31,21755.501222,127.9735
C,carat_bucket+Shape+Color+Clarity+TypeName+Report,4.00-4.99,OVAL,E,VS1,HPHT,IGI,,,,2,21886.699507,128.7453
C,carat_bucket+Shape+Color+Clarity+TypeName+Report,4.00-4.99,OVAL,E,VS2,CVD,IGI,,,,1,21923.134328,128.9596
C,carat_bucket+Shape+Color+Clarity+TypeName+Report,4.00-4.99,OVAL,E,VVS2,CVD,IGI,,,,55,23566.084788,138.624
C,carat_bucket+Shape+Color+Clarity+TypeName+Report,4.00-4.99,OVAL,F,VS1,CVD,IGI,,,,3,22032.75,129.6044
C,carat_bucket+Shape+Color+Clarity+TypeName+Report,4.00-4.99,OVAL,F,VS2,CVD,IGI,,,,1,21977.805486,129.2812
C,carat_bucket+Shape+Color+Clarity+TypeName+Report,4.00-4.99,OVAL,F,VVS2,CVD,IGI,,,,1,20740.740741,122.0044
C,carat_bucket+Shape+Color+Clarity+TypeName+Report,4.00-4.99,PEAR,D,VS1,CVD,IGI,,,,5,28555.555556,167.9739
C,carat_bucket+Shape+Color+Clarity+TypeName+Report,4.00-4.99,PEAR,D,VVS2,CVD,IGI,,,,2,37146.598684,218.5094
C,carat_bucket+Shape+Color+Clarity+TypeName+Report,4.00-4.99,PEAR,E,VS1,CVD,IGI,,,,16,24845.149254,146.1479
C,carat_bucket+Shape+Color+Clarity+TypeName+Report,4.00-4.99,PEAR,E,VS2,CVD,IGI,,,,2,24352.607904,143.2506
C,carat_bucket+Shape+Color+Clarity+TypeName+Report,4.00-4.99,PEAR,E,VVS2,CVD,IGI,,,,9,26977.61194,158.6918
C,carat_bucket+Shape+Color+Clarity+TypeName+Report,4.00-4.99,PEAR,F,VS1,CVD,IGI,,,,3,22600.232019,132.9425
C,carat_bucket+Shape+Color+Clarity+TypeName+Report,4.00-4.99,PRINCESS,D,VS1,CVD,IGI,,,,2,36163.432836,212.7261
C,carat_bucket+Shape+Color+Clarity+TypeName+Report,4.00-4.99,PRINCESS,D,VVS1,CVD,IGI,,,,1,41896.551724,246.4503
C,carat_bucket+Shape+Color+Clarity+TypeName+Report,4.00-4.99,PRINCESS,D,VVS2,CVD,IGI,,,,2,31312.415742,184.1907
C,carat_bucket+Shape+Color+Clarity+TypeName+Report,4.00-4.99,PRINCESS,E,VS1,CVD,IGI,,,,1,23117.22488,135.9837
C,carat_bucket+Shape+Color+Clarity+TypeName+Report,4.00-4.99,PRINCESS,E,VVS2,CVD,IGI,,,,1,26693.266833,157.0192
C,carat_bucket+Shape+Color+Clarity+TypeName+Report,4.00-4.99,PRINCESS,F,VS1,CVD,IGI,,,,2,31252.31718,183.8372
C,carat_bucket+Shape+Color+Clarity+TypeName+Report,4.00-4.99,RADIANT,D,VS1,CVD,IGI,,,,6,27602.189781,162.3658
C,carat_bucket+Shape+Color+Clarity+TypeName+Report,4.00-4.99,RADIANT,D,VVS2,CVD,IGI,,,,7,39717.456359,233.6321
C,carat_bucket+Shape+Color+Clarity+TypeName+Report,4.00-4.99,RADIANT,E,VS1,CVD,IGI,,,,7,25281.553398,148.715
C,carat_bucket+Shape+Color+Clarity+TypeName+Report,4.00-4.99,RADIANT,E,VVS2,CVD,IGI,,,,7,28488.148148,167.5773
C,carat_bucket+Shape+Color+Clarity+TypeName+Report,4.00-4.99,RADIANT,F,VS1,CVD,IGI,,,,2,24421.641791,143.6567
C,carat_bucket+Shape+Color+Clarity+TypeName+Report,4.00-4.99,RADIANT,F,VVS2,CVD,IGI,,,,2,25248.143519,148.5185
C,carat_bucket+Shape+Color+Clarity+TypeName+Report,4.00-4.99,ROUND,D,VS1,CVD,IGI,,,,2,36411.18202,214.1834
C,carat_bucket+Shape+Color+Clarity+TypeName+Report,4.00-4.99,ROUND,D,VS1,HPHT,IGI,,,,1,31755.0,186.7941
C,carat_bucket+Shape+Color+Clarity+TypeName+Report,4.00-4.99,ROUND,D,VVS2,CVD,IGI,,,,4,50339.729132,296.1161
C,carat_bucket+Shape+Color+Clarity+TypeName+Report,4.00-4.99,ROUND,E,VS1,CVD,IGI,,,,51,21433.915212,126.0819
C,carat_bucket+Shape+Color+Clarity+TypeName+Report,4.00-4.99,ROUND,E,VS2,CVD,IGI,,,,1,21923.134328,128.9596
C,carat_bucket+Shape+Color+Clarity+TypeName+Report,4.00-4.99,ROUND,E,VVS2,CVD,IGI,,,,45,23380.597015,137.5329
C,carat_bucket+Shape+Color+Clarity+TypeName+Report,4.00-4.99,ROUND,E,VVS2,HPHT,IGI,,,,18,23364.890014,137.4405
C,carat_bucket+Shape+Color+Clarity+TypeName+Report,4.00-4.99,ROUND,F,VS1,CVD,IGI,,,,13,20573.566085,121.021
C,carat_bucket+Shape+Color+Clarity+TypeName+Report,4.00-4.99,ROUND,F,VS2,CVD,IGI,,,,1,18151.572327,106.774
C,carat_bucket+Shape+Color+Clarity+TypeName+Report,4.00-4.99,ROUND,F,VVS2,CVD,IGI,,,,11,22014.925373,129.4996
C,carat_bucket+Shape+Color+Clarity+TypeName+Report,4.00-4.99,SQUARE,D,VS1,CVD,IGI,,,,4,33435.091278,196.677
C,carat_bucket+Shape+Color+Clarity+TypeName+Report,4.00-4.99,SQUARE,D,VS2,CVD,IGI,,,,1,30314.214464,178.3189
C,carat_bucket+Shape+Color+Clarity+TypeName+Report,4.00-4.99,SQUARE,D,VVS1,CVD,IGI,,,,1,39114.558473,230.0856
C,carat_bucket+Shape+Color+Clarity+TypeName+Report,4.00-4.99,SQUARE,D,VVS2,CVD,IGI,,,,3,31496.932515,185.2761
C,carat_bucket+Shape+Color+Clarity+TypeName+Report,4.00-4.99,SQUARE,E,VS1,CVD,IGI,,,,1,30249.388753,177.9376
C,carat_bucket+Shape+Color+Clarity+TypeName+Report,4.00-4.99,SQUARE,E,VVS2,CVD,IGI,,,,3,35039.408867,206.1142
C,carat_bucket+Shape+Color+Clarity+TypeName+Report,4.00-4.99,SQUARE,F,VVS2,CVD,IGI,,,,1,30592.105263,179.9536
C,carat_bucket+Shape+Color+Clarity+TypeName+Report,5.00-9.99,-,D,VVS1,CVD,IGI,,,,1,79773.809524,469.2577
C,carat_bucket+Shape+Color+Clarity+TypeName+Report,5.00-9.99,-,D,VVS2,CVD,IGI,,,,1,65423.076923,384.8416
C,carat_bucket+Shape+Color+Clarity+TypeName+Report,5.00-9.99,-,E,VVS1,CVD,IGI,,,,1,60760.314342,357.4136
C,carat_bucket+Shape+Color+Clarity+TypeName+Report,5.00-9.99,-,E,VVS2,CVD,IGI,,,,1,52177.91411,306.9289
C,carat_bucket+Shape+Color+Clarity+TypeName+Report,5.00-9.99,ASHOKA,E,VVS2,CVD,IGI,,,,2,57167.84455,336.2814
C,carat_bucket+Shape+Color+Clarity+TypeName+Report,5.00-9.99,ASSCHER,E,VS1,CVD,IGI,,,,5,27984.095427,164.6123
C,carat_bucket+Shape+Color+Clarity+TypeName+Report,5.00-9.99,ASSCHER,E,VVS2,CVD,IGI,,,,3,29388.118812,172.8713
C,carat_bucket+Shape+Color+Clarity+TypeName+Report,5.00-9.99,CUSHION,D,VS1,CVD,IGI,,,,4,33544.570656,197.321
C,carat_bucket+Shape+Color+Clarity+TypeName+Report,5.00-9.99,CUSHION,D,VVS1,CVD,IGI,,,,9,56264.084507,330.9652
C,carat_bucket+Shape+Color+Clarity+TypeName+Report,5.00-9.99,CUSHION,D,VVS2,CVD,IGI,,,,6,37751.993966,222.0706
C,carat_bucket+Shape+Color+Clarity+TypeName+Report,5.00-9.99,CUSHION,E,VS1,CVD,IGI,,,,11,30926.764314,181.9221
C,carat_bucket+Shape+Color+Clarity+TypeName+Report,5.00-9.99,CUSHION,E,VS2,CVD,IGI,,,,1,26294.455067,154.6733
C,carat_bucket+Shape+Color+Clarity+TypeName+Report,5.00-9.99,CUSHION,E,VVS1,CVD,IGI,,,,6,46236.00798,271.9765
C,carat_bucket+Shape+Color+Clarity+TypeName+Report,5.00-9.99,CUSHION,E,VVS2,CVD,IGI,,,,21,28813.664596,169.4921
C,carat_bucket+Shape+Color+Clarity+TypeName+Report,5.00-9.99,CUSHION,F,VS1,CVD,IGI,,,,9,30927.339901,181.9255
C,carat_bucket+Shape+Color+Clarity+TypeName+Report,5.00-9.99,CUSHION,F,VS2,CVD,IGI,,,,1,30929.36803,181.9375
C,carat_bucket+Shape+Color+Clarity+TypeName+Report,5.00-9.99,CUSHION,F,VVS1,CVD,IGI,,,,6,33858.219217,199.166
C,carat_bucket+Shape+Color+Clarity+TypeName+Report,5.00-9.99,CUSHION,F,VVS2,CVD,IGI,,,,2,29127.134653,171.3361
C,carat_bucket+Shape+Color+Clarity+TypeName+Report,5.00-9.99,CUSHION,G,VS1,CVD,IGI,,,,3,30926.199262,181.9188
C,carat_bucket+Shape+Color+Clarity+TypeName+Report,5.00-9.99,CUSHION,G,VS2,CVD,IGI,,,,1,30927.070457,181.9239
C,carat_bucket+Shape+Color+Clarity+TypeName+Report,5.00-9.99,EMERALD,D,VS1,CVD,IGI,,,,13,32101.796407,188.8341
C,carat_bucket+Shape+Color+Clarity+TypeName+Report,5.00-9.99,EMERALD,D,VS2,CVD,IGI,,,,2,26949.901768,158.5288
C,carat_bucket+Shape+Color+Clarity+TypeName+Report,5.00-9.99,EMERALD,D,VVS2,CVD,IGI,,,,7,32980.413493,194.0024
C,carat_bucket+Shape+Color+Clarity+TypeName+Report,5.00-9.99,EMERALD,E,VS1,CVD,IGI,,,,39,24600.0,144.7059
C,carat_bucket+Shape+Color+Clarity+TypeName+Report,5.00-9.99,EMERALD,E,VS2,CVD,IGI,,,,1,26891.304348,158.1841
C,carat_bucket+Shape+Color+Clarity+TypeName+Report,5.00-9.99,EMERALD,E,VVS2,CVD,IGI,,,,59,25982.905983,152.8406
C,carat_bucket+Shape+Color+Clarity+TypeName+Report,5.00-9.99,EMERALD,F,VS1,CVD,IGI,,,,20,22074.089027,129.8476
C,carat_bucket+Shape+Color+Clarity+TypeName+Report,5.00-9.99,EMERALD,F,VS2,CVD,IGI,,,,1,24694.610778,145.2624
C,carat_bucket+Shape+Color+Clarity+TypeName+Report,5.00-9.99,EMERALD,F,VVS1,CVD,IGI,,,,1,32359.030837,190.3472
C,carat_bucket+Shape+Color+Clarity+TypeName+Report,5.00-9.99,EMERALD,F,VVS2,CVD,IGI,,,,33,25573.770492,150.4339
C,carat_bucket+Shape+Color+Clarity+TypeName+Report,5.00-9.99,EMERALD,G,VS1,CVD,IGI,,,,2,20423.577397,120.1387
C,carat_bucket+Shape+Color+Clarity+TypeName+Report,5.00-9.99,HEART,D,VS1,CVD,IGI,,,,11,35570.318725,209.2372
C,carat_bucket+Shape+Color+Clarity+TypeName+Report,5.00-9.99,HEART,D,VVS1,CVD,IGI,,,,3,69364.0553,408.0239
C,carat_bucket+Shape+Color+Clarity+TypeName+Report,5.00-9.99,HEART,D,VVS2,CVD,IGI,,,,14,46789.991567,275.2352
C,carat_bucket+Shape+Color+Clarity+TypeName+Report,5.00-9.99,HEART,D,VVS2,HPHT,IGI,,,,1,41701.789264,245.3046
C,carat_bucket+Shape+Color+Clarity+TypeName+Report,5.00-9.99,HEART,E,VS1,CVD,IGI,,,,13,33171.287129,195.1252
C,carat_bucket+Shape+Color+Clarity+TypeName+Report,5.00-9.99,HEART,E,VVS2,CVD,IGI,,,,5,29910.358566,175.9433
C,carat_bucket+Shape+Color+Clarity+TypeName+Report,5.00-9.99,HEART,E,VVS2,HPHT,IGI,,,,2,29697.358431,174.6903
C,carat_bucket+Shape+Color+Clarity+TypeName+Report,5.00-9.99,MARQUISE,D,VS1,CVD,IGI,,,,13,28803.986711,169.4352
C,carat_bucket+Shape+Color+Clarity+TypeName+Report,5.00-9.99,MARQUISE,D,VVS2,CVD,IGI,,,,3,58403.940887,343.5526
C,carat_bucket+Shape+Color+Clarity+TypeName+Report,5.00-9.99,MARQUISE,E,VS1,CVD,IGI,,,,47,25414.772727,149.4987
C,carat_bucket+Shape+Color+Clarity+TypeName+Report,5.00-9.99,MARQUISE,E,VS1,HPHT,IGI,,,,1,23834.862385,140.2051
C,carat_bucket+Shape+Color+Clarity+TypeName+Report,5.00-9.99,MARQUISE,E,VVS1,CVD,IGI,,,,1,56511.627907,332.4213
C,carat_bucket+Shape+Color+Clarity+TypeName+Report,5.00-9.99,MARQUISE,E,VVS2,CVD,IGI,,,,52,27577.013752,162.2177
C,carat_bucket+Shape+Color+Clarity+TypeName+Report,5.00-9.99,MARQUISE,F,VS1,CVD,IGI,,,,23,23504.273504,138.2604
C,carat_bucket+Shape+Color+Clarity+TypeName+Report,5.00-9.99,MARQUISE,F,VVS1,CVD,IGI,,,,1,50111.292962,294.7723
C,carat_bucket+Shape+Color+Clarity+TypeName+Report,5.00-9.99,MARQUISE,F,VVS2,CVD,IGI,,,,22,25622.788781,150.7223
C,carat_bucket+Shape+Color+Clarity+TypeName+Report,5.00-9.99,OVAL,D,VS1,CVD,IGI,,,,15,36318.40796,213.6377
C,carat_bucket+Shape+Color+Clarity+TypeName+Report,5.00-9.99,OVAL,D,VS2,CVD,IGI,,,,1,33547.928994,197.3408
C,carat_bucket+Shape+Color+Clarity+TypeName+Report,5.00-9.99,OVAL,D,VVS1,CVD,IGI,,,,25,57629.813665,338.9989
C,carat_bucket+Shape+Color+Clarity+TypeName+Report,5.00-9.99,OVAL,D,VVS2,CVD,IGI,,,,24,48585.297388,285.7959
C,carat_bucket+Shape+Color+Clarity+TypeName+Report,5.00-9.99,OVAL,E,VS1,CVD,IGI,,,,60,28892.388163,169.9552
C,carat_bucket+Shape+Color+Clarity+TypeName+Report,5.00-9.99,OVAL,E,VS1,HPHT,IGI,,,,2,22480.580671,132.2387
C,carat_bucket+Shape+Color+Clarity+TypeName+Report,5.00-9.99,OVAL,E,VS2,CVD,IGI,,,,2,22198.526254,130.5796
C,carat_bucket+Shape+Color+Clarity+TypeName+Report,5.00-9.99,OVAL,E,VVS1,CVD,IGI,,,,8,42828.338695,251.9314
C,carat_bucket+Shape+Color+Clarity+TypeName+Report,5.00-9.99,OVAL,E,VVS2,CVD,IGI,,,,174,22619.047619,133.0532
C,carat_bucket+Shape+Color+Clarity+TypeName+Report,5.00-9.99,OVAL,F,VS1,CVD,IGI,,,,16,24937.673092,146.6922
C,carat_bucket+Shape+Color+Clarity+TypeName+Report,5.00-9.99,OVAL,F,VS1,HPHT,IGI,,,,1,21570.0,126.8824
C,carat_bucket+Shape+Color+Clarity+TypeName+Report,5.00-9.99,OVAL,F,VS2,CVD,IGI,,,,2,26667.948207,156.8703
C,carat_bucket+Shape+Color+Clarity+TypeName+Report,5.00-9.99,OVAL,F,VVS1,CVD,IGI,,,,1,34428.023033,202.5178
C,carat_bucket+Shape+Color+Clarity+TypeName+Report,5.00-9.99,OVAL,F,VVS2,CVD,IGI,,,,30,25777.992767,151.6353
C,carat_bucket+Shape+Color+Clarity+TypeName+Report,5.00-9.99,PEAR,D,VS1,CVD,IGI,,,,8,40003.322891,235.3137
C,carat_bucket+Shape+Color+Clarity+TypeName+Report,5.00-9.99,PEAR,D,VVS1,CVD,IGI,,,,30,57405.543213,337.6797
C,carat_bucket+Shape+Color+Clarity+TypeName+Report,5.00-9.99,PEAR,D,VVS2,CVD,IGI,,,,21,47392.241379,278.7779
C,carat_bucket+Shape+Color+Clarity+TypeName+Report,5.00-9.99,PEAR,E,VS1,CVD,IGI,,,,39,32839.975248,193.1763
C,carat_bucket+Shape+Color+Clarity+TypeName+Report,5.00-9.99,PEAR,E,VS2,CVD,IGI,,,,3,22174.656189,130.4392
C,carat_bucket+Shape+Color+Clarity+TypeName+Report,5.00-9.99,PEAR,E,VVS1,CVD,IGI,,,,3,46312.81198,272.4283
C,carat_bucket+Shape+Color+Clarity+TypeName+Report,5.00-9.99,PEAR,E,VVS2,CVD,IGI,,,,51,33476.947536,196.9232
C,carat_bucket+Shape+Color+Clarity+TypeName+Report,5.00-9.99,PEAR,F,VS1,CVD,IGI,,,,9,31613.086771,185.9593
C,carat_bucket+Shape+Color+Clarity+TypeName+Report,5.00-9.99,PEAR,F,VS2,CVD,IGI,,,,1,21652.662722,127.3686
C,carat_bucket+Shape+Color+Clarity+TypeName+Report,5.00-9.99,PEAR,F,VVS2,CVD,IGI,,,,18,32407.218492,190.6307
C,carat_bucket+Shape+Color+Clarity+TypeName+Report,5.00-9.99,PRINCESS,D,VS1,CVD,IGI,,,,2,31564.833006,185.6755
C,carat_bucket+Shape+Color+Clarity+TypeName+Report,5.00-9.99,PRINCESS,D,VVS1,CVD,IGI,,,,3,41673.701299,245.1394
C,carat_bucket+Shape+Color+Clarity+TypeName+Report,5.00-9.99,PRINCESS,D,VVS2,CVD,IGI,,,,4,35135.910775,206.6818
C,carat_bucket+Shape+Color+Clarity+TypeName+Report,5.00-9.99,PRINCESS,E,VS1,CVD,IGI,,,,11,32689.138577,192.2891
C,carat_bucket+Shape+Color+Clarity+TypeName+Report,5.00-9.99,PRINCESS,E,VVS1,CVD,IGI,,,,2,33710.770138,198.2986
C,carat_bucket+Shape+Color+Clarity+TypeName+Report,5.00-9.99,PRINCESS,E,VVS2,CVD,IGI,,,,30,30028.525564,176.6384
C,carat_bucket+Shape+Color+Clarity+TypeName+Report,5.00-9.99,PRINCESS,F,VVS1,CVD,IGI,,,,4,32256.65955,189.7451
C,carat_bucket+Shape+Color+Clarity+TypeName+Report,5.00-9.99,PRINCESS,F,VVS2,CVD,IGI,,,,1,25785.123967,151.6772
C,carat_bucket+Shape+Color+Clarity+TypeName+Report,5.00-9.99,RADIANT,D,VS1,CVD,IGI,,,,6,36943.993269,217.3176
C,carat_bucket+Shape+Color+Clarity+TypeName+Report,5.00-9.99,RADIANT,E,VS1,CVD,IGI,,,,6,29802.364865,175.308
C,carat_bucket+Shape+Color+Clarity+TypeName+Report,5.00-9.99,RADIANT,E,VVS2,CVD,IGI,,,,19,32820.94431,193.0644
C,carat_bucket+Shape+Color+Clarity+TypeName+Report,5.00-9.99,RADIANT,E,VVS2,HPHT,IGI,,,,1,21581.027668,126.9472
C,carat_bucket+Shape+Color+Clarity+TypeName+Report,5.00-9.99,RADIANT,F,VVS2,CVD,IGI,,,,21,23976.377953,141.0375
C,carat_bucket+Shape+Color+Clarity+TypeName+Report,5.00-9.99,ROUND,D,VS1,CVD,IGI,,,,9,45929.108911,270.1712
C,carat_bucket+Shape+Color+Clarity+TypeName+Report,5.00-9.99,ROUND,D,VS2,HPHT,IGI,,,,1,37600.0,221.1765
C,carat_bucket+Shape+Color+Clarity+TypeName+Report,5.00-9.99,ROUND,D,VVS1,CVD,IGI,,,,1,70517.928287,414.8113
C,carat_bucket+Shape+Color+Clarity+TypeName+Report,5.00-9.99,ROUND,D,VVS2,CVD,IGI,,,,16,50601.980198,297.6587
C,carat_bucket+Shape+Color+Clarity+TypeName+Report,5.00-9.99,ROUND,D,VVS2,HPHT,IGI,,,,2,51536.98302,303.1587
C,carat_bucket+Shape+Color+Clarity+TypeName+Report,5.00-9.99,ROUND,E,VS1,CVD,IGI,,,,51,21535.2,126.6776
C,carat_bucket+Shape+Color+Clarity+TypeName+Report,5.00-9.99,ROUND,E,VS1,HPHT,IGI,,,,8,28494.698933,167.6159
C,carat_bucket+Shape+Color+Clarity+TypeName+Report,5.00-9.99,ROUND,E,VS2,CVD,IGI,,,,7,21000.590551,123.5329
C,carat_bucket+Shape+Color+Clarity+TypeName+Report,5.00-9.99,ROUND,E,VVS2,CVD,IGI,,,,171,21582.178218,126.954
C,carat_bucket+Shape+Color+Clarity+TypeName+Report,5.00-9.99,ROUND,E,VVS2,HPHT,IGI,,,,25,21958.579882,129.1681
C,carat_bucket+Shape+Color+Clarity+TypeName+Report,5.00-9.99,ROUND,F,VS1,CVD,IGI,,,,16,21021.892326,123.6582
C,carat_bucket+Shape+Color+Clarity+TypeName+Report,5.00-9.99,ROUND,F,VS2,CVD,IGI,,,,3,21432.475248,126.0734
C,carat_bucket+Shape+Color+Clarity+TypeName+Report,5.00-9.99,ROUND,F,VS2,HPHT,IGI,,,,1,21099.415205,124.1142
C,carat_bucket+Shape+Color+Clarity+TypeName+Report,5.00-9.99,ROUND,F,VVS1,CVD,IGI,,,,1,28197.696737,165.8688
C,carat_bucket+Shape+Color+Clarity+TypeName+Report,5.00-9.99,ROUND,F,VVS2,CVD,IGI,,,,47,21471.172962,126.301
C,carat_bucket+Shape+Color+Clarity+TypeName+Report,5.00-9.99,ROUND,F,VVS2,HPHT,IGI,,,,2,21774.0,128.0824
C,carat_bucket+Shape+Color+Clarity+TypeName+Report,5.00-9.99,SQUARE,D,VS1,CVD,IGI,,,,9,32455.555556,190.915
C,carat_bucket+Shape+Color+Clarity+TypeName+Report,5.00-9.99,SQUARE,D,VS2,CVD,IGI,,,,1,32205.206738,189.4424
C,carat_bucket+Shape+Color+Clarity+TypeName+Report,5.00-9.99,SQUARE,D,VVS1,CVD,IGI,,,,1,40374.673629,237.4981
C,carat_bucket+Shape+Color+Clarity+TypeName+Report,5.00-9.99,SQUARE,D,VVS2,CVD,IGI,,,,15,35821.782178,210.7164
C,carat_bucket+Shape+Color+Clarity+TypeName+Report,5.00-9.99,SQUARE,E,VS1,CVD,IGI,,,,6,31051.181102,182.654
C,carat_bucket+Shape+Color+Clarity+TypeName+Report,5.00-9.99,SQUARE,E,VVS1,CVD,IGI,,,,3,34632.612967,203.7213
C,carat_bucket+Shape+Color+Clarity+TypeName+Report,5.00-9.99,SQUARE,E,VVS2,CVD,IGI,,,,26,33362.670659,196.251
C,carat_bucket+Shape+Color+Clarity+TypeName+Report,5.00-9.99,SQUARE,F,VS1,CVD,IGI,,,,3,28491.362764,167.5963
C,carat_bucket+Shape+Color+Clarity+TypeName+Report,5.00-9.99,SQUARE,F,VVS1,CVD,IGI,,,,1,33449.251248,196.7603
C,carat_bucket+Shape+Color+Clarity+TypeName+Report,5.00-9.99,SQUARE,F,VVS2,CVD,IGI,,,,8,31112.910191,183.0171
D,carat_bucket+Shape+Color+Clarity+TypeName,0.30-0.49,ROUND,D,VS1,CVD,,,,,53,22125.0,130.1471
D,carat_bucket+Shape+Color+Clarity+TypeName,0.30-0.49,ROUND,D,VS1,HPHT,,,,,89,26526.315789,156.0372
D,carat_bucket+Shape+Color+Clarity+TypeName,0.30-0.49,ROUND,D,VS2,HPHT,,,,,47,20545.454545,120.8556
D,carat_bucket+Shape+Color+Clarity+TypeName,0.30-0.49,ROUND,D,VVS1,HPHT,,,,,98,36081.081081,212.2417
D,carat_bucket+Shape+Color+Clarity+TypeName,0.30-0.49,ROUND,D,VVS2,CVD,,,,,237,22875.0,134.5588
D,carat_bucket+Shape+Color+Clarity+TypeName,0.30-0.49,ROUND,D,VVS2,HPHT,,,,,219,28451.612903,167.3624
D,carat_bucket+Shape+Color+Clarity+TypeName,0.30-0.49,ROUND,E,VS1,CVD,,,,,1,24996.774194,147.0398
D,carat_bucket+Shape+Color+Clarity+TypeName,0.30-0.49,ROUND,E,VS1,HPHT,,,,,15,22791.176471,134.0657
D,carat_bucket+Shape+Color+Clarity+TypeName,0.30-0.49,ROUND,E,VS2,CVD,,,,,2,23329.782446,137.234
D,carat_bucket+Shape+Color+Clarity+TypeName,0.30-0.49,ROUND,E,VS2,HPHT,,,,,1,22792.857143,134.0756
D,carat_bucket+Shape+Color+Clarity+TypeName,0.30-0.49,ROUND,E,VVS2,CVD,,,,,3,27793.548387,163.4915
D,carat_bucket+Shape+Color+Clarity+TypeName,0.30-0.49,ROUND,E,VVS2,HPHT,,,,,15,23348.780488,137.3458
D,carat_bucket+Shape+Color+Clarity+TypeName,0.30-0.49,ROUND,F,VS1,HPHT,,,,,4,22918.181818,134.8128
D,carat_bucket+Shape+Color+Clarity+TypeName,0.30-0.49,ROUND,F,VS2,HPHT,,,,,1,20368.085106,119.8123
D,carat_bucket+Shape+Color+Clarity+TypeName,0.30-0.49,ROUND,F,VVS2,CVD,,,,,1,25078.125,147.5184
D,carat_bucket+Shape+Color+Clarity+TypeName,0.30-0.49,ROUND,F,VVS2,HPHT,,,,,1,25887.096774,152.277
D,carat_bucket+Shape+Color+Clarity+TypeName,0.50-0.69,CUSHION,D,VVS2,HPHT,,,,,1,44464.285714,261.5546
D,carat_bucket+Shape+Color+Clarity+TypeName,0.50-0.69,EMERALD,D,VS1,CVD,,,,,5,36253.846154,213.2579
D,carat_bucket+Shape+Color+Clarity+TypeName,0.50-0.69,EMERALD,D,VVS2,CVD,,,,,29,36111.111111,212.4183
D,carat_bucket+Shape+Color+Clarity+TypeName,0.50-0.69,EMERALD,D,VVS2,HPHT,,,,,4,37901.886792,222.9523
D,carat_bucket+Shape+Color+Clarity+TypeName,0.50-0.69,HEART,D,VS1,HPHT,,,,,9,52488.679245,308.7569
D,carat_bucket+Shape+Color+Clarity+TypeName,0.50-0.69,HEART,D,VVS1,CVD,,,,,1,47817.1875,281.2776
D,carat_bucket+Shape+Color+Clarity+TypeName,0.50-0.69,HEART,D,VVS1,HPHT,,,,,2,58828.193033,346.0482
D,carat_bucket+Shape+Color+Clarity+TypeName,0.50-0.69,HEART,D,VVS2,HPHT,,,,,12,51354.030875,302.0825
D,carat_bucket+Shape+Color+Clarity+TypeName,0.50-0.69,HEART,E,VS1,HPHT,,,,,1,46627.118644,274.2772
D,carat_bucket+Shape+Color+Clarity+TypeName,0.50-0.69,HEART,E,VVS2,HPHT,,,,,1,55638.0,327.2824
D,carat_bucket+Shape+Color+Clarity+TypeName,0.50-0.69,MARQUISE,D,VS1,HPHT,,,,,4,42059.748428,247.4103
D,carat_bucket+Shape+Color+Clarity+TypeName,0.50-0.69,MARQUISE,D,VVS1,CVD,,,,,1,58548.0,344.4
D,carat_bucket+Shape+Color+Clarity+TypeName,0.50-0.69,MARQUISE,D,VVS1,HPHT,,,,,4,58548.0,344.4
D,carat_bucket+Shape+Color+Clarity+TypeName,0.50-0.69,MARQUISE,D,VVS2,CVD,,,,,12,53277.777778,313.3987
D,carat_bucket+Shape+Color+Clarity+TypeName,0.50-0.69,MARQUISE,D,VVS2,HPHT,,,,,6,41850.637523,246.1802
D,carat_bucket+Shape+Color+Clarity+TypeName,0.50-0.69,MARQUISE,E,VS1,CVD,,,,,1,41783.333333,245.7843
D,carat_bucket+Shape+Color+Clarity+TypeName,0.50-0.69,MARQUISE,E,VVS2,CVD,,,,,2,43984.615385,258.733
D,carat_bucket+Shape+Color+Clarity+TypeName,0.50-0.69,MARQUISE,E,VVS2,HPHT,,,,,1,32739.130435,192.5831
D,carat_bucket+Shape+Color+Clarity+TypeName,0.50-0.69,OVAL,D,VS1,CVD,,,,,2,40066.312997,235.6842
D,carat_bucket+Shape+Color+Clarity+TypeName,0.50-0.69,OVAL,D,VS1,HPHT,,,,,5,41803.278689,245.9016
D,carat_bucket+Shape+Color+Clarity+TypeName,0.50-0.69,OVAL,D,VVS1,CVD,,,,,1,58358.490566,343.2852
D,carat_bucket+Shape+Color+Clarity+TypeName,0.50-0.69,OVAL,D,VVS1,HPHT,,,,,4,55584.0,326.9647
D,carat_bucket+Shape+Color+Clarity+TypeName,0.50-0.69,OVAL,D,VVS2,HPHT,,,,,24,42404.716981,249.4395
D,carat_bucket+Shape+Color+Clarity+TypeName,0.50-0.69,OVAL,E,VS1,HPHT,,,,,3,43635.294118,256.6782
D,carat_bucket+Shape+Color+Clarity+TypeName,0.50-0.69,OVAL,E,VVS2,CVD,,,,,1,39272.727273,231.016
D,carat_bucket+Shape+Color+Clarity+TypeName,0.50-0.69,OVAL,E,VVS2,HPHT,,,,,3,44508.0,261.8118
D,carat_bucket+Shape+Color+Clarity+TypeName,0.50-0.69,PEAR,D,VS1,CVD,,,,,6,42456.626841,249.7449
D,carat_bucket+Shape+Color+Clarity+TypeName,0.50-0.69,PEAR,D,VS1,HPHT,,,,,5,47307.692308,278.2805
D,carat_bucket+Shape+Color+Clarity+TypeName,0.50-0.69,PEAR,D,VVS1,HPHT,,,,,5,58676.470588,345.1557
D,carat_bucket+Shape+Color+Clarity+TypeName,0.50-0.69,PEAR,D,VVS2,CVD,,,,,15,47034.545455,276.6738
D,carat_bucket+Shape+Color+Clarity+TypeName,0.50-0.69,PEAR,D,VVS2,HPHT,,,,,3,48809.433962,287.1143
D,carat_bucket+Shape+Color+Clarity+TypeName,0.50-0.69,PEAR,E,VS1,CVD,,,,,7,46153.846154,271.4932
D,carat_bucket+Shape+Color+Clarity+TypeName,0.50-0.69,PEAR,E,VS1,HPHT,,,,,2,46323.581933,272.4917
D,carat_bucket+Shape+Color+Clarity+TypeName,0.50-0.69,PEAR,E,VVS1,CVD,,,,,1,44190.47619,259.944
D,carat_bucket+Shape+Color+Clarity+TypeName,0.50-0.69,PEAR,E,VVS2,CVD,,,,,7,49700.0,292.3529
D,carat_bucket+Shape+Color+Clarity+TypeName,0.50-0.69,PEAR,E,VVS2,HPHT,,,,,1,48235.294118,283.737
D,carat_bucket+Shape+Color+Clarity+TypeName,0.50-0.69,PRINCESS,D,VS1,HPHT,,,,,4,43390.384615,255.2376
D,carat_bucket+Shape+Color+Clarity+TypeName,0.50-0.69,PRINCESS,D,VVS1,HPHT,,,,,5,53498.076923,314.6946
D,carat_bucket+Shape+Color+Clarity+TypeName,0.50-0.69,PRINCESS,D,VVS2,CVD,,,,,9,38908.928571,228.8761
D,carat_bucket+Shape+Color+Clarity+TypeName,0.50-0.69,PRINCESS,D,VVS2,HPHT,,,,,1,41111.320755,241.8313
D,carat_bucket+Shape+Color+Clarity+TypeName,0.50-0.69,PRINCESS,E,VS1,HPHT,,,,,3,42571.698113,250.4218
D,carat_bucket+Shape+Color+Clarity+TypeName,0.50-0.69,PRINCESS,E,VVS2,CVD,,,,,3,39900.0,234.7059
D,carat_bucket+Shape+Color+Clarity+TypeName,0.50-0.69,PRINCESS,E,VVS2,HPHT,,,,,1,41405.660377,243.5627
D,carat_bucket+Shape+Color+Clarity+TypeName,0.50-0.69,RADIANT,D,VS1,CVD,,,,,3,39656.603774,233.2741
D,carat_bucket+Shape+Color+Clarity+TypeName,0.50-0.69,RADIANT,D,VS1,HPHT,,,,,8,39230.769231,230.7692
D,carat_bucket+Shape+Color+Clarity+TypeName,0.50-0.69,RADIANT,D,VVS2,HPHT,,,,,24,40673.076923,239.2534
D,carat_bucket+Shape+Color+Clarity+TypeName,0.50-0.69,ROUND,D,IF,HPHT,,,,,9,33929.411765,199.5848
D,carat_bucket+Shape+Color+Clarity+TypeName,0.50-0.69,ROUND,D,VS1,CVD,,,,,60,24230.769231,142.5339
D,carat_bucket+Shape+Color+Clarity+TypeName,0.50-0.69,ROUND,D,VS1,HPHT,,,,,1251,19823.529412,116.609
D,carat_bucket+Shape+Color+Clarity+TypeName,0.50-0.69,ROUND,D,VS2,HPHT,,,,,15,20076.0,118.0941
D,carat_bucket+Shape+Color+Clarity+TypeName,0.50-0.69,ROUND,D,VVS1,CVD,,,,,1,23564.705882,138.6159
D,carat_bucket+Shape+Color+Clarity+TypeName,0.50-0.69,ROUND,D,VVS1,HPHT,,,,,60,28393.79085,167.0223
D,carat_bucket+Shape+Color+Clarity+TypeName,0.50-0.69,ROUND,D,VVS2,CVD,,,,,105,25555.555556,150.3268
D,carat_bucket+Shape+Color+Clarity+TypeName,0.50-0.69,ROUND,D,VVS2,HPHT,,,,,1435,20470.588235,120.4152
D,carat_bucket+Shape+Color+Clarity+TypeName,0.50-0.69,ROUND,E,VS1,CVD,,,,,4,19770.0,116.2941
D,carat_bucket+Shape+Color+Clarity+TypeName,0.50-0.69,ROUND,E,VS1,HPHT,,,,,26,20523.529412,120.7266
D,carat_bucket+Shape+Color+Clarity+TypeName,0.50-0.69,ROUND,E,VS2,HPHT,,,,,9,20694.0,121.7294
D,carat_bucket+Shape+Color+Clarity+TypeName,0.50-0.69,ROUND,E,VVS1,HPHT,,,,,28,23864.705882,140.3806
D,carat_bucket+Shape+Color+Clarity+TypeName,0.50-0.69,ROUND,E,VVS2,HPHT,,,,,47,23294.117647,137.0242
D,carat_bucket+Shape+Color+Clarity+TypeName,0.50-0.69,ROUND,F,VS1,HPHT,,,,,1,21618.0,127.1647
D,carat_bucket+Shape+Color+Clarity+TypeName,0.50-0.69,ROUND,F,VS2,HPHT,,,,,3,20694.0,121.7294
D,carat_bucket+Shape+Color+Clarity+TypeName,0.50-0.69,ROUND,F,VVS2,HPHT,,,,,3,24181.818182,142.246
D,carat_bucket+Shape+Color+Clarity+TypeName,0.70-0.89,CUSHION,D,VVS2,HPHT,,,,,5,33896.103896,199.3888
D,carat_bucket+Shape+Color+Clarity+TypeName,0.70-0.89,EMERALD,D,VS1,CVD,,,,,1,25657.894737,150.9288
D,carat_bucket+Shape+Color+Clarity+TypeName,0.70-0.89,EMERALD,D,VS1,HPHT,,,,,3,26088.311688,153.4607
D,carat_bucket+Shape+Color+Clarity+TypeName,0.70-0.89,EMERALD,D,VVS1,CVD,,,,,1,47915.492958,281.8558
D,carat_bucket+Shape+Color+Clarity+TypeName,0.70-0.89,EMERALD,D,VVS2,HPHT,,,,,3,30050.0,176.7647
D,carat_bucket+Shape+Color+Clarity+TypeName,0.70-0.89,EMERALD,E,VVS2,CVD,,,,,1,38662.5,227.4265
D,carat_bucket+Shape+Color+Clarity+TypeName,0.70-0.89,HEART,D,VS1,CVD,,,,,1,38662.5,227.4265
D,carat_bucket+Shape+Color+Clarity+TypeName,0.70-0.89,HEART,D,VS1,HPHT,,,,,3,41216.666667,242.451
D,carat_bucket+Shape+Color+Clarity+TypeName,0.70-0.89,HEART,D,VVS2,HPHT,,,,,3,42101.408451,247.6553
D,carat_bucket+Shape+Color+Clarity+TypeName,0.70-0.89,MARQUISE,D,VS1,CVD,,,,,12,32054.794521,188.5576
D,carat_bucket+Shape+Color+Clarity+TypeName,0.70-0.89,MARQUISE,D,VVS1,HPHT,,,,,3,38385.542169,225.7973
D,carat_bucket+Shape+Color+Clarity+TypeName,0.70-0.89,MARQUISE,D,VVS2,CVD,,,,,1,32571.428571,191.5966
D,carat_bucket+Shape+Color+Clarity+TypeName,0.70-0.89,MARQUISE,E,VS1,CVD,,,,,8,29638.356164,174.3433
D,carat_bucket+Shape+Color+Clarity+TypeName,0.70-0.89,MARQUISE,E,VVS1,HPHT,,,,,1,40054.054054,235.6121
D,carat_bucket+Shape+Color+Clarity+TypeName,0.70-0.89,MARQUISE,E,VVS2,CVD,,,,,5,32142.857143,189.0756
D,carat_bucket+Shape+Color+Clarity+TypeName,0.70-0.89,MARQUISE,E,VVS2,HPHT,,,,,1,30405.405405,178.8553
D,carat_bucket+Shape+Color+Clarity+TypeName,0.70-0.89,MARQUISE,F,VVS1,HPHT,,,,,1,39771.428571,233.9496
D,carat_bucket+Shape+Color+Clarity+TypeName,0.70-0.89,OVAL,D,VS1,CVD,,,,,3,38815.714286,228.3277
D,carat_bucket+Shape+Color+Clarity+TypeName,0.70-0.89,OVAL,D,VS1,HPHT,,,,,7,37737.5,221.9853
D,carat_bucket+Shape+Color+Clarity+TypeName,0.70-0.89,OVAL,D,VVS1,HPHT,,,,,8,43495.774648,255.8575
D,carat_bucket+Shape+Color+Clarity+TypeName,0.70-0.89,OVAL,D,VVS2,HPHT,,,,,20,39423.259557,231.9015
D,carat_bucket+Shape+Color+Clarity+TypeName,0.70-0.89,OVAL,E,VS1,HPHT,,,,,6,35950.684932,211.4746
D,carat_bucket+Shape+Color+Clarity+TypeName,0.70-0.89,OVAL,E,VVS2,HPHT,,,,,3,38858.571429,228.5798
D,carat_bucket+Shape+Color+Clarity+TypeName,0.70-0.89,PEAR,D,VS1,CVD,,,,,7,40838.028169,240.2237
D,carat_bucket+Shape+Color+Clarity+TypeName,0.70-0.89,PEAR,D,VS1,HPHT,,,,,1,41421.428571,243.6555
D,carat_bucket+Shape+Color+Clarity+TypeName,0.70-0.89,PEAR,D,VVS1,CVD,,,,,1,35385.542169,208.1502
D,carat_bucket+Shape+Color+Clarity+TypeName,0.70-0.89,PEAR,D,VVS2,CVD,,,,,12,40270.833333,236.8873
D,carat_bucket+Shape+Color+Clarity+TypeName,0.70-0.89,PEAR,D,VVS2,HPHT,,,,,1,41421.428571,243.6555
D,carat_bucket+Shape+Color+Clarity+TypeName,0.70-0.89,PEAR,E,VS1,CVD,,,,,1,31346.153846,184.3891
D,carat_bucket+Shape+Color+Clarity+TypeName,0.70-0.89,PEAR,E,VVS2,CVD,,,,,8,37054.445554,217.9673
D,carat_bucket+Shape+Color+Clarity+TypeName,0.70-0.89,PRINCESS,D,VS1,CVD,,,,,1,31280.898876,184.0053
D,carat_bucket+Shape+Color+Clarity+TypeName,0.70-0.89,PRINCESS,D,VS1,HPHT,,,,,1,28134.615385,165.4977
D,carat_bucket+Shape+Color+Clarity+TypeName,0.70-0.89,PRINCESS,D,VVS2,HPHT,,,,,2,31791.428571,187.0084
D,carat_bucket+Shape+Color+Clarity+TypeName,0.70-0.89,PRINCESS,E,VS1,HPHT,,,,,2,31129.225352,183.1131
D,carat_bucket+Shape+Color+Clarity+TypeName,0.70-0.89,PRINCESS,E,VVS2,HPHT,,,,,2,30693.808685,180.5518
D,carat_bucket+Shape+Color+Clarity+TypeName,0.70-0.89,ROUND,D,VS1,HPHT,,,,,130,21410.958904,125.9468
D,carat_bucket+Shape+Color+Clarity+TypeName,0.70-0.89,ROUND,D,VS2,HPHT,,,,,4,19508.571429,114.7563
D,carat_bucket+Shape+Color+Clarity+TypeName,0.70-0.89,ROUND,D,VVS1,HPHT,,,,,47,25309.859155,148.8815
D,carat_bucket+Shape+Color+Clarity+TypeName,0.70-0.89,ROUND,D,VVS2,HPHT,,,,,231,22684.931507,133.4408
D,carat_bucket+Shape+Color+Clarity+TypeName,0.70-0.89,ROUND,E,VS1,CVD,,,,,2,22321.396469,131.3023
D,carat_bucket+Shape+Color+Clarity+TypeName,0.70-0.89,ROUND,E,VS1,HPHT,,,,,7,20067.567568,118.0445
D,carat_bucket+Shape+Color+Clarity+TypeName,0.70-0.89,ROUND,E,VS2,HPHT,,,,,6,19328.631791,113.6978
D,carat_bucket+Shape+Color+Clarity+TypeName,0.70-0.89,ROUND,E,VVS1,HPHT,,,,,6,23004.166667,135.3186
D,carat_bucket+Shape+Color+Clarity+TypeName,0.70-0.89,ROUND,E,VVS2,HPHT,,,,,12,21823.087172,128.3711
D,carat_bucket+Shape+Color+Clarity+TypeName,0.90-0.99,PEAR,E,VVS2,CVD,,,,,1,32557.894737,191.517
D,carat_bucket+Shape+Color+Clarity+TypeName,0.90-0.99,PRINCESS,F,VVS2,CVD,,,,,1,25255.102041,148.5594
D,carat_bucket+Shape+Color+Clarity+TypeName,0.90-0.99,RADIANT,D,VS1,CVD,,,,,2,24745.967742,145.5645
D,carat_bucket+Shape+Color+Clarity+TypeName,0.90-0.99,ROUND,D,VVS2,CVD,,,,,1,25606.060606,150.6239
D,carat_bucket+Shape+Color+Clarity+TypeName,1.00-1.49,ASSCHER,D,VS1,HPHT,,,,,10,19871.287129,116.8899
D,carat_bucket+Shape+Color+Clarity+TypeName,1.00-1.49,ASSCHER,D,VS2,HPHT,,,,,3,19455.445545,114.4438
D,carat_bucket+Shape+Color+Clarity+TypeName,1.00-1.49,ASSCHER,D,VVS1,CVD,,,,,2,35224.752475,207.2044
D,carat_bucket+Shape+Color+Clarity+TypeName,1.00-1.49,ASSCHER,D,VVS1,HPHT,,,,,1,34350.0,202.0588
D,carat_bucket+Shape+Color+Clarity+TypeName,1.00-1.49,ASSCHER,D,VVS2,CVD,,,,,1,18027.522936,106.0443
D,carat_bucket+Shape+Color+Clarity+TypeName,1.00-1.49,ASSCHER,D,VVS2,HPHT,,,,,13,21176.470588,124.5675
D,carat_bucket+Shape+Color+Clarity+TypeName,1.00-1.49,ASSCHER,E,VS1,HPHT,,,,,5,19411.764706,114.1869
D,carat_bucket+Shape+Color+Clarity+TypeName,1.00-1.49,ASSCHER,E,VS2,HPHT,,,,,1,18683.168317,109.901
D,carat_bucket+Shape+Color+Clarity+TypeName,1.00-1.49,ASSCHER,E,VVS2,HPHT,,,,,2,20382.344777,119.8961
D,carat_bucket+Shape+Color+Clarity+TypeName,1.00-1.49,CUSHION,D,IF,HPHT,,,,,1,30276.595745,178.0976
D,carat_bucket+Shape+Color+Clarity+TypeName,1.00-1.49,CUSHION,D,VS1,CVD,,,,,11,20405.825243,120.0343
D,carat_bucket+Shape+Color+Clarity+TypeName,1.00-1.49,CUSHION,D,VS1,HPHT,,,,,7,18932.038835,111.3649
D,carat_bucket+Shape+Color+Clarity+TypeName,1.00-1.49,CUSHION,D,VS2,CVD,,,,,3,20095.890411,118.2111
D,carat_bucket+Shape+Color+Clarity+TypeName,1.00-1.49,CUSHION,D,VS2,HPHT,,,,,3,19650.0,115.5882
D,carat_bucket+Shape+Color+Clarity+TypeName,1.00-1.49,CUSHION,D,VVS1,CVD,,,,,4,34827.271478,204.8663
D,carat_bucket+Shape+Color+Clarity+TypeName,1.00-1.49,CUSHION,D,VVS1,HPHT,,,,,3,34009.345794,200.055
D,carat_bucket+Shape+Color+Clarity+TypeName,1.00-1.49,CUSHION,D,VVS2,CVD,,,,,7,20186.915888,118.7466
D,carat_bucket+Shape+Color+Clarity+TypeName,1.00-1.49,CUSHION,D,VVS2,HPHT,,,,,11,21407.76699,125.928
D,carat_bucket+Shape+Color+Clarity+TypeName,1.00-1.49,CUSHION,E,VS1,CVD,,,,,29,19320.0,113.6471
D,carat_bucket+Shape+Color+Clarity+TypeName,1.00-1.49,CUSHION,E,VS1,HPHT,,,,,6,19154.417365,112.673
D,carat_bucket+Shape+Color+Clarity+TypeName,1.00-1.49,CUSHION,E,VS2,CVD,,,,,4,19833.326733,116.6666
D,carat_bucket+Shape+Color+Clarity+TypeName,1.00-1.49,CUSHION,E,VS2,HPHT,,,,,1,18794.117647,110.5536
D,carat_bucket+Shape+Color+Clarity+TypeName,1.00-1.49,CUSHION,E,VVS1,HPHT,,,,,1,31841.584158,187.3034
D,carat_bucket+Shape+Color+Clarity+TypeName,1.00-1.49,CUSHION,E,VVS2,CVD,,,,,24,19900.990099,117.0646
D,carat_bucket+Shape+Color+Clarity+TypeName,1.00-1.49,CUSHION,E,VVS2,HPHT,,,,,3,19057.142857,112.1008
D,carat_bucket+Shape+Color+Clarity+TypeName,1.00-1.49,CUSHION,F,VS1,CVD,,,,,1,20100.0,118.2353
D,carat_bucket+Shape+Color+Clarity+TypeName,1.00-1.49,CUSHION,F,VVS2,CVD,,,,,1,20106.870229,118.2757
D,carat_bucket+Shape+Color+Clarity+TypeName,1.00-1.49,CUSHION,F,VVS2,HPHT,,,,,1,19470.0,114.5294
D,carat_bucket+Shape+Color+Clarity+TypeName,1.00-1.49,CUSHION,G,VS2,CVD,,,,,1,20120.300752,118.3547
D,carat_bucket+Shape+Color+Clarity+TypeName,1.00-1.49,EMERALD,D,VS1,CVD,,,,,23,19612.871287,115.3698
D,carat_bucket+Shape+Color+Clarity+TypeName,1.00-1.49,EMERALD,D,VS1,HPHT,,,,,14,19721.331683,116.0078
D,carat_bucket+Shape+Color+Clarity+TypeName,1.00-1.49,EMERALD,D,VS2,CVD,,,,,1,19131.0,112.5353
D,carat_bucket+Shape+Color+Clarity+TypeName,1.00-1.49,EMERALD,D,VS2,HPHT,,,,,7,18920.792079,111.2988
D,carat_bucket+Shape+Color+Clarity+TypeName,1.00-1.49,EMERALD,D,VVS1,CVD,,,,,6,29352.475248,172.6616
D,carat_bucket+Shape+Color+Clarity+TypeName,1.00-1.49,EMERALD,D,VVS1,HPHT,,,,,15,28805.825243,169.446
D,carat_bucket+Shape+Color+Clarity+TypeName,1.00-1.49,EMERALD,D,VVS2,CVD,,,,,23,19420.588235,114.2388
D,carat_bucket+Shape+Color+Clarity+TypeName,1.00-1.49,EMERALD,D,VVS2,HPHT,,,,,29,19314.285714,113.6134
D,carat_bucket+Shape+Color+Clarity+TypeName,1.00-1.49,EMERALD,E,VS1,CVD,,,,,26,18908.910891,111.2289
D,carat_bucket+Shape+Color+Clarity+TypeName,1.00-1.49,EMERALD,E,VS1,HPHT,,,,,10,18920.792079,111.2988
D,carat_bucket+Shape+Color+Clarity+TypeName,1.00-1.49,EMERALD,E,VS2,HPHT,,,,,7,18772.277228,110.4252
D,carat_bucket+Shape+Color+Clarity+TypeName,1.00-1.49,EMERALD,E,VVS1,CVD,,,,,3,28055.555556,165.0327
D,carat_bucket+Shape+Color+Clarity+TypeName,1.00-1.49,EMERALD,E,VVS2,CVD,,,,,17,18905.882353,111.2111
D,carat_bucket+Shape+Color+Clarity+TypeName,1.00-1.49,EMERALD,E,VVS2,HPHT,,,,,1,18980.19802,111.6482
D,carat_bucket+Shape+Color+Clarity+TypeName,1.00-1.49,EMERALD,F,VS1,HPHT,,,,,2,18299.563107,107.6445
D,carat_bucket+Shape+Color+Clarity+TypeName,1.00-1.49,EMERALD,F,VS2,HPHT,,,,,1,18240.0,107.2941
D,carat_bucket+Shape+Color+Clarity+TypeName,1.00-1.49,HEART,D,VS1,CVD,,,,,49,26000.0,152.9412
D,carat_bucket+Shape+Color+Clarity+TypeName,1.00-1.49,HEART,D,VS1,HPHT,,,,,12,26084.158416,153.4362
D,carat_bucket+Shape+Color+Clarity+TypeName,1.00-1.49,HEART,D,VS2,CVD,,,,,11,26583.0,156.3706
D,carat_bucket+Shape+Color+Clarity+TypeName,1.00-1.49,HEART,D,VS2,HPHT,,,,,1,26009.708738,152.9983
D,carat_bucket+Shape+Color+Clarity+TypeName,1.00-1.49,HEART,D,VVS1,CVD,,,,,9,34269.230769,201.5837
D,carat_bucket+Shape+Color+Clarity+TypeName,1.00-1.49,HEART,D,VVS1,HPHT,,,,,11,36235.294118,213.1488
D,carat_bucket+Shape+Color+Clarity+TypeName,1.00-1.49,HEART,D,VVS2,CVD,,,,,52,27207.920792,160.0466
D,carat_bucket+Shape+Color+Clarity+TypeName,1.00-1.49,HEART,D,VVS2,HPHT,,,,,30,44171.428571,259.8319
D,carat_bucket+Shape+Color+Clarity+TypeName,1.00-1.49,HEART,E,VS1,CVD,,,,,34,25528.846154,150.1697
D,carat_bucket+Shape+Color+Clarity+TypeName,1.00-1.49,HEART,E,VS1,HPHT,,,,,2,26505.0,155.9118
D,carat_bucket+Shape+Color+Clarity+TypeName,1.00-1.49,HEART,E,VS2,CVD,,,,,4,25198.043975,148.2238
D,carat_bucket+Shape+Color+Clarity+TypeName,1.00-1.49,HEART,E,VVS1,CVD,,,,,1,31363.636364,184.492
D,carat_bucket+Shape+Color+Clarity+TypeName,1.00-1.49,HEART,E,VVS2,CVD,,,,,26,26397.117065,155.2772
D,carat_bucket+Shape+Color+Clarity+TypeName,1.00-1.49,HEART,E,VVS2,HPHT,,,,,5,26910.0,158.2941
D,carat_bucket+Shape+Color+Clarity+TypeName,1.00-1.49,HEART,F,VS1,CVD,,,,,1,24705.882353,145.3287
D,carat_bucket+Shape+Color+Clarity+TypeName,1.00-1.49,HEART,F,VS1,HPHT,,,,,1,25470.588235,149.827
D,carat_bucket+Shape+Color+Clarity+TypeName,1.00-1.49,HEART,F,VS2,CVD,,,,,1,24653.465347,145.0204
D,carat_bucket+Shape+Color+Clarity+TypeName,1.00-1.49,HEART,F,VVS2,CVD,,,,,6,24638.256161,144.9309
D,carat_bucket+Shape+Color+Clarity+TypeName,1.00-1.49,HEART,F,VVS2,HPHT,,,,,1,26910.0,158.2941
D,carat_bucket+Shape+Color+Clarity+TypeName,1.00-1.49,MARQUISE,D,VS1,CVD,,,,,30,23544.117647,138.4948
D,carat_bucket+Shape+Color+Clarity+TypeName,1.00-1.49,MARQUISE,D,VS2,CVD,,,,,8,23274.0,136.9059
D,carat_bucket+Shape+Color+Clarity+TypeName,1.00-1.49,MARQUISE,D,VS2,HPHT,,,,,3,23190.0,136.4118
D,carat_bucket+Shape+Color+Clarity+TypeName,1.00-1.49,MARQUISE,D,VVS1,CVD,,,,,16,31424.271845,184.8487
D,carat_bucket+Shape+Color+Clarity+TypeName,1.00-1.49,MARQUISE,D,VVS1,HPHT,,,,,19,31368.932039,184.5231
D,carat_bucket+Shape+Color+Clarity+TypeName,1.00-1.49,MARQUISE,D,VVS2,CVD,,,,,23,24157.281553,142.1017
D,carat_bucket+Shape+Color+Clarity+TypeName,1.00-1.49,MARQUISE,D,VVS2,HPHT,,,,,4,23114.285714,135.9664
D,carat_bucket+Shape+Color+Clarity+TypeName,1.00-1.49,MARQUISE,E,VS1,CVD,,,,,65,21090.0,124.0588
D,carat_bucket+Shape+Color+Clarity+TypeName,1.00-1.49,MARQUISE,E,VS1,HPHT,,,,,2,20521.468012,120.7145
D,carat_bucket+Shape+Color+Clarity+TypeName,1.00-1.49,MARQUISE,E,VS2,CVD,,,,,4,20143.301887,118.49
D,carat_bucket+Shape+Color+Clarity+TypeName,1.00-1.49,MARQUISE,E,VVS1,CVD,,,,,1,28823.529412,169.5502
D,carat_bucket+Shape+Color+Clarity+TypeName,1.00-1.49,MARQUISE,E,VVS1,HPHT,,,,,1,32400.0,190.5882
D,carat_bucket+Shape+Color+Clarity+TypeName,1.00-1.49,MARQUISE,E,VVS2,CVD,,,,,155,22096.039604,129.9767
D,carat_bucket+Shape+Color+Clarity+TypeName,1.00-1.49,MARQUISE,F,VS1,CVD,,,,,2,19559.500693,115.0559
D,carat_bucket+Shape+Color+Clarity+TypeName,1.00-1.49,MARQUISE,F,VS2,HPHT,,,,,1,19008.196721,111.8129
D,carat_bucket+Shape+Color+Clarity+TypeName,1.00-1.49,MARQUISE,F,VVS2,CVD,,,,,7,21349.514563,125.5854
D,carat_bucket+Shape+Color+Clarity+TypeName,1.00-1.49,OVAL,D,IF,HPHT,,,,,4,38827.261367,228.3957
D,carat_bucket+Shape+Color+Clarity+TypeName,1.00-1.49,OVAL,D,VS1,CVD,,,,,119,19194.174757,112.9069
D,carat_bucket+Shape+Color+Clarity+TypeName,1.00-1.49,OVAL,D,VS1,HPHT,,,,,68,33128.706199,194.8747
D,carat_bucket+Shape+Color+Clarity+TypeName,1.00-1.49,OVAL,D,VS2,CVD,,,,,3,19022.330097,111.8961
D,carat_bucket+Shape+Color+Clarity+TypeName,1.00-1.49,OVAL,D,VS2,HPHT,,,,,17,18865.384615,110.9729
D,carat_bucket+Shape+Color+Clarity+TypeName,1.00-1.49,OVAL,D,VVS1,CVD,,,,,8,22431.683168,131.9511
D,carat_bucket+Shape+Color+Clarity+TypeName,1.00-1.49,OVAL,D,VVS1,HPHT,,,,,44,22514.851485,132.4403
D,carat_bucket+Shape+Color+Clarity+TypeName,1.00-1.49,OVAL,D,VVS2,CVD,,,,,127,20257.425743,119.1613
D,carat_bucket+Shape+Color+Clarity+TypeName,1.00-1.49,OVAL,D,VVS2,HPHT,,,,,115,20460.0,120.3529
D,carat_bucket+Shape+Color+Clarity+TypeName,1.00-1.49,OVAL,E,VS1,CVD,,,,,84,21059.405941,123.8789
D,carat_bucket+Shape+Color+Clarity+TypeName,1.00-1.49,OVAL,E,VS2,CVD,,,,,3,19437.0,114.3353
D,carat_bucket+Shape+Color+Clarity+TypeName,1.00-1.49,OVAL,E,VS2,HPHT,,,,,3,19029.411765,111.9377
D,carat_bucket+Shape+Color+Clarity+TypeName,1.00-1.49,OVAL,E,VVS1,CVD,,,,,12,22351.281305,131.4781
D,carat_bucket+Shape+Color+Clarity+TypeName,1.00-1.49,OVAL,E,VVS1,HPHT,,,,,5,22461.386139,132.1258
D,carat_bucket+Shape+Color+Clarity+TypeName,1.00-1.49,OVAL,E,VVS2,CVD,,,,,32,19544.554455,114.968
D,carat_bucket+Shape+Color+Clarity+TypeName,1.00-1.49,OVAL,E,VVS2,HPHT,,,,,3,18277.777778,107.5163
D,carat_bucket+Shape+Color+Clarity+TypeName,1.00-1.49,OVAL,F,VS1,CVD,,,,,1,19694.117647,115.8478
D,carat_bucket+Shape+Color+Clarity+TypeName,1.00-1.49,OVAL,F,VS1,HPHT,,,,,2,19851.237624,116.772
D,carat_bucket+Shape+Color+Clarity+TypeName,1.00-1.49,OVAL,F,VS2,CVD,,,,,7,19563.0,115.0765
D,carat_bucket+Shape+Color+Clarity+TypeName,1.00-1.49,OVAL,F,VS2,HPHT,,,,,1,17944.954128,105.5586
D,carat_bucket+Shape+Color+Clarity+TypeName,1.00-1.49,OVAL,F,VVS2,CVD,,,,,1,19541.176471,114.9481
D,carat_bucket+Shape+Color+Clarity+TypeName,1.00-1.49,OVAL,F,VVS2,HPHT,,,,,5,19770.0,116.2941
D,carat_bucket+Shape+Color+Clarity+TypeName,1.00-1.49,PEAR,D,IF,CVD,,,,,1,42825.742574,251.9161
D,carat_bucket+Shape+Color+Clarity+TypeName,1.00-1.49,PEAR,D,IF,HPHT,,,,,4,42615.812464,250.6812
D,carat_bucket+Shape+Color+Clarity+TypeName,1.00-1.49,PEAR,D,VS1,CVD,,,,,93,20790.0,122.2941
D,carat_bucket+Shape+Color+Clarity+TypeName,1.00-1.49,PEAR,D,VS1,HPHT,,,,,4,20264.705882,119.2042
D,carat_bucket+Shape+Color+Clarity+TypeName,1.00-1.49,PEAR,D,VS2,CVD,,,,,17,21108.0,124.1647
D,carat_bucket+Shape+Color+Clarity+TypeName,1.00-1.49,PEAR,D,VS2,HPHT,,,,,4,20381.092437,119.8888
D,carat_bucket+Shape+Color+Clarity+TypeName,1.00-1.49,PEAR,D,VVS1,CVD,,,,,26,26676.0,156.9176
D,carat_bucket+Shape+Color+Clarity+TypeName,1.00-1.49,PEAR,D,VVS1,HPHT,,,,,16,26700.0,157.0588
D,carat_bucket+Shape+Color+Clarity+TypeName,1.00-1.49,PEAR,D,VVS2,CVD,,,,,166,20881.188119,122.8305
D,carat_bucket+Shape+Color+Clarity+TypeName,1.00-1.49,PEAR,D,VVS2,HPHT,,,,,22,20638.888889,121.4052
D,carat_bucket+Shape+Color+Clarity+TypeName,1.00-1.49,PEAR,E,VS1,CVD,,,,,118,20370.0,119.8235
D,carat_bucket+Shape+Color+Clarity+TypeName,1.00-1.49,PEAR,E,VS1,HPHT,,,,,10,19163.259958,112.7251
D,carat_bucket+Shape+Color+Clarity+TypeName,1.00-1.49,PEAR,E,VS2,CVD,,,,,10,20503.960396,120.6115
D,carat_bucket+Shape+Color+Clarity+TypeName,1.00-1.49,PEAR,E,VS2,HPHT,,,,,4,20495.049505,120.5591
D,carat_bucket+Shape+Color+Clarity+TypeName,1.00-1.49,PEAR,E,VVS1,CVD,,,,,11,25829.70297,151.9394
D,carat_bucket+Shape+Color+Clarity+TypeName,1.00-1.49,PEAR,E,VVS1,HPHT,,,,,5,25558.823529,150.346
D,carat_bucket+Shape+Color+Clarity+TypeName,1.00-1.49,PEAR,E,VVS2,CVD,,,,,43,19443.396226,114.3729
D,carat_bucket+Shape+Color+Clarity+TypeName,1.00-1.49,PEAR,E,VVS2,HPHT,,,,,10,20335.468841,119.6204
D,carat_bucket+Shape+Color+Clarity+TypeName,1.00-1.49,PEAR,F,VS1,CVD,,,,,19,19805.825243,116.5049
D,carat_bucket+Shape+Color+Clarity+TypeName,1.00-1.49,PEAR,F,VS2,CVD,,,,,4,20105.825243,118.2696
D,carat_bucket+Shape+Color+Clarity+TypeName,1.00-1.49,PEAR,F,VVS1,CVD,,,,,1,31500.0,185.2941
D,carat_bucket+Shape+Color+Clarity+TypeName,1.00-1.49,PEAR,F,VVS2,CVD,,,,,29,20044.660194,117.9098
D,carat_bucket+Shape+Color+Clarity+TypeName,1.00-1.49,PEAR,F,VVS2,HPHT,,,,,4,19601.777939,115.3046
D,carat_bucket+Shape+Color+Clarity+TypeName,1.00-1.49,PRINCESS,D,VS1,CVD,,,,,30,21101.004659,124.1236
D,carat_bucket+Shape+Color+Clarity+TypeName,1.00-1.49,PRINCESS,D,VS1,HPHT,,,,,2,20357.166183,119.748
D,carat_bucket+Shape+Color+Clarity+TypeName,1.00-1.49,PRINCESS,D,VS2,CVD,,,,,2,19988.554455,117.5797
D,carat_bucket+Shape+Color+Clarity+TypeName,1.00-1.49,PRINCESS,D,VS2,HPHT,,,,,3,19676.470588,115.7439
D,carat_bucket+Shape+Color+Clarity+TypeName,1.00-1.49,PRINCESS,D,VVS1,CVD,,,,,35,37800.0,222.3529
D,carat_bucket+Shape+Color+Clarity+TypeName,1.00-1.49,PRINCESS,D,VVS1,HPHT,,,,,3,23244.117647,136.7301
D,carat_bucket+Shape+Color+Clarity+TypeName,1.00-1.49,PRINCESS,D,VVS2,CVD,,,,,95,20311.926606,119.4819
D,carat_bucket+Shape+Color+Clarity+TypeName,1.00-1.49,PRINCESS,D,VVS2,HPHT,,,,,11,21470.588235,126.2976
D,carat_bucket+Shape+Color+Clarity+TypeName,1.00-1.49,PRINCESS,E,VS1,CVD,,,,,71,19782.178218,116.3658
D,carat_bucket+Shape+Color+Clarity+TypeName,1.00-1.49,PRINCESS,E,VS2,CVD,,,,,3,20241.0,119.0647
D,carat_bucket+Shape+Color+Clarity+TypeName,1.00-1.49,PRINCESS,E,VS2,HPHT,,,,,2,19807.692308,116.5158
D,carat_bucket+Shape+Color+Clarity+TypeName,1.00-1.49,PRINCESS,E,VVS1,CVD,,,,,6,38947.783589,229.1046
D,carat_bucket+Shape+Color+Clarity+TypeName,1.00-1.49,PRINCESS,E,VVS2,CVD,,,,,32,19505.660377,114.7392
D,carat_bucket+Shape+Color+Clarity+TypeName,1.00-1.49,PRINCESS,E,VVS2,HPHT,,,,,1,20038.834951,117.8755
D,carat_bucket+Shape+Color+Clarity+TypeName,1.00-1.49,PRINCESS,F,VS1,CVD,,,,,6,18287.373004,107.5728
D,carat_bucket+Shape+Color+Clarity+TypeName,1.00-1.49,PRINCESS,F,VVS1,CVD,,,,,3,31211.009174,183.5942
D,carat_bucket+Shape+Color+Clarity+TypeName,1.00-1.49,PRINCESS,F,VVS1,HPHT,,,,,1,26280.0,154.5882
D,carat_bucket+Shape+Color+Clarity+TypeName,1.00-1.49,PRINCESS,F,VVS2,CVD,,,,,5,19306.930693,113.5702
D,carat_bucket+Shape+Color+Clarity+TypeName,1.00-1.49,RADIANT,D,VS1,CVD,,,,,18,22782.178218,134.0128
D,carat_bucket+Shape+Color+Clarity+TypeName,1.00-1.49,RADIANT,D,VS1,HPHT,,,,,7,21857.142857,128.5714
D,carat_bucket+Shape+Color+Clarity+TypeName,1.00-1.49,RADIANT,D,VS2,CVD,,,,,1,20111.111111,118.3007
D,carat_bucket+Shape+Color+Clarity+TypeName,1.00-1.49,RADIANT,D,VS2,HPHT,,,,,2,21484.245283,126.3779
D,carat_bucket+Shape+Color+Clarity+TypeName,1.00-1.49,RADIANT,D,VVS1,CVD,,,,,1,24873.786408,146.3164
D,carat_bucket+Shape+Color+Clarity+TypeName,1.00-1.49,RADIANT,D,VVS1,HPHT,,,,,9,25680.0,151.0588
D,carat_bucket+Shape+Color+Clarity+TypeName,1.00-1.49,RADIANT,D,VVS2,CVD,,,,,37,24436.893204,143.7464
D,carat_bucket+Shape+Color+Clarity+TypeName,1.00-1.49,RADIANT,D,VVS2,HPHT,,,,,14,23957.142857,140.9244
D,carat_bucket+Shape+Color+Clarity+TypeName,1.00-1.49,RADIANT,E,VS1,CVD,,,,,19,18647.89916,109.6935
D,carat_bucket+Shape+Color+Clarity+TypeName,1.00-1.49,RADIANT,E,VS1,HPHT,,,,,6,20761.020984,122.1237
D,carat_bucket+Shape+Color+Clarity+TypeName,1.00-1.49,RADIANT,E,VS2,CVD,,,,,1,20100.0,118.2353
D,carat_bucket+Shape+Color+Clarity+TypeName,1.00-1.49,RADIANT,E,VVS1,HPHT,,,,,1,26280.0,154.5882
D,carat_bucket+Shape+Color+Clarity+TypeName,1.00-1.49,RADIANT,E,VVS2,CVD,,,,,32,22029.411765,129.5848
D,carat_bucket+Shape+Color+Clarity+TypeName,1.00-1.49,RADIANT,E,VVS2,HPHT,,,,,5,21576.923077,126.9231
D,carat_bucket+Shape+Color+Clarity+TypeName,1.00-1.49,RADIANT,F,VS1,CVD,,,,,7,20108.695652,118.2864
D,carat_bucket+Shape+Color+Clarity+TypeName,1.00-1.49,RADIANT,F,VVS2,HPHT,,,,,1,21115.384615,124.2081
D,carat_bucket+Shape+Color+Clarity+TypeName,1.00-1.49,RADIANT,G,VS1,CVD,,,,,3,20125.984252,118.3881
D,carat_bucket+Shape+Color+Clarity+TypeName,1.00-1.49,RADIANT,G,VS2,CVD,,,,,1,20116.27907,118.3311
D,carat_bucket+Shape+Color+Clarity+TypeName,1.00-1.49,ROUND,D,IF,HPHT,,,,,17,35192.523364,207.0148
D,carat_bucket+Shape+Color+Clarity+TypeName,1.00-1.49,ROUND,D,SI1,CVD,,,,,1,20821.782178,122.4811
D,carat_bucket+Shape+Color+Clarity+TypeName,1.00-1.49,ROUND,D,SI1,HPHT,,,,,2,17764.117647,104.4948
D,carat_bucket+Shape+Color+Clarity+TypeName,1.00-1.49,ROUND,D,VS1,CVD,,,,,64,22223.300971,130.7253
D,carat_bucket+Shape+Color+Clarity+TypeName,1.00-1.49,ROUND,D,VS1,HPHT,,,,,1179,20142.857143,118.4874
D,carat_bucket+Shape+Color+Clarity+TypeName,1.00-1.49,ROUND,D,VS2,CVD,,,,,39,21403.846154,125.905
D,carat_bucket+Shape+Color+Clarity+TypeName,1.00-1.49,ROUND,D,VS2,HPHT,,,,,234,18273.786408,107.4929
D,carat_bucket+Shape+Color+Clarity+TypeName,1.00-1.49,ROUND,D,VS,-,,,,,2,15475.79693,91.0341
D,carat_bucket+Shape+Color+Clarity+TypeName,1.00-1.49,ROUND,D,VVS1,CVD,,,,,15,31211.009174,183.5942
D,carat_bucket+Shape+Color+Clarity+TypeName,1.00-1.49,ROUND,D,VVS1,HPHT,,,,,381,22135.294118,130.2076
D,carat_bucket+Shape+Color+Clarity+TypeName,1.00-1.49,ROUND,D,VVS2,CVD,,,,,183,22098.214286,129.9895
D,carat_bucket+Shape+Color+Clarity+TypeName,1.00-1.49,ROUND,D,VVS2,HPHT,,,,,1085,19676.470588,115.7439
D,carat_bucket+Shape+Color+Clarity+TypeName,1.00-1.49,ROUND,D,VVS,-,,,,,5,16363.636364,96.2567
D,carat_bucket+Shape+Color+Clarity+TypeName,1.00-1.49,ROUND,E,IF,HPHT,,,,,2,29274.604072,172.2036
D,carat_bucket+Shape+Color+Clarity+TypeName,1.00-1.49,ROUND,E,SI1,CVD,,,,,1,19654.205607,115.613
D,carat_bucket+Shape+Color+Clarity+TypeName,1.00-1.49,ROUND,E,SI1,HPHT,,,,,3,18059.405941,106.2318
D,carat_bucket+Shape+Color+Clarity+TypeName,1.00-1.49,ROUND,E,VS1,CVD,,,,,105,21311.320755,125.3607
D,carat_bucket+Shape+Color+Clarity+TypeName,1.00-1.49,ROUND,E,VS1,HPHT,,,,,105,19560.0,115.0588
D,carat_bucket+Shape+Color+Clarity+TypeName,1.00-1.49,ROUND,E,VS2,CVD,,,,,14,19966.949873,117.4526
D,carat_bucket+Shape+Color+Clarity+TypeName,1.00-1.49,ROUND,E,VS2,HPHT,,,,,24,18290.281927,107.5899
D,carat_bucket+Shape+Color+Clarity+TypeName,1.00-1.49,ROUND,E,VVS1,CVD,,,,,5,32066.037736,188.6238
D,carat_bucket+Shape+Color+Clarity+TypeName,1.00-1.49,ROUND,E,VVS1,HPHT,,,,,79,20437.5,120.2206
D,carat_bucket+Shape+Color+Clarity+TypeName,1.00-1.49,ROUND,E,VVS2,CVD,,,,,58,21293.483904,125.2558
D,carat_bucket+Shape+Color+Clarity+TypeName,1.00-1.49,ROUND,E,VVS2,HPHT,,,,,358,20898.333333,122.9314
D,carat_bucket+Shape+Color+Clarity+TypeName,1.00-1.49,ROUND,F,VS1,HPHT,,,,,9,19369.306931,113.9371
D,carat_bucket+Shape+Color+Clarity+TypeName,1.00-1.49,ROUND,F,VS2,HPHT,,,,,6,18158.653846,106.8156
D,carat_bucket+Shape+Color+Clarity+TypeName,1.00-1.49,ROUND,F,VVS1,HPHT,,,,,8,19478.512279,114.5795
D,carat_bucket+Shape+Color+Clarity+TypeName,1.00-1.49,ROUND,F,VVS2,CVD,,,,,16,22298.076923,131.1652
D,carat_bucket+Shape+Color+Clarity+TypeName,1.00-1.49,ROUND,F,VVS2,HPHT,,,,,15,18917.475728,111.2793
D,carat_bucket+Shape+Color+Clarity+TypeName,1.00-1.49,SQUARE,D,VS1,CVD,,,,,3,19502.912621,114.723
D,carat_bucket+Shape+Color+Clarity+TypeName,1.00-1.49,SQUARE,D,VS1,HPHT,,,,,6,20088.0,118.1647
D,carat_bucket+Shape+Color+Clarity+TypeName,1.00-1.49,SQUARE,D,VVS2,HPHT,,,,,9,20135.643564,118.445
D,carat_bucket+Shape+Color+Clarity+TypeName,1.00-1.49,SQUARE,E,VS1,CVD,,,,,6,19034.107523,111.9653
D,carat_bucket+Shape+Color+Clarity+TypeName,1.00-1.49,SQUARE,E,VS1,HPHT,,,,,1,17980.909091,105.7701
D,carat_bucket+Shape+Color+Clarity+TypeName,1.00-1.49,SQUARE,F,VS1,CVD,,,,,2,20126.049467,118.3885
D,carat_bucket+Shape+Color+Clarity+TypeName,1.50-1.99,-,D,VS1,CVD,,,,,4,36039.212401,211.9954
D,carat_bucket+Shape+Color+Clarity+TypeName,1.50-1.99,-,D,VVS1,CVD,,,,,1,45716.981132,268.9234
D,carat_bucket+Shape+Color+Clarity+TypeName,1.50-1.99,-,D,VVS2,CVD,,,,,2,41986.923077,246.9819
D,carat_bucket+Shape+Color+Clarity+TypeName,1.50-1.99,-,E,VVS2,CVD,,,,,4,37650.35014,221.4726
D,carat_bucket+Shape+Color+Clarity+TypeName,1.50-1.99,ASSCHER,D,IF,HPHT,,,,,2,17311.336254,101.8314
D,carat_bucket+Shape+Color+Clarity+TypeName,1.50-1.99,ASSCHER,D,VS1,CVD,,,,,6,19594.900662,115.2641
D,carat_bucket+Shape+Color+Clarity+TypeName,1.50-1.99,ASSCHER,D,VS1,HPHT,,,,,1,19800.0,116.4706
D,carat_bucket+Shape+Color+Clarity+TypeName,1.50-1.99,ASSCHER,D,VS2,HPHT,,,,,2,19415.496689,114.2088
D,carat_bucket+Shape+Color+Clarity+TypeName,1.50-1.99,ASSCHER,D,VVS1,HPHT,,,,,1,30715.231788,180.6778
D,carat_bucket+Shape+Color+Clarity+TypeName,1.50-1.99,ASSCHER,D,VVS2,CVD,,,,,2,18787.990196,110.5176
D,carat_bucket+Shape+Color+Clarity+TypeName,1.50-1.99,ASSCHER,D,VVS2,HPHT,,,,,5,18398.734177,108.2278
D,carat_bucket+Shape+Color+Clarity+TypeName,1.50-1.99,ASSCHER,E,VS1,CVD,,,,,3,18189.873418,106.9993
D,carat_bucket+Shape+Color+Clarity+TypeName,1.50-1.99,ASSCHER,E,VVS2,CVD,,,,,6,19594.900662,115.2641
D,carat_bucket+Shape+Color+Clarity+TypeName,1.50-1.99,ASSCHER,E,VVS2,HPHT,,,,,1,19401.315789,114.1254
D,carat_bucket+Shape+Color+Clarity+TypeName,1.50-1.99,CUSHION,D,VS1,CVD,,,,,14,18746.357616,110.2727
D,carat_bucket+Shape+Color+Clarity+TypeName,1.50-1.99,CUSHION,D,VS1,HPHT,,,,,11,18352.941176,107.9585
D,carat_bucket+Shape+Color+Clarity+TypeName,1.50-1.99,CUSHION,D,VS2,CVD,,,,,1,18098.684211,106.4628
D,carat_bucket+Shape+Color+Clarity+TypeName,1.50-1.99,CUSHION,D,VS2,HPHT,,,,,1,18118.421053,106.5789
D,carat_bucket+Shape+Color+Clarity+TypeName,1.50-1.99,CUSHION,D,VVS1,HPHT,,,,,7,30823.529412,181.3149
D,carat_bucket+Shape+Color+Clarity+TypeName,1.50-1.99,CUSHION,D,VVS2,CVD,,,,,9,19379.605263,113.9977
D,carat_bucket+Shape+Color+Clarity+TypeName,1.50-1.99,CUSHION,D,VVS2,HPHT,,,,,43,19322.368421,113.661
D,carat_bucket+Shape+Color+Clarity+TypeName,1.50-1.99,CUSHION,E,VS1,CVD,,,,,14,18158.613628,106.8154
D,carat_bucket+Shape+Color+Clarity+TypeName,1.50-1.99,CUSHION,E,VS1,HPHT,,,,,3,18100.0,106.4706
D,carat_bucket+Shape+Color+Clarity+TypeName,1.50-1.99,CUSHION,E,VVS1,HPHT,,,,,1,27929.032258,164.2884
D,carat_bucket+Shape+Color+Clarity+TypeName,1.50-1.99,CUSHION,E,VVS2,CVD,,,,,9,17447.852761,102.6344
D,carat_bucket+Shape+Color+Clarity+TypeName,1.50-1.99,CUSHION,E,VVS2,HPHT,,,,,8,18475.448763,108.6791
D,carat_bucket+Shape+Color+Clarity+TypeName,1.50-1.99,CUSHION,F,VS1,CVD,,,,,1,20104.972376,118.2645
D,carat_bucket+Shape+Color+Clarity+TypeName,1.50-1.99,CUSHION,F,VS1,HPHT,,,,,1,20688.311688,121.696
D,carat_bucket+Shape+Color+Clarity+TypeName,1.50-1.99,CUSHION,F,VVS2,CVD,,,,,2,22396.830144,131.7461
D,carat_bucket+Shape+Color+Clarity+TypeName,1.50-1.99,CUSHION,G,VVS2,HPHT,,,,,1,14961.290323,88.0076
D,carat_bucket+Shape+Color+Clarity+TypeName,1.50-1.99,EMERALD,D,IF,HPHT,,,,,1,34980.392157,205.767
D,carat_bucket+Shape+Color+Clarity+TypeName,1.50-1.99,EMERALD,D,VS1,CVD,,,,,41,17113.207547,100.6659
D,carat_bucket+Shape+Color+Clarity+TypeName,1.50-1.99,EMERALD,D,VS1,HPHT,,,,,5,17537.254902,103.1603
D,carat_bucket+Shape+Color+Clarity+TypeName,1.50-1.99,EMERALD,D,VS2,CVD,,,,,2,14939.772371,87.881
D,carat_bucket+Shape+Color+Clarity+TypeName,1.50-1.99,EMERALD,D,VVS1,CVD,,,,,6,32530.769231,191.3575
D,carat_bucket+Shape+Color+Clarity+TypeName,1.50-1.99,EMERALD,D,VVS1,HPHT,,,,,4,26090.322581,153.4725
D,carat_bucket+Shape+Color+Clarity+TypeName,1.50-1.99,EMERALD,D,VVS2,CVD,,,,,39,19423.076923,114.2534
D,carat_bucket+Shape+Color+Clarity+TypeName,1.50-1.99,EMERALD,D,VVS2,HPHT,,,,,3,19890.789474,117.0046
D,carat_bucket+Shape+Color+Clarity+TypeName,1.50-1.99,EMERALD,E,IF,HPHT,,,,,1,26447.368421,155.5728
D,carat_bucket+Shape+Color+Clarity+TypeName,1.50-1.99,EMERALD,E,VS1,CVD,,,,,37,17084.415584,100.4966
D,carat_bucket+Shape+Color+Clarity+TypeName,1.50-1.99,EMERALD,E,VS2,CVD,,,,,6,16500.0,97.0588
D,carat_bucket+Shape+Color+Clarity+TypeName,1.50-1.99,EMERALD,E,VVS1,HPHT,,,,,1,19860.0,116.8235
D,carat_bucket+Shape+Color+Clarity+TypeName,1.50-1.99,EMERALD,E,VVS2,CVD,,,,,45,18552.631579,109.1331
D,carat_bucket+Shape+Color+Clarity+TypeName,1.50-1.99,EMERALD,F,VS1,CVD,,,,,1,15355.263158,90.3251
D,carat_bucket+Shape+Color+Clarity+TypeName,1.50-1.99,EMERALD,F,VS2,CVD,,,,,2,18732.492997,110.1911
D,carat_bucket+Shape+Color+Clarity+TypeName,1.50-1.99,EMERALD,F,VVS2,CVD,,,,,3,17088.607595,100.5212
D,carat_bucket+Shape+Color+Clarity+TypeName,1.50-1.99,EMERALD,G,VS1,CVD,,,,,1,20119.760479,118.3515
D,carat_bucket+Shape+Color+Clarity+TypeName,1.50-1.99,EMERALD,G,VVS1,CVD,,,,,1,18867.924528,110.9878
D,carat_bucket+Shape+Color+Clarity+TypeName,1.50-1.99,EMERALD,G,VVS2,CVD,,,,,1,20115.606936,118.3271
D,carat_bucket+Shape+Color+Clarity+TypeName,1.50-1.99,HEART,D,VS1,CVD,,,,,11,20486.0,120.5059
D,carat_bucket+Shape+Color+Clarity+TypeName,1.50-1.99,HEART,D,VS1,HPHT,,,,,6,19916.329048,117.1549
D,carat_bucket+Shape+Color+Clarity+TypeName,1.50-1.99,HEART,D,VVS2,CVD,,,,,10,20463.576159,120.374
D,carat_bucket+Shape+Color+Clarity+TypeName,1.50-1.99,HEART,D,VVS2,HPHT,,,,,7,21298.013245,125.2824
D,carat_bucket+Shape+Color+Clarity+TypeName,1.50-1.99,HEART,E,VS1,CVD,,,,,3,18723.417722,110.1378
D,carat_bucket+Shape+Color+Clarity+TypeName,1.50-1.99,HEART,E,VS1,HPHT,,,,,1,18189.873418,106.9993
D,carat_bucket+Shape+Color+Clarity+TypeName,1.50-1.99,HEART,E,VS2,CVD,,,,,1,29733.333333,174.902
D,carat_bucket+Shape+Color+Clarity+TypeName,1.50-1.99,HEART,E,VVS1,CVD,,,,,1,43773.584906,257.4917
D,carat_bucket+Shape+Color+Clarity+TypeName,1.50-1.99,HEART,E,VVS2,CVD,,,,,4,31292.45283,184.0733
D,carat_bucket+Shape+Color+Clarity+TypeName,1.50-1.99,HEART,E,VVS2,HPHT,,,,,5,20549.019608,120.8766
D,carat_bucket+Shape+Color+Clarity+TypeName,1.50-1.99,HEART,F,VS1,CVD,,,,,1,19951.612903,117.3624
D,carat_bucket+Shape+Color+Clarity+TypeName,1.50-1.99,MARQUISE,D,VS1,CVD,,,,,24,26321.052632,154.8297
D,carat_bucket+Shape+Color+Clarity+TypeName,1.50-1.99,MARQUISE,D,VS1,HPHT,,,,,1,26269.736842,154.5279
D,carat_bucket+Shape+Color+Clarity+TypeName,1.50-1.99,MARQUISE,D,VS2,CVD,,,,,3,26002.649007,152.9568
D,carat_bucket+Shape+Color+Clarity+TypeName,1.50-1.99,MARQUISE,D,VVS1,CVD,,,,,1,41721.854305,245.4227
D,carat_bucket+Shape+Color+Clarity+TypeName,1.50-1.99,MARQUISE,D,VVS2,CVD,,,,,15,26651.612903,156.7742
D,carat_bucket+Shape+Color+Clarity+TypeName,1.50-1.99,MARQUISE,E,VS1,CVD,,,,,41,21888.888889,128.7582
D,carat_bucket+Shape+Color+Clarity+TypeName,1.50-1.99,MARQUISE,E,VS2,CVD,,,,,5,21432.515337,126.0736
D,carat_bucket+Shape+Color+Clarity+TypeName,1.50-1.99,MARQUISE,E,VVS2,CVD,,,,,32,22855.214724,134.4424
D,carat_bucket+Shape+Color+Clarity+TypeName,1.50-1.99,MARQUISE,F,VVS2,CVD,,,,,2,31855.774003,187.3869
D,carat_bucket+Shape+Color+Clarity+TypeName,1.50-1.99,OVAL,D,VS1,CVD,,,,,34,19080.0,112.2353
D,carat_bucket+Shape+Color+Clarity+TypeName,1.50-1.99,OVAL,D,VS1,HPHT,,,,,13,18729.411765,110.173
D,carat_bucket+Shape+Color+Clarity+TypeName,1.50-1.99,OVAL,D,VS2,CVD,,,,,16,18037.974684,106.1057
D,carat_bucket+Shape+Color+Clarity+TypeName,1.50-1.99,OVAL,D,VS2,HPHT,,,,,1,31288.343558,184.0491
D,carat_bucket+Shape+Color+Clarity+TypeName,1.50-1.99,OVAL,D,VVS1,CVD,,,,,21,31160.0,183.2941
D,carat_bucket+Shape+Color+Clarity+TypeName,1.50-1.99,OVAL,D,VVS1,HPHT,,,,,23,31608.552632,185.9327
D,carat_bucket+Shape+Color+Clarity+TypeName,1.50-1.99,OVAL,D,VVS2,CVD,,,,,45,19450.980392,114.4175
D,carat_bucket+Shape+Color+Clarity+TypeName,1.50-1.99,OVAL,D,VVS2,HPHT,,,,,33,19739.215686,116.113
D,carat_bucket+Shape+Color+Clarity+TypeName,1.50-1.99,OVAL,E,VS1,CVD,,,,,60,17590.062112,103.471
D,carat_bucket+Shape+Color+Clarity+TypeName,1.50-1.99,OVAL,E,VS2,CVD,,,,,3,18546.0,109.0941
D,carat_bucket+Shape+Color+Clarity+TypeName,1.50-1.99,OVAL,E,VVS1,CVD,,,,,1,35922.580645,211.3093
D,carat_bucket+Shape+Color+Clarity+TypeName,1.50-1.99,OVAL,E,VVS2,CVD,,,,,62,18842.190153,110.8364
D,carat_bucket+Shape+Color+Clarity+TypeName,1.50-1.99,OVAL,E,VVS2,HPHT,,,,,3,19290.0,113.4706
D,carat_bucket+Shape+Color+Clarity+TypeName,1.50-1.99,OVAL,F,VS1,CVD,,,,,16,18834.437086,110.7908
D,carat_bucket+Shape+Color+Clarity+TypeName,1.50-1.99,OVAL,F,VS2,CVD,,,,,3,19042.0,112.0118
D,carat_bucket+Shape+Color+Clarity+TypeName,1.50-1.99,OVAL,F,VVS2,CVD,,,,,13,18986.842105,111.6873
D,carat_bucket+Shape+Color+Clarity+TypeName,1.50-1.99,PEAR,D,VS1,CVD,,,,,49,17981.012658,105.7707
D,carat_bucket+Shape+Color+Clarity+TypeName,1.50-1.99,PEAR,D,VS2,CVD,,,,,14,18710.526316,110.0619
D,carat_bucket+Shape+Color+Clarity+TypeName,1.50-1.99,PEAR,D,VVS1,CVD,,,,,7,32754.0,192.6706
D,carat_bucket+Shape+Color+Clarity+TypeName,1.50-1.99,PEAR,D,VVS1,HPHT,,,,,3,32078.431373,188.6967
D,carat_bucket+Shape+Color+Clarity+TypeName,1.50-1.99,PEAR,D,VVS2,CVD,,,,,90,18491.623232,108.7743
D,carat_bucket+Shape+Color+Clarity+TypeName,1.50-1.99,PEAR,D,VVS2,HPHT,,,,,4,18696.273472,109.9781
D,carat_bucket+Shape+Color+Clarity+TypeName,1.50-1.99,PEAR,E,VS1,CVD,,,,,39,18487.5,108.75
D,carat_bucket+Shape+Color+Clarity+TypeName,1.50-1.99,PEAR,E,VS2,CVD,,,,,4,18627.81457,109.5754
D,carat_bucket+Shape+Color+Clarity+TypeName,1.50-1.99,PEAR,E,VVS1,HPHT,,,,,2,28684.701987,168.7335
D,carat_bucket+Shape+Color+Clarity+TypeName,1.50-1.99,PEAR,E,VVS2,CVD,,,,,78,18223.920103,107.1995
D,carat_bucket+Shape+Color+Clarity+TypeName,1.50-1.99,PEAR,F,VS1,CVD,,,,,9,18496.688742,108.8041
D,carat_bucket+Shape+Color+Clarity+TypeName,1.50-1.99,PEAR,F,VS1,HPHT,,,,,1,18437.086093,108.4534
D,carat_bucket+Shape+Color+Clarity+TypeName,1.50-1.99,PEAR,F,VS2,CVD,,,,,2,18277.265823,107.5133
D,carat_bucket+Shape+Color+Clarity+TypeName,1.50-1.99,PEAR,F,VVS1,CVD,,,,,3,25548.387097,150.2846
D,carat_bucket+Shape+Color+Clarity+TypeName,1.50-1.99,PEAR,F,VVS2,CVD,,,,,31,18346.153846,107.9186
D,carat_bucket+Shape+Color+Clarity+TypeName,1.50-1.99,PRINCESS,D,VS1,CVD,,,,,70,28640.0,168.4706
D,carat_bucket+Shape+Color+Clarity+TypeName,1.50-1.99,PRINCESS,D,VS2,CVD,,,,,4,21756.399632,127.9788
D,carat_bucket+Shape+Color+Clarity+TypeName,1.50-1.99,PRINCESS,D,VS2,HPHT,,,,,1,17442.307692,102.6018
D,carat_bucket+Shape+Color+Clarity+TypeName,1.50-1.99,PRINCESS,D,VVS1,CVD,,,,,23,38156.862745,224.4521
D,carat_bucket+Shape+Color+Clarity+TypeName,1.50-1.99,PRINCESS,D,VVS2,CVD,,,,,88,35018.867925,205.9933
D,carat_bucket+Shape+Color+Clarity+TypeName,1.50-1.99,PRINCESS,E,VS1,CVD,,,,,37,23193.75,136.4338
D,carat_bucket+Shape+Color+Clarity+TypeName,1.50-1.99,PRINCESS,E,VS2,CVD,,,,,2,20225.238411,118.972
D,carat_bucket+Shape+Color+Clarity+TypeName,1.50-1.99,PRINCESS,E,VVS1,CVD,,,,,20,34151.85636,200.8933
D,carat_bucket+Shape+Color+Clarity+TypeName,1.50-1.99,PRINCESS,E,VVS2,CVD,,,,,50,18019.86755,105.9992
D,carat_bucket+Shape+Color+Clarity+TypeName,1.50-1.99,PRINCESS,E,VVS2,HPHT,,,,,1,18040.0,106.1176
D,carat_bucket+Shape+Color+Clarity+TypeName,1.50-1.99,PRINCESS,F,VS1,CVD,,,,,1,16470.588235,96.8858
D,carat_bucket+Shape+Color+Clarity+TypeName,1.50-1.99,PRINCESS,F,VS2,CVD,,,,,2,21645.686275,127.3276
D,carat_bucket+Shape+Color+Clarity+TypeName,1.50-1.99,PRINCESS,F,VVS1,CVD,,,,,5,26857.894737,157.9876
D,carat_bucket+Shape+Color+Clarity+TypeName,1.50-1.99,PRINCESS,F,VVS2,CVD,,,,,9,22754.716981,133.8513
D,carat_bucket+Shape+Color+Clarity+TypeName,1.50-1.99,PRINCESS,G,VVS1,CVD,,,,,2,18897.033267,111.159
D,carat_bucket+Shape+Color+Clarity+TypeName,1.50-1.99,RADIANT,D,VS1,CVD,,,,,30,15042.038217,88.4826
D,carat_bucket+Shape+Color+Clarity+TypeName,1.50-1.99,RADIANT,D,VVS1,HPHT,,,,,1,24254.901961,142.6759
D,carat_bucket+Shape+Color+Clarity+TypeName,1.50-1.99,RADIANT,D,VVS2,CVD,,,,,29,16470.588235,96.8858
D,carat_bucket+Shape+Color+Clarity+TypeName,1.50-1.99,RADIANT,D,VVS2,HPHT,,,,,7,16914.473684,99.4969
D,carat_bucket+Shape+Color+Clarity+TypeName,1.50-1.99,RADIANT,E,VS1,CVD,,,,,19,14852.830189,87.3696
D,carat_bucket+Shape+Color+Clarity+TypeName,1.50-1.99,RADIANT,E,VVS1,HPHT,,,,,1,21967.105263,129.2183
D,carat_bucket+Shape+Color+Clarity+TypeName,1.50-1.99,RADIANT,E,VVS2,CVD,,,,,24,15217.105263,89.5124
D,carat_bucket+Shape+Color+Clarity+TypeName,1.50-1.99,RADIANT,F,VS1,CVD,,,,,3,14230.769231,83.7104
D,carat_bucket+Shape+Color+Clarity+TypeName,1.50-1.99,RADIANT,F,VVS2,CVD,,,,,4,14582.278481,85.7781
D,carat_bucket+Shape+Color+Clarity+TypeName,1.50-1.99,ROUND,D,IF,HPHT,,,,,8,48112.5,283.0147
D,carat_bucket+Shape+Color+Clarity+TypeName,1.50-1.99,ROUND,D,SI1,CVD,,,,,1,22381.578947,131.6563
D,carat_bucket+Shape+Color+Clarity+TypeName,1.50-1.99,ROUND,D,VS1,CVD,,,,,14,21366.217812,125.6836
D,carat_bucket+Shape+Color+Clarity+TypeName,1.50-1.99,ROUND,D,VS1,HPHT,,,,,83,19600.0,115.2941
D,carat_bucket+Shape+Color+Clarity+TypeName,1.50-1.99,ROUND,D,VS2,CVD,,,,,10,19367.655629,113.9274
D,carat_bucket+Shape+Color+Clarity+TypeName,1.50-1.99,ROUND,D,VS2,HPHT,,,,,37,18800.0,110.5882
D,carat_bucket+Shape+Color+Clarity+TypeName,1.50-1.99,ROUND,D,VVS1,CVD,,,,,4,29171.359899,171.5962
D,carat_bucket+Shape+Color+Clarity+TypeName,1.50-1.99,ROUND,D,VVS1,HPHT,,,,,58,29360.784314,172.7105
D,carat_bucket+Shape+Color+Clarity+TypeName,1.50-1.99,ROUND,D,VVS2,CVD,,,,,15,26382.352941,155.1903
D,carat_bucket+Shape+Color+Clarity+TypeName,1.50-1.99,ROUND,D,VVS2,HPHT,,,,,70,21340.0,125.5294
D,carat_bucket+Shape+Color+Clarity+TypeName,1.50-1.99,ROUND,E,VS1,CVD,,,,,25,23636.942675,139.0408
D,carat_bucket+Shape+Color+Clarity+TypeName,1.50-1.99,ROUND,E,VS1,HPHT,,,,,15,18800.0,110.5882
D,carat_bucket+Shape+Color+Clarity+TypeName,1.50-1.99,ROUND,E,VS2,CVD,,,,,4,19059.776316,112.1163
D,carat_bucket+Shape+Color+Clarity+TypeName,1.50-1.99,ROUND,E,VS2,HPHT,,,,,18,18567.096774,109.2182
D,carat_bucket+Shape+Color+Clarity+TypeName,1.50-1.99,ROUND,E,VVS1,CVD,,,,,11,30244.565217,177.9092
D,carat_bucket+Shape+Color+Clarity+TypeName,1.50-1.99,ROUND,E,VVS2,CVD,,,,,92,20530.28879,120.7664
D,carat_bucket+Shape+Color+Clarity+TypeName,1.50-1.99,ROUND,E,VVS2,HPHT,,,,,51,20801.324503,122.3607
D,carat_bucket+Shape+Color+Clarity+TypeName,1.50-1.99,ROUND,F,VS1,CVD,,,,,8,19117.932736,112.4584
D,carat_bucket+Shape+Color+Clarity+TypeName,1.50-1.99,ROUND,F,VS2,CVD,,,,,5,19448.344371,114.402
D,carat_bucket+Shape+Color+Clarity+TypeName,1.50-1.99,ROUND,F,VVS1,CVD,,,,,7,25433.333333,149.6078
D,carat_bucket+Shape+Color+Clarity+TypeName,1.50-1.99,ROUND,F,VVS2,CVD,,,,,20,26052.631579,153.2508
D,carat_bucket+Shape+Color+Clarity+TypeName,1.50-1.99,ROUND,F,VVS2,HPHT,,,,,2,20984.045792,123.4356
D,carat_bucket+Shape+Color+Clarity+TypeName,1.50-1.99,ROUND,H,VVS2,HPHT,,,,,1,18710.526316,110.0619
D,carat_bucket+Shape+Color+Clarity+TypeName,1.50-1.99,SQUARE,D,VS1,CVD,,,,,5,16292.81768,95.8401
D,carat_bucket+Shape+Color+Clarity+TypeName,1.50-1.99,SQUARE,D,VVS1,CVD,,,,,2,32418.551587,190.6974
D,carat_bucket+Shape+Color+Clarity+TypeName,1.50-1.99,SQUARE,D,VVS2,CVD,,,,,2,25879.280224,152.2311
D,carat_bucket+Shape+Color+Clarity+TypeName,1.50-1.99,SQUARE,E,VS1,CVD,,,,,7,19274.509804,113.3795
D,carat_bucket+Shape+Color+Clarity+TypeName,1.50-1.99,SQUARE,E,VS1,HPHT,,,,,1,19660.0,115.6471
D,carat_bucket+Shape+Color+Clarity+TypeName,1.50-1.99,SQUARE,E,VVS2,CVD,,,,,5,19025.806452,111.9165
D,carat_bucket+Shape+Color+Clarity+TypeName,1.50-1.99,SQUARE,F,VS1,CVD,,,,,1,24948.387097,146.7552
D,carat_bucket+Shape+Color+Clarity+TypeName,10.00+,-,D,VVS1,CVD,,,,,1,118405.819296,696.5048
D,carat_bucket+Shape+Color+Clarity+TypeName,10.00+,ASHOKA,E,VS1,CVD,,,,,1,59765.217391,351.5601
D,carat_bucket+Shape+Color+Clarity+TypeName,10.00+,CUSHION,D,VS1,CVD,,,,,1,30834.49651,181.3794
D,carat_bucket+Shape+Color+Clarity+TypeName,10.00+,CUSHION,F,VVS2,CVD,,,,,1,27640.516385,162.5913
D,carat_bucket+Shape+Color+Clarity+TypeName,10.00+,EMERALD,D,VS1,CVD,,,,,2,55175.256963,324.5603
D,carat_bucket+Shape+Color+Clarity+TypeName,10.00+,EMERALD,D,VVS1,CVD,,,,,22,41759.669202,245.6451
D,carat_bucket+Shape+Color+Clarity+TypeName,10.00+,EMERALD,D,VVS2,CVD,,,,,6,68814.583431,404.7917
D,carat_bucket+Shape+Color+Clarity+TypeName,10.00+,EMERALD,E,VS1,CVD,,,,,16,25371.399707,149.2435
D,carat_bucket+Shape+Color+Clarity+TypeName,10.00+,EMERALD,E,VVS1,CVD,,,,,2,37334.936564,219.6173
D,carat_bucket+Shape+Color+Clarity+TypeName,10.00+,EMERALD,E,VVS2,CVD,,,,,22,26949.330804,158.5255
D,carat_bucket+Shape+Color+Clarity+TypeName,10.00+,EMERALD,F,VS1,CVD,,,,,14,25173.951209,148.0821
D,carat_bucket+Shape+Color+Clarity+TypeName,10.00+,EMERALD,F,VVS2,CVD,,,,,12,24935.592765,146.68
D,carat_bucket+Shape+Color+Clarity+TypeName,10.00+,HEART,D,VS1,CVD,,,,,1,67701.19403,398.2423
D,carat_bucket+Shape+Color+Clarity+TypeName,10.00+,HEART,D,VVS1,CVD,,,,,8,100562.710939,591.5454
D,carat_bucket+Shape+Color+Clarity+TypeName,10.00+,HEART,D,VVS2,CVD,,,,,3,65083.333333,382.8431
D,carat_bucket+Shape+Color+Clarity+TypeName,10.00+,HEART,E,VS1,CVD,,,,,3,50927.54491,299.5738
D,carat_bucket+Shape+Color+Clarity+TypeName,10.00+,MARQUISE,D,VVS1,CVD,,,,,3,83427.745665,490.7514
D,carat_bucket+Shape+Color+Clarity+TypeName,10.00+,MARQUISE,D,VVS2,CVD,,,,,1,71393.351801,419.9609
D,carat_bucket+Shape+Color+Clarity+TypeName,10.00+,MARQUISE,E,VS1,CVD,,,,,3,27176.470588,159.8616
D,carat_bucket+Shape+Color+Clarity+TypeName,10.00+,MARQUISE,E,VVS1,CVD,,,,,1,132194.539249,777.6149
D,carat_bucket+Shape+Color+Clarity+TypeName,10.00+,MARQUISE,E,VVS2,CVD,,,,,7,33065.47619,194.5028
D,carat_bucket+Shape+Color+Clarity+TypeName,10.00+,MARQUISE,F,VVS2,CVD,,,,,4,32705.681282,192.3864
D,carat_bucket+Shape+Color+Clarity+TypeName,10.00+,OVAL,D,VS1,CVD,,,,,1,50268.582755,295.6975
D,carat_bucket+Shape+Color+Clarity+TypeName,10.00+,OVAL,D,VVS1,CVD,,,,,24,62836.471754,369.6263
D,carat_bucket+Shape+Color+Clarity+TypeName,10.00+,OVAL,D,VVS2,CVD,,,,,7,91162.721893,536.2513
D,carat_bucket+Shape+Color+Clarity+TypeName,10.00+,OVAL,E,VS1,CVD,,,,,5,34318.145563,201.8714
D,carat_bucket+Shape+Color+Clarity+TypeName,10.00+,OVAL,E,VVS1,CVD,,,,,1,48643.68932,286.1393
D,carat_bucket+Shape+Color+Clarity+TypeName,10.00+,OVAL,E,VVS2,CVD,,,,,31,34811.665005,204.7745
D,carat_bucket+Shape+Color+Clarity+TypeName,10.00+,OVAL,F,VS1,CVD,,,,,7,29565.434565,173.9143
D,carat_bucket+Shape+Color+Clarity+TypeName,10.00+,OVAL,F,VVS1,CVD,,,,,2,41239.0113,242.5824
D,carat_bucket+Shape+Color+Clarity+TypeName,10.00+,OVAL,F,VVS2,CVD,,,,,11,31893.638171,187.6096
D,carat_bucket+Shape+Color+Clarity+TypeName,10.00+,PEAR,D,VS1,CVD,,,,,1,51453.982301,302.6705
D,carat_bucket+Shape+Color+Clarity+TypeName,10.00+,PEAR,D,VVS1,CVD,,,,,23,116958.055925,687.9886
D,carat_bucket+Shape+Color+Clarity+TypeName,10.00+,PEAR,D,VVS2,CVD,,,,,3,96765.671642,569.2098
D,carat_bucket+Shape+Color+Clarity+TypeName,10.00+,PEAR,E,VS1,CVD,,,,,5,31000.96432,182.3586
D,carat_bucket+Shape+Color+Clarity+TypeName,10.00+,PEAR,E,VVS2,CVD,,,,,5,32628.712871,191.9336
D,carat_bucket+Shape+Color+Clarity+TypeName,10.00+,PEAR,F,VS1,CVD,,,,,5,29714.001986,174.7882
D,carat_bucket+Shape+Color+Clarity+TypeName,10.00+,PEAR,F,VVS2,CVD,,,,,3,30038.88335,176.6993
D,carat_bucket+Shape+Color+Clarity+TypeName,10.00+,PRINCESS,E,VVS2,CVD,,,,,1,59206.759443,348.2751
D,carat_bucket+Shape+Color+Clarity+TypeName,10.00+,RADIANT,D,VVS1,CVD,,,,,5,38062.5,223.8971
D,carat_bucket+Shape+Color+Clarity+TypeName,10.00+,RADIANT,D,VVS2,CVD,,,,,2,71151.912339,418.5407
D,carat_bucket+Shape+Color+Clarity+TypeName,10.00+,RADIANT,E,VS1,CVD,,,,,3,29153.046953,171.4885
D,carat_bucket+Shape+Color+Clarity+TypeName,10.00+,RADIANT,E,VVS2,CVD,,,,,9,30218.344965,177.755
D,carat_bucket+Shape+Color+Clarity+TypeName,10.00+,RADIANT,F,VVS2,CVD,,,,,1,29407.738095,172.9867
D,carat_bucket+Shape+Color+Clarity+TypeName,10.00+,ROUND,D,VVS1,CVD,,,,,26,86281.842861,507.5403
D,carat_bucket+Shape+Color+Clarity+TypeName,10.00+,ROUND,D,VVS2,CVD,,,,,5,74151.848152,436.1873
D,carat_bucket+Shape+Color+Clarity+TypeName,10.00+,ROUND,E,VS1,CVD,,,,,4,53779.786855,316.3517
D,carat_bucket+Shape+Color+Clarity+TypeName,10.00+,ROUND,E,VVS1,CVD,,,,,4,63087.129313,371.1008
D,carat_bucket+Shape+Color+Clarity+TypeName,10.00+,ROUND,E,VVS2,CVD,,,,,4,60651.898431,356.7759
D,carat_bucket+Shape+Color+Clarity+TypeName,10.00+,ROUND,F,VS1,CVD,,,,,1,51514.97006,303.0292
D,carat_bucket+Shape+Color+Clarity+TypeName,10.00+,ROUND,F,VVS1,CVD,,,,,1,49978.279757,293.9899
D,carat_bucket+Shape+Color+Clarity+TypeName,10.00+,ROUND,F,VVS2,CVD,,,,,3,54107.355865,318.2786
D,carat_bucket+Shape+Color+Clarity+TypeName,10.00+,SQUARE,D,VVS1,CVD,,,,,2,88734.157596,521.9656
D,carat_bucket+Shape+Color+Clarity+TypeName,10.00+,SQUARE,D,VVS2,CVD,,,,,3,59005.121639,347.089
D,carat_bucket+Shape+Color+Clarity+TypeName,10.00+,SQUARE,E,VS1,CVD,,,,,2,68313.879364,401.8463
D,carat_bucket+Shape+Color+Clarity+TypeName,10.00+,SQUARE,E,VVS1,CVD,,,,,1,28986.041874,170.5061
D,carat_bucket+Shape+Color+Clarity+TypeName,10.00+,SQUARE,E,VVS2,CVD,,,,,1,55242.637644,324.9567
D,carat_bucket+Shape+Color+Clarity+TypeName,10.00+,SQUARE,F,VVS1,CVD,,,,,1,26232.142857,154.3067
D,carat_bucket+Shape+Color+Clarity+TypeName,2.00-2.99,-,D,VS1,CVD,,,,,10,53141.114149,312.5948
D,carat_bucket+Shape+Color+Clarity+TypeName,2.00-2.99,-,D,VVS1,CVD,,,,,21,66588.516746,391.6972
D,carat_bucket+Shape+Color+Clarity+TypeName,2.00-2.99,-,D,VVS2,CVD,,,,,39,59196.172249,348.2128
D,carat_bucket+Shape+Color+Clarity+TypeName,2.00-2.99,-,E,VVS1,CVD,,,,,8,48956.678783,287.9805
D,carat_bucket+Shape+Color+Clarity+TypeName,2.00-2.99,-,E,VVS2,CVD,,,,,5,45043.68932,264.9629
D,carat_bucket+Shape+Color+Clarity+TypeName,2.00-2.99,ASSCHER,D,VS1,CVD,,,,,3,23762.376238,139.7787
D,carat_bucket+Shape+Color+Clarity+TypeName,2.00-2.99,ASSCHER,D,VS1,HPHT,,,,,3,24626.865672,144.8639
D,carat_bucket+Shape+Color+Clarity+TypeName,2.00-2.99,ASSCHER,D,VVS1,HPHT,,,,,1,38462.686567,226.2511
D,carat_bucket+Shape+Color+Clarity+TypeName,2.00-2.99,ASSCHER,D,VVS2,CVD,,,,,3,25014.925373,147.1466
D,carat_bucket+Shape+Color+Clarity+TypeName,2.00-2.99,ASSCHER,D,VVS2,HPHT,,,,,4,28339.805825,166.7047
D,carat_bucket+Shape+Color+Clarity+TypeName,2.00-2.99,ASSCHER,E,VS1,CVD,,,,,5,21524.271845,126.6134
D,carat_bucket+Shape+Color+Clarity+TypeName,2.00-2.99,ASSCHER,E,VVS2,CVD,,,,,6,21891.956865,128.7762
D,carat_bucket+Shape+Color+Clarity+TypeName,2.00-2.99,ASSCHER,E,VVS2,HPHT,,,,,1,21980.769231,129.2986
D,carat_bucket+Shape+Color+Clarity+TypeName,2.00-2.99,ASSCHER,F,VS2,HPHT,,,,,1,21180.0,124.5882
D,carat_bucket+Shape+Color+Clarity+TypeName,2.00-2.99,CUSHION,D,VS1,CVD,,,,,17,21447.761194,126.1633
D,carat_bucket+Shape+Color+Clarity+TypeName,2.00-2.99,CUSHION,D,VVS1,HPHT,,,,,3,38316.831683,225.3931
D,carat_bucket+Shape+Color+Clarity+TypeName,2.00-2.99,CUSHION,D,VVS2,CVD,,,,,21,24390.0,143.4706
D,carat_bucket+Shape+Color+Clarity+TypeName,2.00-2.99,CUSHION,D,VVS2,HPHT,,,,,8,23907.804878,140.6341
D,carat_bucket+Shape+Color+Clarity+TypeName,2.00-2.99,CUSHION,E,VS1,CVD,,,,,54,20940.298507,123.1782
D,carat_bucket+Shape+Color+Clarity+TypeName,2.00-2.99,CUSHION,E,VS2,CVD,,,,,1,20611.940299,121.2467
D,carat_bucket+Shape+Color+Clarity+TypeName,2.00-2.99,CUSHION,E,VS2,HPHT,,,,,2,20612.450495,121.2497
D,carat_bucket+Shape+Color+Clarity+TypeName,2.00-2.99,CUSHION,E,VVS1,HPHT,,,,,1,36561.576355,215.0681
D,carat_bucket+Shape+Color+Clarity+TypeName,2.00-2.99,CUSHION,E,VVS2,CVD,,,,,22,21411.231884,125.9484
D,carat_bucket+Shape+Color+Clarity+TypeName,2.00-2.99,CUSHION,E,VVS2,HPHT,,,,,2,21874.40997,128.673
D,carat_bucket+Shape+Color+Clarity+TypeName,2.00-2.99,CUSHION,F,VS1,HPHT,,,,,1,20850.746269,122.6514
D,carat_bucket+Shape+Color+Clarity+TypeName,2.00-2.99,CUSHION,G,VS1,CVD,,,,,1,23193.396226,136.4317
D,carat_bucket+Shape+Color+Clarity+TypeName,2.00-2.99,EMERALD,D,VS1,CVD,,,,,61,20544.117647,120.8478
D,carat_bucket+Shape+Color+Clarity+TypeName,2.00-2.99,EMERALD,D,VS1,HPHT,,,,,1,20896.039604,122.9179
D,carat_bucket+Shape+Color+Clarity+TypeName,2.00-2.99,EMERALD,D,VS2,CVD,,,,,6,20765.671642,122.151
D,carat_bucket+Shape+Color+Clarity+TypeName,2.00-2.99,EMERALD,D,VVS1,CVD,,,,,1,31004.0,182.3765
D,carat_bucket+Shape+Color+Clarity+TypeName,2.00-2.99,EMERALD,D,VVS1,HPHT,,,,,3,33537.980769,197.2822
D,carat_bucket+Shape+Color+Clarity+TypeName,2.00-2.99,EMERALD,D,VVS2,CVD,,,,,25,21383.168317,125.7833
D,carat_bucket+Shape+Color+Clarity+TypeName,2.00-2.99,EMERALD,E,VS1,CVD,,,,,55,19054.455446,112.085
D,carat_bucket+Shape+Color+Clarity+TypeName,2.00-2.99,EMERALD,E,VS2,CVD,,,,,2,21079.495103,123.997
D,carat_bucket+Shape+Color+Clarity+TypeName,2.00-2.99,EMERALD,E,VVS1,CVD,,,,,2,39088.05256,229.9297
D,carat_bucket+Shape+Color+Clarity+TypeName,2.00-2.99,EMERALD,E,VVS2,CVD,,,,,58,19340.57971,113.7681
D,carat_bucket+Shape+Color+Clarity+TypeName,2.00-2.99,EMERALD,F,VS1,CVD,,,,,5,18825.742574,110.7397
D,carat_bucket+Shape+Color+Clarity+TypeName,2.00-2.99,EMERALD,F,VS2,CVD,,,,,2,21645.880996,127.3287
D,carat_bucket+Shape+Color+Clarity+TypeName,2.00-2.99,EMERALD,F,VVS2,CVD,,,,,33,18750.0,110.2941
D,carat_bucket+Shape+Color+Clarity+TypeName,2.00-2.99,EMERALD,G,VS1,CVD,,,,,1,23204.651163,136.4979
D,carat_bucket+Shape+Color+Clarity+TypeName,2.00-2.99,HEART,D,SI1,CVD,,,,,2,24169.090279,142.1711
D,carat_bucket+Shape+Color+Clarity+TypeName,2.00-2.99,HEART,D,VS1,CVD,,,,,33,21024.285714,123.6723
D,carat_bucket+Shape+Color+Clarity+TypeName,2.00-2.99,HEART,D,VS2,CVD,,,,,4,23760.932836,139.7702
D,carat_bucket+Shape+Color+Clarity+TypeName,2.00-2.99,HEART,D,VVS1,CVD,,,,,6,42722.563161,251.3092
D,carat_bucket+Shape+Color+Clarity+TypeName,2.00-2.99,HEART,D,VVS1,HPHT,,,,,4,42683.823529,251.0813
D,carat_bucket+Shape+Color+Clarity+TypeName,2.00-2.99,HEART,D,VVS2,CVD,,,,,56,25141.139713,147.8891
D,carat_bucket+Shape+Color+Clarity+TypeName,2.00-2.99,HEART,D,VVS2,HPHT,,,,,3,25014.705882,147.1453
D,carat_bucket+Shape+Color+Clarity+TypeName,2.00-2.99,HEART,E,SI1,CVD,,,,,1,29388.349515,172.8726
D,carat_bucket+Shape+Color+Clarity+TypeName,2.00-2.99,HEART,E,VS1,CVD,,,,,20,19392.022631,114.0707
D,carat_bucket+Shape+Color+Clarity+TypeName,2.00-2.99,HEART,E,VS2,CVD,,,,,2,19164.691604,112.7335
D,carat_bucket+Shape+Color+Clarity+TypeName,2.00-2.99,HEART,E,VVS1,CVD,,,,,1,45251.231527,266.1837
D,carat_bucket+Shape+Color+Clarity+TypeName,2.00-2.99,HEART,E,VVS2,CVD,,,,,11,21054.285714,123.8487
D,carat_bucket+Shape+Color+Clarity+TypeName,2.00-2.99,HEART,F,VS1,CVD,,,,,1,33480.582524,196.9446
D,carat_bucket+Shape+Color+Clarity+TypeName,2.00-2.99,HEART,F,VVS2,CVD,,,,,2,37111.337365,218.302
D,carat_bucket+Shape+Color+Clarity+TypeName,2.00-2.99,HEART,G,VS1,CVD,,,,,1,26288.135593,154.6361
D,carat_bucket+Shape+Color+Clarity+TypeName,2.00-2.99,MARQUISE,D,VS1,CVD,,,,,13,33472.906404,196.8994
D,carat_bucket+Shape+Color+Clarity+TypeName,2.00-2.99,MARQUISE,D,VVS2,CVD,,,,,37,35370.44335,208.0614
D,carat_bucket+Shape+Color+Clarity+TypeName,2.00-2.99,MARQUISE,D,VVS2,HPHT,,,,,2,35811.69403,210.657
D,carat_bucket+Shape+Color+Clarity+TypeName,2.00-2.99,MARQUISE,E,VS1,CVD,,,,,35,20815.841584,122.4461
D,carat_bucket+Shape+Color+Clarity+TypeName,2.00-2.99,MARQUISE,E,VVS2,CVD,,,,,38,21223.880597,124.8464
D,carat_bucket+Shape+Color+Clarity+TypeName,2.00-2.99,OVAL,D,VS1,CVD,,,,,184,22253.731343,130.9043
D,carat_bucket+Shape+Color+Clarity+TypeName,2.00-2.99,OVAL,D,VS1,HPHT,,,,,3,22099.009901,129.9942
D,carat_bucket+Shape+Color+Clarity+TypeName,2.00-2.99,OVAL,D,VS2,CVD,,,,,29,20771.428571,122.1849
D,carat_bucket+Shape+Color+Clarity+TypeName,2.00-2.99,OVAL,D,VS2,HPHT,,,,,4,21057.971014,123.8704
D,carat_bucket+Shape+Color+Clarity+TypeName,2.00-2.99,OVAL,D,VVS1,CVD,,,,,9,37075.609756,218.0918
D,carat_bucket+Shape+Color+Clarity+TypeName,2.00-2.99,OVAL,D,VVS1,HPHT,,,,,34,37813.432836,222.432
D,carat_bucket+Shape+Color+Clarity+TypeName,2.00-2.99,OVAL,D,VVS2,CVD,,,,,131,22641.791045,133.187
D,carat_bucket+Shape+Color+Clarity+TypeName,2.00-2.99,OVAL,D,VVS2,HPHT,,,,,23,23272.277228,136.8957
D,carat_bucket+Shape+Color+Clarity+TypeName,2.00-2.99,OVAL,E,VS1,CVD,,,,,192,20208.955224,118.8762
D,carat_bucket+Shape+Color+Clarity+TypeName,2.00-2.99,OVAL,E,VS2,CVD,,,,,12,19965.671642,117.4451
D,carat_bucket+Shape+Color+Clarity+TypeName,2.00-2.99,OVAL,E,VVS1,CVD,,,,,2,36839.120509,216.7007
D,carat_bucket+Shape+Color+Clarity+TypeName,2.00-2.99,OVAL,E,VVS2,CVD,,,,,182,21371.287129,125.7135
D,carat_bucket+Shape+Color+Clarity+TypeName,2.00-2.99,OVAL,F,VS1,CVD,,,,,18,19980.597015,117.5329
D,carat_bucket+Shape+Color+Clarity+TypeName,2.00-2.99,OVAL,F,VS2,CVD,,,,,3,19965.671642,117.4451
D,carat_bucket+Shape+Color+Clarity+TypeName,2.00-2.99,OVAL,F,VVS1,CVD,,,,,1,28788.17734,169.3422
D,carat_bucket+Shape+Color+Clarity+TypeName,2.00-2.99,OVAL,F,VVS2,CVD,,,,,16,21565.5,126.8559
D,carat_bucket+Shape+Color+Clarity+TypeName,2.00-2.99,OVAL,F,VVS2,HPHT,,,,,1,20937.378641,123.1611
D,carat_bucket+Shape+Color+Clarity+TypeName,2.00-2.99,PEAR,D,VS1,CVD,,,,,53,21946.601942,129.0977
D,carat_bucket+Shape+Color+Clarity+TypeName,2.00-2.99,PEAR,D,VS1,HPHT,,,,,1,25567.588933,150.3976
D,carat_bucket+Shape+Color+Clarity+TypeName,2.00-2.99,PEAR,D,VS2,CVD,,,,,1,19768.269231,116.2839
D,carat_bucket+Shape+Color+Clarity+TypeName,2.00-2.99,PEAR,D,VS2,HPHT,,,,,2,20520.0,120.7059
D,carat_bucket+Shape+Color+Clarity+TypeName,2.00-2.99,PEAR,D,VVS1,CVD,,,,,1,36358.851675,213.8756
D,carat_bucket+Shape+Color+Clarity+TypeName,2.00-2.99,PEAR,D,VVS1,HPHT,,,,,23,40761.19403,239.7717
D,carat_bucket+Shape+Color+Clarity+TypeName,2.00-2.99,PEAR,D,VVS2,CVD,,,,,24,25388.059701,149.3415
D,carat_bucket+Shape+Color+Clarity+TypeName,2.00-2.99,PEAR,D,VVS2,HPHT,,,,,2,25466.1014,149.8006
D,carat_bucket+Shape+Color+Clarity+TypeName,2.00-2.99,PEAR,E,VS1,CVD,,,,,61,20295.0,119.3824
D,carat_bucket+Shape+Color+Clarity+TypeName,2.00-2.99,PEAR,E,VS2,CVD,,,,,2,20118.408416,118.3436
D,carat_bucket+Shape+Color+Clarity+TypeName,2.00-2.99,PEAR,E,VS2,HPHT,,,,,1,19616.504854,115.3912
D,carat_bucket+Shape+Color+Clarity+TypeName,2.00-2.99,PEAR,E,VVS1,CVD,,,,,3,33771.84466,198.6579
D,carat_bucket+Shape+Color+Clarity+TypeName,2.00-2.99,PEAR,E,VVS2,CVD,,,,,35,20565.671642,120.9745
D,carat_bucket+Shape+Color+Clarity+TypeName,2.00-2.99,PEAR,F,VS1,CVD,,,,,8,19997.014925,117.6295
D,carat_bucket+Shape+Color+Clarity+TypeName,2.00-2.99,PEAR,F,VS2,CVD,,,,,5,19863.0,116.8412
D,carat_bucket+Shape+Color+Clarity+TypeName,2.00-2.99,PEAR,F,VVS2,CVD,,,,,19,20238.80597,119.0518
D,carat_bucket+Shape+Color+Clarity+TypeName,2.00-2.99,PRINCESS,D,SI1,CVD,,,,,1,26164.179104,153.9069
D,carat_bucket+Shape+Color+Clarity+TypeName,2.00-2.99,PRINCESS,D,VS1,CVD,,,,,29,21462.686567,126.2511
D,carat_bucket+Shape+Color+Clarity+TypeName,2.00-2.99,PRINCESS,D,VVS1,CVD,,,,,18,39273.506624,231.0206
D,carat_bucket+Shape+Color+Clarity+TypeName,2.00-2.99,PRINCESS,D,VVS2,CVD,,,,,56,22717.5,133.6324
D,carat_bucket+Shape+Color+Clarity+TypeName,2.00-2.99,PRINCESS,E,VS1,CVD,,,,,21,20995.522388,123.5031
D,carat_bucket+Shape+Color+Clarity+TypeName,2.00-2.99,PRINCESS,E,VS2,CVD,,,,,1,26644.268775,156.731
D,carat_bucket+Shape+Color+Clarity+TypeName,2.00-2.99,PRINCESS,E,VVS1,CVD,,,,,11,32970.44335,193.9438
D,carat_bucket+Shape+Color+Clarity+TypeName,2.00-2.99,PRINCESS,E,VVS2,CVD,,,,,31,31076.555024,182.8033
D,carat_bucket+Shape+Color+Clarity+TypeName,2.00-2.99,PRINCESS,F,VS1,CVD,,,,,3,24764.423077,145.6731
D,carat_bucket+Shape+Color+Clarity+TypeName,2.00-2.99,PRINCESS,F,VVS1,CVD,,,,,1,30465.0,179.2059
D,carat_bucket+Shape+Color+Clarity+TypeName,2.00-2.99,PRINCESS,F,VVS2,CVD,,,,,15,26128.078818,153.6946
D,carat_bucket+Shape+Color+Clarity+TypeName,2.00-2.99,RADIANT,D,VS1,CVD,,,,,17,23740.384615,139.6493
D,carat_bucket+Shape+Color+Clarity+TypeName,2.00-2.99,RADIANT,D,VVS1,HPHT,,,,,6,38364.504212,225.6736
D,carat_bucket+Shape+Color+Clarity+TypeName,2.00-2.99,RADIANT,D,VVS2,CVD,,,,,22,26569.500355,156.2912
D,carat_bucket+Shape+Color+Clarity+TypeName,2.00-2.99,RADIANT,D,VVS2,HPHT,,,,,1,27861.386139,163.8905
D,carat_bucket+Shape+Color+Clarity+TypeName,2.00-2.99,RADIANT,E,VS1,CVD,,,,,17,22363.636364,131.5508
D,carat_bucket+Shape+Color+Clarity+TypeName,2.00-2.99,RADIANT,E,VVS2,CVD,,,,,23,23330.097087,137.2359
D,carat_bucket+Shape+Color+Clarity+TypeName,2.00-2.99,RADIANT,E,VVS2,HPHT,,,,,3,23971.014493,141.006
D,carat_bucket+Shape+Color+Clarity+TypeName,2.00-2.99,RADIANT,F,VVS2,CVD,,,,,2,22627.871182,133.1051
D,carat_bucket+Shape+Color+Clarity+TypeName,2.00-2.99,ROUND,D,SI1,CVD,,,,,1,21178.082192,124.577
D,carat_bucket+Shape+Color+Clarity+TypeName,2.00-2.99,ROUND,D,VS1,CVD,,,,,413,21240.0,124.9412
D,carat_bucket+Shape+Color+Clarity+TypeName,2.00-2.99,ROUND,D,VS1,HPHT,,,,,10,32515.471423,191.2675
D,carat_bucket+Shape+Color+Clarity+TypeName,2.00-2.99,ROUND,D,VS2,CVD,,,,,6,22338.0,131.4
D,carat_bucket+Shape+Color+Clarity+TypeName,2.00-2.99,ROUND,D,VS2,HPHT,,,,,2,25292.537313,148.7796
D,carat_bucket+Shape+Color+Clarity+TypeName,2.00-2.99,ROUND,D,VVS1,CVD,,,,,10,38252.390223,225.0141
D,carat_bucket+Shape+Color+Clarity+TypeName,2.00-2.99,ROUND,D,VVS1,HPHT,,,,,105,42043.68932,247.3158
D,carat_bucket+Shape+Color+Clarity+TypeName,2.00-2.99,ROUND,D,VVS2,-,,,,,2,36180.665025,212.8274
D,carat_bucket+Shape+Color+Clarity+TypeName,2.00-2.99,ROUND,D,VVS2,CVD,,,,,389,23458.208955,137.9895
D,carat_bucket+Shape+Color+Clarity+TypeName,2.00-2.99,ROUND,D,VVS2,HPHT,,,,,79,34455.445545,202.6791
D,carat_bucket+Shape+Color+Clarity+TypeName,2.00-2.99,ROUND,E,SI1,CVD,,,,,2,22792.393142,134.0729
D,carat_bucket+Shape+Color+Clarity+TypeName,2.00-2.99,ROUND,E,VS1,CVD,,,,,497,19970.149254,117.4715
D,carat_bucket+Shape+Color+Clarity+TypeName,2.00-2.99,ROUND,E,VS2,CVD,,,,,19,20097.0,118.2176
D,carat_bucket+Shape+Color+Clarity+TypeName,2.00-2.99,ROUND,E,VVS1,CVD,,,,,9,30014.563107,176.5563
D,carat_bucket+Shape+Color+Clarity+TypeName,2.00-2.99,ROUND,E,VVS2,CVD,,,,,351,20580.597015,121.0623
D,carat_bucket+Shape+Color+Clarity+TypeName,2.00-2.99,ROUND,E,VVS2,HPHT,,,,,3,22881.176471,134.5952
D,carat_bucket+Shape+Color+Clarity+TypeName,2.00-2.99,ROUND,F,VS1,CVD,,,,,1,21697.368421,127.6316
D,carat_bucket+Shape+Color+Clarity+TypeName,2.00-2.99,ROUND,F,VS2,CVD,,,,,2,22636.452548,133.1556
D,carat_bucket+Shape+Color+Clarity+TypeName,2.00-2.99,ROUND,F,VVS1,CVD,,,,,1,25262.376238,148.6022
D,carat_bucket+Shape+Color+Clarity+TypeName,2.00-2.99,ROUND,F,VVS2,CVD,,,,,46,20716.41791,121.8613
D,carat_bucket+Shape+Color+Clarity+TypeName,2.00-2.99,SQUARE,D,VS1,CVD,,,,,6,31889.476832,187.5852
D,carat_bucket+Shape+Color+Clarity+TypeName,2.00-2.99,SQUARE,D,VS2,CVD,,,,,1,31238.80597,183.7577
D,carat_bucket+Shape+Color+Clarity+TypeName,2.00-2.99,SQUARE,D,VVS2,CVD,,,,,8,32918.409851,193.6377
D,carat_bucket+Shape+Color+Clarity+TypeName,2.00-2.99,SQUARE,D,VVS2,HPHT,,,,,1,25058.208955,147.4012
D,carat_bucket+Shape+Color+Clarity+TypeName,2.00-2.99,SQUARE,E,VS1,CVD,,,,,8,26286.980769,154.6293
D,carat_bucket+Shape+Color+Clarity+TypeName,2.00-2.99,SQUARE,E,VS2,CVD,,,,,1,26928.229665,158.4014
D,carat_bucket+Shape+Color+Clarity+TypeName,2.00-2.99,SQUARE,E,VVS1,CVD,,,,,3,41440.191388,243.7658
D,carat_bucket+Shape+Color+Clarity+TypeName,2.00-2.99,SQUARE,E,VVS2,CVD,,,,,17,28436.440678,167.2732
D,carat_bucket+Shape+Color+Clarity+TypeName,2.00-2.99,SQUARE,F,VS1,CVD,,,,,3,24585.365854,144.6198
D,carat_bucket+Shape+Color+Clarity+TypeName,2.00-2.99,SQUARE,F,VS2,CVD,,,,,1,23192.307692,136.4253
D,carat_bucket+Shape+Color+Clarity+TypeName,2.00-2.99,SQUARE,F,VVS1,CVD,,,,,1,28701.923077,168.8348
D,carat_bucket+Shape+Color+Clarity+TypeName,2.00-2.99,SQUARE,F,VVS2,CVD,,,,,1,27118.226601,159.519
D,carat_bucket+Shape+Color+Clarity+TypeName,3.00-3.99,-,D,VS1,CVD,,,,,12,58833.047782,346.0768
D,carat_bucket+Shape+Color+Clarity+TypeName,3.00-3.99,-,D,VVS1,CVD,,,,,8,74067.961165,435.6939
D,carat_bucket+Shape+Color+Clarity+TypeName,3.00-3.99,-,D,VVS2,CVD,,,,,36,68168.736603,400.9926
D,carat_bucket+Shape+Color+Clarity+TypeName,3.00-3.99,-,E,VVS1,CVD,,,,,4,59214.650091,348.3215
D,carat_bucket+Shape+Color+Clarity+TypeName,3.00-3.99,-,E,VVS2,CVD,,,,,9,60058.252427,353.2838
D,carat_bucket+Shape+Color+Clarity+TypeName,3.00-3.99,-,F,VVS1,CVD,,,,,1,39264.248705,230.9662
D,carat_bucket+Shape+Color+Clarity+TypeName,3.00-3.99,-,F,VVS2,CVD,,,,,1,43834.951456,257.8527
D,carat_bucket+Shape+Color+Clarity+TypeName,3.00-3.99,ASSCHER,D,VS1,CVD,,,,,6,26650.318162,156.7666
D,carat_bucket+Shape+Color+Clarity+TypeName,3.00-3.99,ASSCHER,D,VVS2,CVD,,,,,2,27520.0,161.8824
D,carat_bucket+Shape+Color+Clarity+TypeName,3.00-3.99,ASSCHER,E,VVS2,CVD,,,,,4,24802.024035,145.8943
D,carat_bucket+Shape+Color+Clarity+TypeName,3.00-3.99,CUSHION,D,VS1,CVD,,,,,7,23529.139073,138.4067
D,carat_bucket+Shape+Color+Clarity+TypeName,3.00-3.99,CUSHION,D,VVS2,CVD,,,,,11,26832.55814,157.8386
D,carat_bucket+Shape+Color+Clarity+TypeName,3.00-3.99,CUSHION,D,VVS2,HPHT,,,,,2,30597.058824,179.9827
D,carat_bucket+Shape+Color+Clarity+TypeName,3.00-3.99,CUSHION,E,VS1,CVD,,,,,17,22290.397351,131.12
D,carat_bucket+Shape+Color+Clarity+TypeName,3.00-3.99,CUSHION,E,VS2,CVD,,,,,1,26285.714286,154.6218
D,carat_bucket+Shape+Color+Clarity+TypeName,3.00-3.99,CUSHION,E,VVS1,CVD,,,,,1,38411.764706,225.9516
D,carat_bucket+Shape+Color+Clarity+TypeName,3.00-3.99,CUSHION,E,VVS2,CVD,,,,,9,23958.278146,140.931
D,carat_bucket+Shape+Color+Clarity+TypeName,3.00-3.99,CUSHION,F,VVS2,CVD,,,,,3,22724.252492,133.6721
D,carat_bucket+Shape+Color+Clarity+TypeName,3.00-3.99,EMERALD,D,VS1,CVD,,,,,33,21511.881188,126.5405
D,carat_bucket+Shape+Color+Clarity+TypeName,3.00-3.99,EMERALD,D,VS2,CVD,,,,,2,28655.739261,168.5632
D,carat_bucket+Shape+Color+Clarity+TypeName,3.00-3.99,EMERALD,D,VVS1,CVD,,,,,1,37524.271845,220.731
D,carat_bucket+Shape+Color+Clarity+TypeName,3.00-3.99,EMERALD,D,VVS2,CVD,,,,,36,28743.720688,169.0807
D,carat_bucket+Shape+Color+Clarity+TypeName,3.00-3.99,EMERALD,E,VS1,CVD,,,,,57,19254.901961,113.2641
D,carat_bucket+Shape+Color+Clarity+TypeName,3.00-3.99,EMERALD,E,VS2,CVD,,,,,6,19215.920268,113.0348
D,carat_bucket+Shape+Color+Clarity+TypeName,3.00-3.99,EMERALD,E,VVS1,CVD,,,,,2,33079.316888,194.5842
D,carat_bucket+Shape+Color+Clarity+TypeName,3.00-3.99,EMERALD,E,VVS2,CVD,,,,,59,20960.264901,123.2957
D,carat_bucket+Shape+Color+Clarity+TypeName,3.00-3.99,EMERALD,F,VS1,CVD,,,,,7,18800.0,110.5882
D,carat_bucket+Shape+Color+Clarity+TypeName,3.00-3.99,EMERALD,F,VS2,CVD,,,,,2,22076.318321,129.8607
D,carat_bucket+Shape+Color+Clarity+TypeName,3.00-3.99,EMERALD,F,VVS1,CVD,,,,,1,28825.242718,169.5603
D,carat_bucket+Shape+Color+Clarity+TypeName,3.00-3.99,EMERALD,F,VVS2,CVD,,,,,18,20616.972124,121.2763
D,carat_bucket+Shape+Color+Clarity+TypeName,3.00-3.99,HEART,D,VS1,CVD,,,,,29,18471.568627,108.6563
D,carat_bucket+Shape+Color+Clarity+TypeName,3.00-3.99,HEART,D,VVS2,CVD,,,,,47,22009.803922,129.4694
D,carat_bucket+Shape+Color+Clarity+TypeName,3.00-3.99,HEART,E,VS1,CVD,,,,,29,18389.508197,108.1736
D,carat_bucket+Shape+Color+Clarity+TypeName,3.00-3.99,HEART,E,VS2,CVD,,,,,1,38096.02649,224.0943
D,carat_bucket+Shape+Color+Clarity+TypeName,3.00-3.99,HEART,E,VVS1,CVD,,,,,1,53264.705882,313.3218
D,carat_bucket+Shape+Color+Clarity+TypeName,3.00-3.99,HEART,E,VVS2,CVD,,,,,24,18912.621359,111.2507
D,carat_bucket+Shape+Color+Clarity+TypeName,3.00-3.99,HEART,F,VS1,CVD,,,,,2,19894.50971,117.0265
D,carat_bucket+Shape+Color+Clarity+TypeName,3.00-3.99,HEART,F,VVS1,CVD,,,,,1,39971.698113,235.1276
D,carat_bucket+Shape+Color+Clarity+TypeName,3.00-3.99,HEART,F,VVS2,CVD,,,,,5,17920.792079,105.4164
D,carat_bucket+Shape+Color+Clarity+TypeName,3.00-3.99,MARQUISE,D,VS1,CVD,,,,,10,27978.919415,164.5819
D,carat_bucket+Shape+Color+Clarity+TypeName,3.00-3.99,MARQUISE,E,VS1,CVD,,,,,19,22389.108911,131.7006
D,carat_bucket+Shape+Color+Clarity+TypeName,3.00-3.99,MARQUISE,E,VVS1,CVD,,,,,1,47262.458472,278.0145
D,carat_bucket+Shape+Color+Clarity+TypeName,3.00-3.99,MARQUISE,E,VVS2,CVD,,,,,25,23681.063123,139.3004
D,carat_bucket+Shape+Color+Clarity+TypeName,3.00-3.99,MARQUISE,E,VVS2,HPHT,,,,,1,23631.229236,139.0072
D,carat_bucket+Shape+Color+Clarity+TypeName,3.00-3.99,MARQUISE,F,VVS2,CVD,,,,,3,32681.564246,192.2445
D,carat_bucket+Shape+Color+Clarity+TypeName,3.00-3.99,OVAL,D,VS1,CVD,,,,,50,26000.0,152.9412
D,carat_bucket+Shape+Color+Clarity+TypeName,3.00-3.99,OVAL,D,VS2,CVD,,,,,6,22923.58804,134.8446
D,carat_bucket+Shape+Color+Clarity+TypeName,3.00-3.99,OVAL,D,VS2,HPHT,,,,,1,20541.528239,120.8325
D,carat_bucket+Shape+Color+Clarity+TypeName,3.00-3.99,OVAL,D,VVS1,CVD,,,,,1,44850.498339,263.8265
D,carat_bucket+Shape+Color+Clarity+TypeName,3.00-3.99,OVAL,D,VVS1,HPHT,,,,,3,45049.50495,264.9971
D,carat_bucket+Shape+Color+Clarity+TypeName,3.00-3.99,OVAL,D,VVS2,CVD,,,,,37,27886.363636,164.0374
D,carat_bucket+Shape+Color+Clarity+TypeName,3.00-3.99,OVAL,D,VVS2,HPHT,,,,,2,30863.859649,181.5521
D,carat_bucket+Shape+Color+Clarity+TypeName,3.00-3.99,OVAL,E,VS1,CVD,,,,,128,21339.805825,125.5283
D,carat_bucket+Shape+Color+Clarity+TypeName,3.00-3.99,OVAL,E,VS2,CVD,,,,,5,20907.615894,122.986
D,carat_bucket+Shape+Color+Clarity+TypeName,3.00-3.99,OVAL,E,VVS2,CVD,,,,,136,21633.414775,127.2554
D,carat_bucket+Shape+Color+Clarity+TypeName,3.00-3.99,OVAL,F,VS1,CVD,,,,,20,19125.201607,112.5012
D,carat_bucket+Shape+Color+Clarity+TypeName,3.00-3.99,OVAL,F,VS2,CVD,,,,,1,19517.940199,114.8114
D,carat_bucket+Shape+Color+Clarity+TypeName,3.00-3.99,OVAL,F,VVS1,CVD,,,,,2,29445.484748,173.2087
D,carat_bucket+Shape+Color+Clarity+TypeName,3.00-3.99,OVAL,F,VVS2,CVD,,,,,60,19250.0,113.2353
D,carat_bucket+Shape+Color+Clarity+TypeName,3.00-3.99,PEAR,D,VS1,CVD,,,,,31,27467.532468,161.5737
D,carat_bucket+Shape+Color+Clarity+TypeName,3.00-3.99,PEAR,D,VS2,CVD,,,,,2,24569.604575,144.5271
D,carat_bucket+Shape+Color+Clarity+TypeName,3.00-3.99,PEAR,D,VVS2,CVD,,,,,10,36764.479787,216.2616
D,carat_bucket+Shape+Color+Clarity+TypeName,3.00-3.99,PEAR,E,VS1,CVD,,,,,41,19603.278689,115.3134
D,carat_bucket+Shape+Color+Clarity+TypeName,3.00-3.99,PEAR,E,VS2,CVD,,,,,5,19012.621359,111.8389
D,carat_bucket+Shape+Color+Clarity+TypeName,3.00-3.99,PEAR,E,VVS2,CVD,,,,,39,21580.0,126.9412
D,carat_bucket+Shape+Color+Clarity+TypeName,3.00-3.99,PEAR,F,VS1,CVD,,,,,19,18671.052632,109.8297
D,carat_bucket+Shape+Color+Clarity+TypeName,3.00-3.99,PEAR,F,VS2,CVD,,,,,1,19247.682119,113.2217
D,carat_bucket+Shape+Color+Clarity+TypeName,3.00-3.99,PEAR,F,VVS1,CVD,,,,,1,28470.198675,167.4718
D,carat_bucket+Shape+Color+Clarity+TypeName,3.00-3.99,PEAR,F,VVS2,CVD,,,,,27,20662.251656,121.5427
D,carat_bucket+Shape+Color+Clarity+TypeName,3.00-3.99,PEAR,G,VVS1,HPHT,,,,,1,16037.735849,94.3396
D,carat_bucket+Shape+Color+Clarity+TypeName,3.00-3.99,PRINCESS,D,VS1,CVD,,,,,15,28399.41691,167.0554
D,carat_bucket+Shape+Color+Clarity+TypeName,3.00-3.99,PRINCESS,D,VS2,CVD,,,,,1,29180.0,171.6471
D,carat_bucket+Shape+Color+Clarity+TypeName,3.00-3.99,PRINCESS,D,VVS1,CVD,,,,,2,37646.170172,221.4481
D,carat_bucket+Shape+Color+Clarity+TypeName,3.00-3.99,PRINCESS,D,VVS2,CVD,,,,,57,32970.873786,193.9463
D,carat_bucket+Shape+Color+Clarity+TypeName,3.00-3.99,PRINCESS,E,VS1,CVD,,,,,6,27191.314701,159.9489
D,carat_bucket+Shape+Color+Clarity+TypeName,3.00-3.99,PRINCESS,E,VS2,CVD,,,,,1,26423.84106,155.4344
D,carat_bucket+Shape+Color+Clarity+TypeName,3.00-3.99,PRINCESS,E,VVS1,CVD,,,,,7,32571.428571,191.5966
D,carat_bucket+Shape+Color+Clarity+TypeName,3.00-3.99,PRINCESS,E,VVS2,CVD,,,,,24,29921.568627,176.0092
D,carat_bucket+Shape+Color+Clarity+TypeName,3.00-3.99,PRINCESS,F,VS1,CVD,,,,,1,26292.134831,154.6596
D,carat_bucket+Shape+Color+Clarity+TypeName,3.00-3.99,PRINCESS,F,VVS2,CVD,,,,,7,27214.285714,160.084
D,carat_bucket+Shape+Color+Clarity+TypeName,3.00-3.99,PRINCESS,G,VS1,CVD,,,,,1,26292.358804,154.6609
D,carat_bucket+Shape+Color+Clarity+TypeName,3.00-3.99,RADIANT,D,VS1,CVD,,,,,37,22261.79402,130.9517
D,carat_bucket+Shape+Color+Clarity+TypeName,3.00-3.99,RADIANT,D,VVS2,CVD,,,,,25,25415.841584,149.505
D,carat_bucket+Shape+Color+Clarity+TypeName,3.00-3.99,RADIANT,E,VS1,CVD,,,,,26,20544.554455,120.8503
D,carat_bucket+Shape+Color+Clarity+TypeName,3.00-3.99,RADIANT,E,VVS2,CVD,,,,,35,21358.609272,125.6389
D,carat_bucket+Shape+Color+Clarity+TypeName,3.00-3.99,RADIANT,F,VVS2,CVD,,,,,6,20065.14658,118.0303
D,carat_bucket+Shape+Color+Clarity+TypeName,3.00-3.99,ROUND,D,SI1,CVD,,,,,1,23754.901961,139.7347
D,carat_bucket+Shape+Color+Clarity+TypeName,3.00-3.99,ROUND,D,VS1,CVD,,,,,31,26139.0,153.7588
D,carat_bucket+Shape+Color+Clarity+TypeName,3.00-3.99,ROUND,D,VS1,HPHT,,,,,1,25965.89404,152.7406
D,carat_bucket+Shape+Color+Clarity+TypeName,3.00-3.99,ROUND,D,VS2,CVD,,,,,5,24464.705882,143.91
D,carat_bucket+Shape+Color+Clarity+TypeName,3.00-3.99,ROUND,D,VS2,HPHT,,,,,3,24301.948052,142.9526
D,carat_bucket+Shape+Color+Clarity+TypeName,3.00-3.99,ROUND,D,VVS1,HPHT,,,,,26,55953.947368,329.1409
D,carat_bucket+Shape+Color+Clarity+TypeName,3.00-3.99,ROUND,D,VVS2,CVD,,,,,113,30902.941176,181.782
D,carat_bucket+Shape+Color+Clarity+TypeName,3.00-3.99,ROUND,D,VVS2,HPHT,,,,,33,31312.251656,184.1897
D,carat_bucket+Shape+Color+Clarity+TypeName,3.00-3.99,ROUND,E,VS1,CVD,,,,,182,18498.33887,108.8138
D,carat_bucket+Shape+Color+Clarity+TypeName,3.00-3.99,ROUND,E,VS2,CVD,,,,,5,19108.0,112.4
D,carat_bucket+Shape+Color+Clarity+TypeName,3.00-3.99,ROUND,E,VVS1,CVD,,,,,15,36146.103896,212.6241
D,carat_bucket+Shape+Color+Clarity+TypeName,3.00-3.99,ROUND,E,VVS2,CVD,,,,,491,18588.039867,109.3414
D,carat_bucket+Shape+Color+Clarity+TypeName,3.00-3.99,ROUND,E,VVS2,HPHT,,,,,23,20715.686275,121.857
D,carat_bucket+Shape+Color+Clarity+TypeName,3.00-3.99,ROUND,F,VS1,CVD,,,,,41,19622.641509,115.4273
D,carat_bucket+Shape+Color+Clarity+TypeName,3.00-3.99,ROUND,F,VS2,CVD,,,,,8,19043.046358,112.0179
D,carat_bucket+Shape+Color+Clarity+TypeName,3.00-3.99,ROUND,F,VVS2,CVD,,,,,29,20454.545455,120.3209
D,carat_bucket+Shape+Color+Clarity+TypeName,3.00-3.99,ROUND,F,VVS2,HPHT,,,,,1,19067.647059,112.1626
D,carat_bucket+Shape+Color+Clarity+TypeName,3.00-3.99,SQUARE,D,VS1,CVD,,,,,13,30019.417476,176.5848
D,carat_bucket+Shape+Color+Clarity+TypeName,3.00-3.99,SQUARE,D,VS2,CVD,,,,,4,27916.761543,164.2162
D,carat_bucket+Shape+Color+Clarity+TypeName,3.00-3.99,SQUARE,D,VVS1,CVD,,,,,9,37221.498371,218.95
D,carat_bucket+Shape+Color+Clarity+TypeName,3.00-3.99,SQUARE,D,VVS2,CVD,,,,,26,33741.386328,198.4787
D,carat_bucket+Shape+Color+Clarity+TypeName,3.00-3.99,SQUARE,E,VS1,CVD,,,,,13,26578.378378,156.3434
D,carat_bucket+Shape+Color+Clarity+TypeName,3.00-3.99,SQUARE,E,VVS1,CVD,,,,,9,34066.666667,200.3922
D,carat_bucket+Shape+Color+Clarity+TypeName,3.00-3.99,SQUARE,E,VVS2,CVD,,,,,30,34029.126214,200.1713
D,carat_bucket+Shape+Color+Clarity+TypeName,3.00-3.99,SQUARE,F,VS1,CVD,,,,,5,26297.297297,154.69
D,carat_bucket+Shape+Color+Clarity+TypeName,3.00-3.99,SQUARE,F,VS2,CVD,,,,,1,24825.242718,146.0308
D,carat_bucket+Shape+Color+Clarity+TypeName,3.00-3.99,SQUARE,F,VVS2,CVD,,,,,2,27450.518822,161.4736
D,carat_bucket+Shape+Color+Clarity+TypeName,4.00-4.99,ASSCHER,E,VVS2,CVD,,,,,1,31739.856802,186.705
D,carat_bucket+Shape+Color+Clarity+TypeName,4.00-4.99,CUSHION,D,VS1,CVD,,,,,1,33073.170732,194.5481
D,carat_bucket+Shape+Color+Clarity+TypeName,4.00-4.99,CUSHION,D,VVS2,CVD,,,,,2,40418.037994,237.7532
D,carat_bucket+Shape+Color+Clarity+TypeName,4.00-4.99,CUSHION,E,VS1,CVD,,,,,2,31131.082542,183.124
D,carat_bucket+Shape+Color+Clarity+TypeName,4.00-4.99,CUSHION,E,VVS2,CVD,,,,,1,31280.487805,184.0029
D,carat_bucket+Shape+Color+Clarity+TypeName,4.00-4.99,CUSHION,F,VVS2,CVD,,,,,1,30774.193548,181.0247
D,carat_bucket+Shape+Color+Clarity+TypeName,4.00-4.99,CUSHION,G,VS1,CVD,,,,,1,26292.383292,154.6611
D,carat_bucket+Shape+Color+Clarity+TypeName,4.00-4.99,EMERALD,D,VS1,CVD,,,,,3,26299.7543,154.7044
D,carat_bucket+Shape+Color+Clarity+TypeName,4.00-4.99,EMERALD,D,VVS2,CVD,,,,,1,31254.950495,183.8526
D,carat_bucket+Shape+Color+Clarity+TypeName,4.00-4.99,EMERALD,D,VVS2,HPHT,,,,,1,31199.259259,183.5251
D,carat_bucket+Shape+Color+Clarity+TypeName,4.00-4.99,EMERALD,E,VS1,CVD,,,,,10,22075.609756,129.8565
D,carat_bucket+Shape+Color+Clarity+TypeName,4.00-4.99,EMERALD,E,VVS2,CVD,,,,,6,25647.678275,150.8687
D,carat_bucket+Shape+Color+Clarity+TypeName,4.00-4.99,EMERALD,E,VVS2,HPHT,,,,,1,26162.094763,153.8947
D,carat_bucket+Shape+Color+Clarity+TypeName,4.00-4.99,EMERALD,F,VS1,CVD,,,,,2,20689.655172,121.7039
D,carat_bucket+Shape+Color+Clarity+TypeName,4.00-4.99,HEART,D,VS1,CVD,,,,,1,32738.498789,192.5794
D,carat_bucket+Shape+Color+Clarity+TypeName,4.00-4.99,HEART,D,VVS2,CVD,,,,,4,40423.11944,237.7831
D,carat_bucket+Shape+Color+Clarity+TypeName,4.00-4.99,HEART,E,VS1,CVD,,,,,6,28132.576571,165.4857
D,carat_bucket+Shape+Color+Clarity+TypeName,4.00-4.99,HEART,E,VVS2,CVD,,,,,1,30916.507177,181.8618
D,carat_bucket+Shape+Color+Clarity+TypeName,4.00-4.99,MARQUISE,D,VS1,CVD,,,,,4,31303.864522,184.1404
D,carat_bucket+Shape+Color+Clarity+TypeName,4.00-4.99,MARQUISE,D,VVS2,CVD,,,,,3,47782.5,281.0735
D,carat_bucket+Shape+Color+Clarity+TypeName,4.00-4.99,MARQUISE,E,VS1,CVD,,,,,16,26406.025825,155.3296
D,carat_bucket+Shape+Color+Clarity+TypeName,4.00-4.99,MARQUISE,E,VVS2,CVD,,,,,9,32532.089552,191.3652
D,carat_bucket+Shape+Color+Clarity+TypeName,4.00-4.99,MARQUISE,F,VS1,CVD,,,,,4,21560.665857,126.8274
D,carat_bucket+Shape+Color+Clarity+TypeName,4.00-4.99,MARQUISE,F,VVS2,CVD,,,,,2,29777.408331,175.1612
D,carat_bucket+Shape+Color+Clarity+TypeName,4.00-4.99,OVAL,D,VS1,CVD,,,,,12,26264.373464,154.4963
D,carat_bucket+Shape+Color+Clarity+TypeName,4.00-4.99,OVAL,D,VVS2,CVD,,,,,11,32067.487685,188.6323
D,carat_bucket+Shape+Color+Clarity+TypeName,4.00-4.99,OVAL,D,VVS2,HPHT,,,,,1,32183.168317,189.3128
D,carat_bucket+Shape+Color+Clarity+TypeName,4.00-4.99,OVAL,E,VS1,CVD,,,,,31,21755.501222,127.9735
D,carat_bucket+Shape+Color+Clarity+TypeName,4.00-4.99,OVAL,E,VS1,HPHT,,,,,2,21886.699507,128.7453
D,carat_bucket+Shape+Color+Clarity+TypeName,4.00-4.99,OVAL,E,VS2,CVD,,,,,1,21923.134328,128.9596
D,carat_bucket+Shape+Color+Clarity+TypeName,4.00-4.99,OVAL,E,VVS2,CVD,,,,,55,23566.084788,138.624
D,carat_bucket+Shape+Color+Clarity+TypeName,4.00-4.99,OVAL,F,VS1,CVD,,,,,3,22032.75,129.6044
D,carat_bucket+Shape+Color+Clarity+TypeName,4.00-4.99,OVAL,F,VS2,CVD,,,,,1,21977.805486,129.2812
D,carat_bucket+Shape+Color+Clarity+TypeName,4.00-4.99,OVAL,F,VVS2,CVD,,,,,1,20740.740741,122.0044
D,carat_bucket+Shape+Color+Clarity+TypeName,4.00-4.99,PEAR,D,VS1,CVD,,,,,5,28555.555556,167.9739
D,carat_bucket+Shape+Color+Clarity+TypeName,4.00-4.99,PEAR,D,VVS2,CVD,,,,,2,37146.598684,218.5094
D,carat_bucket+Shape+Color+Clarity+TypeName,4.00-4.99,PEAR,E,VS1,CVD,,,,,16,24845.149254,146.1479
D,carat_bucket+Shape+Color+Clarity+TypeName,4.00-4.99,PEAR,E,VS2,CVD,,,,,2,24352.607904,143.2506
D,carat_bucket+Shape+Color+Clarity+TypeName,4.00-4.99,PEAR,E,VVS2,CVD,,,,,9,26977.61194,158.6918
D,carat_bucket+Shape+Color+Clarity+TypeName,4.00-4.99,PEAR,F,VS1,CVD,,,,,3,22600.232019,132.9425
D,carat_bucket+Shape+Color+Clarity+TypeName,4.00-4.99,PRINCESS,D,VS1,CVD,,,,,2,36163.432836,212.7261
D,carat_bucket+Shape+Color+Clarity+TypeName,4.00-4.99,PRINCESS,D,VVS1,CVD,,,,,1,41896.551724,246.4503
D,carat_bucket+Shape+Color+Clarity+TypeName,4.00-4.99,PRINCESS,D,VVS2,CVD,,,,,2,31312.415742,184.1907
D,carat_bucket+Shape+Color+Clarity+TypeName,4.00-4.99,PRINCESS,E,VS1,CVD,,,,,1,23117.22488,135.9837
D,carat_bucket+Shape+Color+Clarity+TypeName,4.00-4.99,PRINCESS,E,VVS2,CVD,,,,,1,26693.266833,157.0192
D,carat_bucket+Shape+Color+Clarity+TypeName,4.00-4.99,PRINCESS,F,VS1,CVD,,,,,2,31252.31718,183.8372
D,carat_bucket+Shape+Color+Clarity+TypeName,4.00-4.99,RADIANT,D,VS1,CVD,,,,,6,27602.189781,162.3658
D,carat_bucket+Shape+Color+Clarity+TypeName,4.00-4.99,RADIANT,D,VVS2,CVD,,,,,7,39717.456359,233.6321
D,carat_bucket+Shape+Color+Clarity+TypeName,4.00-4.99,RADIANT,E,VS1,CVD,,,,,7,25281.553398,148.715
D,carat_bucket+Shape+Color+Clarity+TypeName,4.00-4.99,RADIANT,E,VVS2,CVD,,,,,7,28488.148148,167.5773
D,carat_bucket+Shape+Color+Clarity+TypeName,4.00-4.99,RADIANT,F,VS1,CVD,,,,,2,24421.641791,143.6567
D,carat_bucket+Shape+Color+Clarity+TypeName,4.00-4.99,RADIANT,F,VVS2,CVD,,,,,2,25248.143519,148.5185
D,carat_bucket+Shape+Color+Clarity+TypeName,4.00-4.99,ROUND,D,VS1,CVD,,,,,2,36411.18202,214.1834
D,carat_bucket+Shape+Color+Clarity+TypeName,4.00-4.99,ROUND,D,VS1,HPHT,,,,,1,31755.0,186.7941
D,carat_bucket+Shape+Color+Clarity+TypeName,4.00-4.99,ROUND,D,VVS2,CVD,,,,,4,50339.729132,296.1161
D,carat_bucket+Shape+Color+Clarity+TypeName,4.00-4.99,ROUND,E,VS1,CVD,,,,,51,21433.915212,126.0819
D,carat_bucket+Shape+Color+Clarity+TypeName,4.00-4.99,ROUND,E,VS2,CVD,,,,,1,21923.134328,128.9596
D,carat_bucket+Shape+Color+Clarity+TypeName,4.00-4.99,ROUND,E,VVS2,CVD,,,,,45,23380.597015,137.5329
D,carat_bucket+Shape+Color+Clarity+TypeName,4.00-4.99,ROUND,E,VVS2,HPHT,,,,,18,23364.890014,137.4405
D,carat_bucket+Shape+Color+Clarity+TypeName,4.00-4.99,ROUND,F,VS1,CVD,,,,,13,20573.566085,121.021
D,carat_bucket+Shape+Color+Clarity+TypeName,4.00-4.99,ROUND,F,VS2,CVD,,,,,1,18151.572327,106.774
D,carat_bucket+Shape+Color+Clarity+TypeName,4.00-4.99,ROUND,F,VVS2,CVD,,,,,11,22014.925373,129.4996
D,carat_bucket+Shape+Color+Clarity+TypeName,4.00-4.99,SQUARE,D,VS1,CVD,,,,,4,33435.091278,196.677
D,carat_bucket+Shape+Color+Clarity+TypeName,4.00-4.99,SQUARE,D,VS2,CVD,,,,,1,30314.214464,178.3189
D,carat_bucket+Shape+Color+Clarity+TypeName,4.00-4.99,SQUARE,D,VVS1,CVD,,,,,1,39114.558473,230.0856
D,carat_bucket+Shape+Color+Clarity+TypeName,4.00-4.99,SQUARE,D,VVS2,CVD,,,,,3,31496.932515,185.2761
D,carat_bucket+Shape+Color+Clarity+TypeName,4.00-4.99,SQUARE,E,VS1,CVD,,,,,1,30249.388753,177.9376
D,carat_bucket+Shape+Color+Clarity+TypeName,4.00-4.99,SQUARE,E,VVS2,CVD,,,,,3,35039.408867,206.1142
D,carat_bucket+Shape+Color+Clarity+TypeName,4.00-4.99,SQUARE,F,VVS2,CVD,,,,,1,30592.105263,179.9536
D,carat_bucket+Shape+Color+Clarity+TypeName,5.00-9.99,-,D,VVS1,CVD,,,,,1,79773.809524,469.2577
D,carat_bucket+Shape+Color+Clarity+TypeName,5.00-9.99,-,D,VVS2,CVD,,,,,1,65423.076923,384.8416
D,carat_bucket+Shape+Color+Clarity+TypeName,5.00-9.99,-,E,VVS1,CVD,,,,,1,60760.314342,357.4136
D,carat_bucket+Shape+Color+Clarity+TypeName,5.00-9.99,-,E,VVS2,CVD,,,,,1,52177.91411,306.9289
D,carat_bucket+Shape+Color+Clarity+TypeName,5.00-9.99,ASHOKA,E,VVS2,CVD,,,,,2,57167.84455,336.2814
D,carat_bucket+Shape+Color+Clarity+TypeName,5.00-9.99,ASSCHER,E,VS1,CVD,,,,,5,27984.095427,164.6123
D,carat_bucket+Shape+Color+Clarity+TypeName,5.00-9.99,ASSCHER,E,VVS2,CVD,,,,,3,29388.118812,172.8713
D,carat_bucket+Shape+Color+Clarity+TypeName,5.00-9.99,CUSHION,D,VS1,CVD,,,,,4,33544.570656,197.321
D,carat_bucket+Shape+Color+Clarity+TypeName,5.00-9.99,CUSHION,D,VVS1,CVD,,,,,9,56264.084507,330.9652
D,carat_bucket+Shape+Color+Clarity+TypeName,5.00-9.99,CUSHION,D,VVS2,CVD,,,,,6,37751.993966,222.0706
D,carat_bucket+Shape+Color+Clarity+TypeName,5.00-9.99,CUSHION,E,VS1,CVD,,,,,11,30926.764314,181.9221
D,carat_bucket+Shape+Color+Clarity+TypeName,5.00-9.99,CUSHION,E,VS2,CVD,,,,,1,26294.455067,154.6733
D,carat_bucket+Shape+Color+Clarity+TypeName,5.00-9.99,CUSHION,E,VVS1,CVD,,,,,6,46236.00798,271.9765
D,carat_bucket+Shape+Color+Clarity+TypeName,5.00-9.99,CUSHION,E,VVS2,CVD,,,,,21,28813.664596,169.4921
D,carat_bucket+Shape+Color+Clarity+TypeName,5.00-9.99,CUSHION,F,VS1,CVD,,,,,9,30927.339901,181.9255
D,carat_bucket+Shape+Color+Clarity+TypeName,5.00-9.99,CUSHION,F,VS2,CVD,,,,,1,30929.36803,181.9375
D,carat_bucket+Shape+Color+Clarity+TypeName,5.00-9.99,CUSHION,F,VVS1,CVD,,,,,6,33858.219217,199.166
D,carat_bucket+Shape+Color+Clarity+TypeName,5.00-9.99,CUSHION,F,VVS2,CVD,,,,,2,29127.134653,171.3361
D,carat_bucket+Shape+Color+Clarity+TypeName,5.00-9.99,CUSHION,G,VS1,CVD,,,,,3,30926.199262,181.9188
D,carat_bucket+Shape+Color+Clarity+TypeName,5.00-9.99,CUSHION,G,VS2,CVD,,,,,1,30927.070457,181.9239
D,carat_bucket+Shape+Color+Clarity+TypeName,5.00-9.99,EMERALD,D,VS1,CVD,,,,,13,32101.796407,188.8341
D,carat_bucket+Shape+Color+Clarity+TypeName,5.00-9.99,EMERALD,D,VS2,CVD,,,,,2,26949.901768,158.5288
D,carat_bucket+Shape+Color+Clarity+TypeName,5.00-9.99,EMERALD,D,VVS2,CVD,,,,,7,32980.413493,194.0024
D,carat_bucket+Shape+Color+Clarity+TypeName,5.00-9.99,EMERALD,E,VS1,CVD,,,,,39,24600.0,144.7059
D,carat_bucket+Shape+Color+Clarity+TypeName,5.00-9.99,EMERALD,E,VS2,CVD,,,,,1,26891.304348,158.1841
D,carat_bucket+Shape+Color+Clarity+TypeName,5.00-9.99,EMERALD,E,VVS2,CVD,,,,,59,25982.905983,152.8406
D,carat_bucket+Shape+Color+Clarity+TypeName,5.00-9.99,EMERALD,F,VS1,CVD,,,,,20,22074.089027,129.8476
D,carat_bucket+Shape+Color+Clarity+TypeName,5.00-9.99,EMERALD,F,VS2,CVD,,,,,1,24694.610778,145.2624
D,carat_bucket+Shape+Color+Clarity+TypeName,5.00-9.99,EMERALD,F,VVS1,CVD,,,,,1,32359.030837,190.3472
D,carat_bucket+Shape+Color+Clarity+TypeName,5.00-9.99,EMERALD,F,VVS2,CVD,,,,,33,25573.770492,150.4339
D,carat_bucket+Shape+Color+Clarity+TypeName,5.00-9.99,EMERALD,G,VS1,CVD,,,,,2,20423.577397,120.1387
D,carat_bucket+Shape+Color+Clarity+TypeName,5.00-9.99,HEART,D,VS1,CVD,,,,,11,35570.318725,209.2372
D,carat_bucket+Shape+Color+Clarity+TypeName,5.00-9.99,HEART,D,VVS1,CVD,,,,,3,69364.0553,408.0239
D,carat_bucket+Shape+Color+Clarity+TypeName,5.00-9.99,HEART,D,VVS2,CVD,,,,,14,46789.991567,275.2352
D,carat_bucket+Shape+Color+Clarity+TypeName,5.00-9.99,HEART,D,VVS2,HPHT,,,,,1,41701.789264,245.3046
D,carat_bucket+Shape+Color+Clarity+TypeName,5.00-9.99,HEART,E,VS1,CVD,,,,,13,33171.287129,195.1252
D,carat_bucket+Shape+Color+Clarity+TypeName,5.00-9.99,HEART,E,VVS2,CVD,,,,,5,29910.358566,175.9433
D,carat_bucket+Shape+Color+Clarity+TypeName,5.00-9.99,HEART,E,VVS2,HPHT,,,,,2,29697.358431,174.6903
D,carat_bucket+Shape+Color+Clarity+TypeName,5.00-9.99,MARQUISE,D,VS1,CVD,,,,,13,28803.986711,169.4352
D,carat_bucket+Shape+Color+Clarity+TypeName,5.00-9.99,MARQUISE,D,VVS2,CVD,,,,,3,58403.940887,343.5526
D,carat_bucket+Shape+Color+Clarity+TypeName,5.00-9.99,MARQUISE,E,VS1,CVD,,,,,47,25414.772727,149.4987
D,carat_bucket+Shape+Color+Clarity+TypeName,5.00-9.99,MARQUISE,E,VS1,HPHT,,,,,1,23834.862385,140.2051
D,carat_bucket+Shape+Color+Clarity+TypeName,5.00-9.99,MARQUISE,E,VVS1,CVD,,,,,1,56511.627907,332.4213
D,carat_bucket+Shape+Color+Clarity+TypeName,5.00-9.99,MARQUISE,E,VVS2,CVD,,,,,52,27577.013752,162.2177
D,carat_bucket+Shape+Color+Clarity+TypeName,5.00-9.99,MARQUISE,F,VS1,CVD,,,,,23,23504.273504,138.2604
D,carat_bucket+Shape+Color+Clarity+TypeName,5.00-9.99,MARQUISE,F,VVS1,CVD,,,,,1,50111.292962,294.7723
D,carat_bucket+Shape+Color+Clarity+TypeName,5.00-9.99,MARQUISE,F,VVS2,CVD,,,,,22,25622.788781,150.7223
D,carat_bucket+Shape+Color+Clarity+TypeName,5.00-9.99,OVAL,D,VS1,CVD,,,,,15,36318.40796,213.6377
D,carat_bucket+Shape+Color+Clarity+TypeName,5.00-9.99,OVAL,D,VS2,CVD,,,,,1,33547.928994,197.3408
D,carat_bucket+Shape+Color+Clarity+TypeName,5.00-9.99,OVAL,D,VVS1,CVD,,,,,25,57629.813665,338.9989
D,carat_bucket+Shape+Color+Clarity+TypeName,5.00-9.99,OVAL,D,VVS2,CVD,,,,,24,48585.297388,285.7959
D,carat_bucket+Shape+Color+Clarity+TypeName,5.00-9.99,OVAL,E,VS1,CVD,,,,,60,28892.388163,169.9552
D,carat_bucket+Shape+Color+Clarity+TypeName,5.00-9.99,OVAL,E,VS1,HPHT,,,,,2,22480.580671,132.2387
D,carat_bucket+Shape+Color+Clarity+TypeName,5.00-9.99,OVAL,E,VS2,CVD,,,,,2,22198.526254,130.5796
D,carat_bucket+Shape+Color+Clarity+TypeName,5.00-9.99,OVAL,E,VVS1,CVD,,,,,8,42828.338695,251.9314
D,carat_bucket+Shape+Color+Clarity+TypeName,5.00-9.99,OVAL,E,VVS2,CVD,,,,,174,22619.047619,133.0532
D,carat_bucket+Shape+Color+Clarity+TypeName,5.00-9.99,OVAL,F,VS1,CVD,,,,,16,24937.673092,146.6922
D,carat_bucket+Shape+Color+Clarity+TypeName,5.00-9.99,OVAL,F,VS1,HPHT,,,,,1,21570.0,126.8824
D,carat_bucket+Shape+Color+Clarity+TypeName,5.00-9.99,OVAL,F,VS2,CVD,,,,,2,26667.948207,156.8703
D,carat_bucket+Shape+Color+Clarity+TypeName,5.00-9.99,OVAL,F,VVS1,CVD,,,,,1,34428.023033,202.5178
D,carat_bucket+Shape+Color+Clarity+TypeName,5.00-9.99,OVAL,F,VVS2,CVD,,,,,30,25777.992767,151.6353
D,carat_bucket+Shape+Color+Clarity+TypeName,5.00-9.99,PEAR,D,VS1,CVD,,,,,8,40003.322891,235.3137
D,carat_bucket+Shape+Color+Clarity+TypeName,5.00-9.99,PEAR,D,VVS1,CVD,,,,,30,57405.543213,337.6797
D,carat_bucket+Shape+Color+Clarity+TypeName,5.00-9.99,PEAR,D,VVS2,CVD,,,,,21,47392.241379,278.7779
D,carat_bucket+Shape+Color+Clarity+TypeName,5.00-9.99,PEAR,E,VS1,CVD,,,,,39,32839.975248,193.1763
D,carat_bucket+Shape+Color+Clarity+TypeName,5.00-9.99,PEAR,E,VS2,CVD,,,,,3,22174.656189,130.4392
D,carat_bucket+Shape+Color+Clarity+TypeName,5.00-9.99,PEAR,E,VVS1,CVD,,,,,3,46312.81198,272.4283
D,carat_bucket+Shape+Color+Clarity+TypeName,5.00-9.99,PEAR,E,VVS2,CVD,,,,,51,33476.947536,196.9232
D,carat_bucket+Shape+Color+Clarity+TypeName,5.00-9.99,PEAR,F,VS1,CVD,,,,,9,31613.086771,185.9593
D,carat_bucket+Shape+Color+Clarity+TypeName,5.00-9.99,PEAR,F,VS2,CVD,,,,,1,21652.662722,127.3686
D,carat_bucket+Shape+Color+Clarity+TypeName,5.00-9.99,PEAR,F,VVS2,CVD,,,,,18,32407.218492,190.6307
D,carat_bucket+Shape+Color+Clarity+TypeName,5.00-9.99,PRINCESS,D,VS1,CVD,,,,,2,31564.833006,185.6755
D,carat_bucket+Shape+Color+Clarity+TypeName,5.00-9.99,PRINCESS,D,VVS1,CVD,,,,,3,41673.701299,245.1394
D,carat_bucket+Shape+Color+Clarity+TypeName,5.00-9.99,PRINCESS,D,VVS2,CVD,,,,,4,35135.910775,206.6818
D,carat_bucket+Shape+Color+Clarity+TypeName,5.00-9.99,PRINCESS,E,VS1,CVD,,,,,11,32689.138577,192.2891
D,carat_bucket+Shape+Color+Clarity+TypeName,5.00-9.99,PRINCESS,E,VVS1,CVD,,,,,2,33710.770138,198.2986
D,carat_bucket+Shape+Color+Clarity+TypeName,5.00-9.99,PRINCESS,E,VVS2,CVD,,,,,30,30028.525564,176.6384
D,carat_bucket+Shape+Color+Clarity+TypeName,5.00-9.99,PRINCESS,F,VVS1,CVD,,,,,4,32256.65955,189.7451
D,carat_bucket+Shape+Color+Clarity+TypeName,5.00-9.99,PRINCESS,F,VVS2,CVD,,,,,1,25785.123967,151.6772
D,carat_bucket+Shape+Color+Clarity+TypeName,5.00-9.99,RADIANT,D,VS1,CVD,,,,,6,36943.993269,217.3176
D,carat_bucket+Shape+Color+Clarity+TypeName,5.00-9.99,RADIANT,E,VS1,CVD,,,,,6,29802.364865,175.308
D,carat_bucket+Shape+Color+Clarity+TypeName,5.00-9.99,RADIANT,E,VVS2,CVD,,,,,19,32820.94431,193.0644
D,carat_bucket+Shape+Color+Clarity+TypeName,5.00-9.99,RADIANT,E,VVS2,HPHT,,,,,1,21581.027668,126.9472
D,carat_bucket+Shape+Color+Clarity+TypeName,5.00-9.99,RADIANT,F,VVS2,CVD,,,,,21,23976.377953,141.0375
D,carat_bucket+Shape+Color+Clarity+TypeName,5.00-9.99,ROUND,D,VS1,CVD,,,,,9,45929.108911,270.1712
D,carat_bucket+Shape+Color+Clarity+TypeName,5.00-9.99,ROUND,D,VS2,HPHT,,,,,1,37600.0,221.1765
D,carat_bucket+Shape+Color+Clarity+TypeName,5.00-9.99,ROUND,D,VVS1,CVD,,,,,1,70517.928287,414.8113
D,carat_bucket+Shape+Color+Clarity+TypeName,5.00-9.99,ROUND,D,VVS2,CVD,,,,,16,50601.980198,297.6587
D,carat_bucket+Shape+Color+Clarity+TypeName,5.00-9.99,ROUND,D,VVS2,HPHT,,,,,2,51536.98302,303.1587
D,carat_bucket+Shape+Color+Clarity+TypeName,5.00-9.99,ROUND,E,VS1,CVD,,,,,51,21535.2,126.6776
D,carat_bucket+Shape+Color+Clarity+TypeName,5.00-9.99,ROUND,E,VS1,HPHT,,,,,8,28494.698933,167.6159
D,carat_bucket+Shape+Color+Clarity+TypeName,5.00-9.99,ROUND,E,VS2,CVD,,,,,7,21000.590551,123.5329
D,carat_bucket+Shape+Color+Clarity+TypeName,5.00-9.99,ROUND,E,VVS2,CVD,,,,,171,21582.178218,126.954
D,carat_bucket+Shape+Color+Clarity+TypeName,5.00-9.99,ROUND,E,VVS2,HPHT,,,,,25,21958.579882,129.1681
D,carat_bucket+Shape+Color+Clarity+TypeName,5.00-9.99,ROUND,F,VS1,CVD,,,,,16,21021.892326,123.6582
D,carat_bucket+Shape+Color+Clarity+TypeName,5.00-9.99,ROUND,F,VS2,CVD,,,,,3,21432.475248,126.0734
D,carat_bucket+Shape+Color+Clarity+TypeName,5.00-9.99,ROUND,F,VS2,HPHT,,,,,1,21099.415205,124.1142
D,carat_bucket+Shape+Color+Clarity+TypeName,5.00-9.99,ROUND,F,VVS1,CVD,,,,,1,28197.696737,165.8688
D,carat_bucket+Shape+Color+Clarity+TypeName,5.00-9.99,ROUND,F,VVS2,CVD,,,,,47,21471.172962,126.301
D,carat_bucket+Shape+Color+Clarity+TypeName,5.00-9.99,ROUND,F,VVS2,HPHT,,,,,2,21774.0,128.0824
D,carat_bucket+Shape+Color+Clarity+TypeName,5.00-9.99,SQUARE,D,VS1,CVD,,,,,9,32455.555556,190.915
D,carat_bucket+Shape+Color+Clarity+TypeName,5.00-9.99,SQUARE,D,VS2,CVD,,,,,1,32205.206738,189.4424
D,carat_bucket+Shape+Color+Clarity+TypeName,5.00-9.99,SQUARE,D,VVS1,CVD,,,,,1,40374.673629,237.4981
D,carat_bucket+Shape+Color+Clarity+TypeName,5.00-9.99,SQUARE,D,VVS2,CVD,,,,,15,35821.782178,210.7164
D,carat_bucket+Shape+Color+Clarity+TypeName,5.00-9.99,SQUARE,E,VS1,CVD,,,,,6,31051.181102,182.654
D,carat_bucket+Shape+Color+Clarity+TypeName,5.00-9.99,SQUARE,E,VVS1,CVD,,,,,3,34632.612967,203.7213
D,carat_bucket+Shape+Color+Clarity+TypeName,5.00-9.99,SQUARE,E,VVS2,CVD,,,,,26,33362.670659,196.251
D,carat_bucket+Shape+Color+Clarity+TypeName,5.00-9.99,SQUARE,F,VS1,CVD,,,,,3,28491.362764,167.5963
D,carat_bucket+Shape+Color+Clarity+TypeName,5.00-9.99,SQUARE,F,VVS1,CVD,,,,,1,33449.251248,196.7603
D,carat_bucket+Shape+Color+Clarity+TypeName,5.00-9.99,SQUARE,F,VVS2,CVD,,,,,8,31112.910191,183.0171
E,carat_bucket+Shape+Color+Clarity,0.30-0.49,ROUND,D,VS1,,,,,,142,23225.806452,136.6224
E,carat_bucket+Shape+Color+Clarity,0.30-0.49,ROUND,D,VS2,,,,,,47,20545.454545,120.8556
E,carat_bucket+Shape+Color+Clarity,0.30-0.49,ROUND,D,VVS1,,,,,,98,36081.081081,212.2417
E,carat_bucket+Shape+Color+Clarity,0.30-0.49,ROUND,D,VVS2,,,,,,456,22875.0,134.5588
E,carat_bucket+Shape+Color+Clarity,0.30-0.49,ROUND,E,VS1,,,,,,16,23136.497326,136.097
E,carat_bucket+Shape+Color+Clarity,0.30-0.49,ROUND,E,VS2,,,,,,3,22792.857143,134.0756
E,carat_bucket+Shape+Color+Clarity,0.30-0.49,ROUND,E,VVS2,,,,,,18,23348.780488,137.3458
E,carat_bucket+Shape+Color+Clarity,0.30-0.49,ROUND,F,VS1,,,,,,4,22918.181818,134.8128
E,carat_bucket+Shape+Color+Clarity,0.30-0.49,ROUND,F,VS2,,,,,,1,20368.085106,119.8123
E,carat_bucket+Shape+Color+Clarity,0.30-0.49,ROUND,F,VVS2,,,,,,2,25482.610887,149.8977
E,carat_bucket+Shape+Color+Clarity,0.50-0.69,CUSHION,D,VVS2,,,,,,1,44464.285714,261.5546
E,carat_bucket+Shape+Color+Clarity,0.50-0.69,EMERALD,D,VS1,,,,,,5,36253.846154,213.2579
E,carat_bucket+Shape+Color+Clarity,0.50-0.69,EMERALD,D,VVS2,,,,,,33,36111.111111,212.4183
E,carat_bucket+Shape+Color+Clarity,0.50-0.69,HEART,D,VS1,,,,,,9,52488.679245,308.7569
E,carat_bucket+Shape+Color+Clarity,0.50-0.69,HEART,D,VVS1,,,,,,3,58267.924528,342.7525
E,carat_bucket+Shape+Color+Clarity,0.50-0.69,HEART,D,VVS2,,,,,,12,51354.030875,302.0825
E,carat_bucket+Shape+Color+Clarity,0.50-0.69,HEART,E,VS1,,,,,,1,46627.118644,274.2772
E,carat_bucket+Shape+Color+Clarity,0.50-0.69,HEART,E,VVS2,,,,,,1,55638.0,327.2824
E,carat_bucket+Shape+Color+Clarity,0.50-0.69,MARQUISE,D,VS1,,,,,,4,42059.748428,247.4103
E,carat_bucket+Shape+Color+Clarity,0.50-0.69,MARQUISE,D,VVS1,,,,,,5,58548.0,344.4
E,carat_bucket+Shape+Color+Clarity,0.50-0.69,MARQUISE,D,VVS2,,,,,,18,51440.613027,302.5918
E,carat_bucket+Shape+Color+Clarity,0.50-0.69,MARQUISE,E,VS1,,,,,,1,41783.333333,245.7843
E,carat_bucket+Shape+Color+Clarity,0.50-0.69,MARQUISE,E,VVS2,,,,,,3,43984.615385,258.733
E,carat_bucket+Shape+Color+Clarity,0.50-0.69,OVAL,D,VS1,,,,,,7,41803.278689,245.9016
E,carat_bucket+Shape+Color+Clarity,0.50-0.69,OVAL,D,VVS1,,,,,,5,55584.0,326.9647
E,carat_bucket+Shape+Color+Clarity,0.50-0.69,OVAL,D,VVS2,,,,,,24,42404.716981,249.4395
E,carat_bucket+Shape+Color+Clarity,0.50-0.69,OVAL,E,VS1,,,,,,3,43635.294118,256.6782
E,carat_bucket+Shape+Color+Clarity,0.50-0.69,OVAL,E,VVS2,,,,,,4,43652.076923,256.7769
E,carat_bucket+Shape+Color+Clarity,0.50-0.69,PEAR,D,VS1,,,,,,11,46777.777778,275.1634
E,carat_bucket+Shape+Color+Clarity,0.50-0.69,PEAR,D,VVS1,,,,,,5,58676.470588,345.1557
E,carat_bucket+Shape+Color+Clarity,0.50-0.69,PEAR,D,VVS2,,,,,,18,47034.545455,276.6738
E,carat_bucket+Shape+Color+Clarity,0.50-0.69,PEAR,E,VS1,,,,,,9,46153.846154,271.4932
E,carat_bucket+Shape+Color+Clarity,0.50-0.69,PEAR,E,VVS1,,,,,,1,44190.47619,259.944
E,carat_bucket+Shape+Color+Clarity,0.50-0.69,PEAR,E,VVS2,,,,,,8,49222.115385,289.5419
E,carat_bucket+Shape+Color+Clarity,0.50-0.69,PRINCESS,D,VS1,,,,,,4,43390.384615,255.2376
E,carat_bucket+Shape+Color+Clarity,0.50-0.69,PRINCESS,D,VVS1,,,,,,5,53498.076923,314.6946
E,carat_bucket+Shape+Color+Clarity,0.50-0.69,PRINCESS,D,VVS2,,,,,,10,38908.928571,228.8761
E,carat_bucket+Shape+Color+Clarity,0.50-0.69,PRINCESS,E,VS1,,,,,,3,42571.698113,250.4218
E,carat_bucket+Shape+Color+Clarity,0.50-0.69,PRINCESS,E,VVS2,,,,,,4,39900.0,234.7059
E,carat_bucket+Shape+Color+Clarity,0.50-0.69,RADIANT,D,VS1,,,,,,11,39230.769231,230.7692
E,carat_bucket+Shape+Color+Clarity,0.50-0.69,RADIANT,D,VVS2,,,,,,24,40673.076923,239.2534
E,carat_bucket+Shape+Color+Clarity,0.50-0.69,ROUND,D,IF,,,,,,9,33929.411765,199.5848
E,carat_bucket+Shape+Color+Clarity,0.50-0.69,ROUND,D,VS1,,,,,,1311,19823.529412,116.609
E,carat_bucket+Shape+Color+Clarity,0.50-0.69,ROUND,D,VS2,,,,,,15,20076.0,118.0941
E,carat_bucket+Shape+Color+Clarity,0.50-0.69,ROUND,D,VVS1,,,,,,61,28176.470588,165.7439
E,carat_bucket+Shape+Color+Clarity,0.50-0.69,ROUND,D,VVS2,,,,,,1540,20523.529412,120.7266
E,carat_bucket+Shape+Color+Clarity,0.50-0.69,ROUND,E,VS1,,,,,,30,20523.529412,120.7266
E,carat_bucket+Shape+Color+Clarity,0.50-0.69,ROUND,E,VS2,,,,,,9,20694.0,121.7294
E,carat_bucket+Shape+Color+Clarity,0.50-0.69,ROUND,E,VVS1,,,,,,28,23864.705882,140.3806
E,carat_bucket+Shape+Color+Clarity,0.50-0.69,ROUND,E,VVS2,,,,,,47,23294.117647,137.0242
E,carat_bucket+Shape+Color+Clarity,0.50-0.69,ROUND,F,VS1,,,,,,1,21618.0,127.1647
E,carat_bucket+Shape+Color+Clarity,0.50-0.69,ROUND,F,VS2,,,,,,3,20694.0,121.7294
E,carat_bucket+Shape+Color+Clarity,0.50-0.69,ROUND,F,VVS2,,,,,,3,24181.818182,142.246
E,carat_bucket+Shape+Color+Clarity,0.70-0.89,CUSHION,D,VVS2,,,,,,5,33896.103896,199.3888
E,carat_bucket+Shape+Color+Clarity,0.70-0.89,EMERALD,D,VS1,,,,,,4,25873.103213,152.1947
E,carat_bucket+Shape+Color+Clarity,0.70-0.89,EMERALD,D,VVS1,,,,,,1,47915.492958,281.8558
E,carat_bucket+Shape+Color+Clarity,0.70-0.89,EMERALD,D,VVS2,,,,,,3,30050.0,176.7647
E,carat_bucket+Shape+Color+Clarity,0.70-0.89,EMERALD,E,VVS2,,,,,,1,38662.5,227.4265
E,carat_bucket+Shape+Color+Clarity,0.70-0.89,HEART,D,VS1,,,,,,4,40934.360731,240.7904
E,carat_bucket+Shape+Color+Clarity,0.70-0.89,HEART,D,VVS2,,,,,,3,42101.408451,247.6553
E,carat_bucket+Shape+Color+Clarity,0.70-0.89,MARQUISE,D,VS1,,,,,,12,32054.794521,188.5576
E,carat_bucket+Shape+Color+Clarity,0.70-0.89,MARQUISE,D,VVS1,,,,,,3,38385.542169,225.7973
E,carat_bucket+Shape+Color+Clarity,0.70-0.89,MARQUISE,D,VVS2,,,,,,1,32571.428571,191.5966
E,carat_bucket+Shape+Color+Clarity,0.70-0.89,MARQUISE,E,VS1,,,,,,8,29638.356164,174.3433
E,carat_bucket+Shape+Color+Clarity,0.70-0.89,MARQUISE,E,VVS1,,,,,,1,40054.054054,235.6121
E,carat_bucket+Shape+Color+Clarity,0.70-0.89,MARQUISE,E,VVS2,,,,,,6,31916.498994,187.7441
E,carat_bucket+Shape+Color+Clarity,0.70-0.89,MARQUISE,F,VVS1,,,,,,1,39771.428571,233.9496
E,carat_bucket+Shape+Color+Clarity,0.70-0.89,OVAL,D,VS1,,,,,,10,38269.014085,225.1118
E,carat_bucket+Shape+Color+Clarity,0.70-0.89,OVAL,D,VVS1,,,,,,8,43495.774648,255.8575
E,carat_bucket+Shape+Color+Clarity,0.70-0.89,OVAL,D,VVS2,,,,,,20,39423.259557,231.9015
E,carat_bucket+Shape+Color+Clarity,0.70-0.89,OVAL,E,VS1,,,,,,6,35950.684932,211.4746
E,carat_bucket+Shape+Color+Clarity,0.70-0.89,OVAL,E,VVS2,,,,,,3,38858.571429,228.5798
E,carat_bucket+Shape+Color+Clarity,0.70-0.89,PEAR,D,VS1,,,,,,8,40838.028169,240.2237
E,carat_bucket+Shape+Color+Clarity,0.70-0.89,PEAR,D,VVS1,,,,,,1,35385.542169,208.1502
E,carat_bucket+Shape+Color+Clarity,0.70-0.89,PEAR,D,VVS2,,,,,,13,40270.833333,236.8873
E,carat_bucket+Shape+Color+Clarity,0.70-0.89,PEAR,E,VS1,,,,,,1,31346.153846,184.3891
E,carat_bucket+Shape+Color+Clarity,0.70-0.89,PEAR,E,VVS2,,,,,,8,37054.445554,217.9673
E,carat_bucket+Shape+Color+Clarity,0.70-0.89,PRINCESS,D,VS1,,,,,,2,29707.757131,174.7515
E,carat_bucket+Shape+Color+Clarity,0.70-0.89,PRINCESS,D,VVS2,,,,,,2,31791.428571,187.0084
E,carat_bucket+Shape+Color+Clarity,0.70-0.89,PRINCESS,E,VS1,,,,,,2,31129.225352,183.1131
E,carat_bucket+Shape+Color+Clarity,0.70-0.89,PRINCESS,E,VVS2,,,,,,2,30693.808685,180.5518
E,carat_bucket+Shape+Color+Clarity,0.70-0.89,ROUND,D,VS1,,,,,,130,21410.958904,125.9468
E,carat_bucket+Shape+Color+Clarity,0.70-0.89,ROUND,D,VS2,,,,,,4,19508.571429,114.7563
E,carat_bucket+Shape+Color+Clarity,0.70-0.89,ROUND,D,VVS1,,,,,,47,25309.859155,148.8815
E,carat_bucket+Shape+Color+Clarity,0.70-0.89,ROUND,D,VVS2,,,,,,231,22684.931507,133.4408
E,carat_bucket+Shape+Color+Clarity,0.70-0.89,ROUND,E,VS1,,,,,,9,20067.567568,118.0445
E,carat_bucket+Shape+Color+Clarity,0.70-0.89,ROUND,E,VS2,,,,,,6,19328.631791,113.6978
E,carat_bucket+Shape+Color+Clarity,0.70-0.89,ROUND,E,VVS1,,,,,,6,23004.166667,135.3186
E,carat_bucket+Shape+Color+Clarity,0.70-0.89,ROUND,E,VVS2,,,,,,12,21823.087172,128.3711
E,carat_bucket+Shape+Color+Clarity,0.90-0.99,PEAR,E,VVS2,,,,,,1,32557.894737,191.517
E,carat_bucket+Shape+Color+Clarity,0.90-0.99,PRINCESS,F,VVS2,,,,,,1,25255.102041,148.5594
E,carat_bucket+Shape+Color+Clarity,0.90-0.99,RADIANT,D,VS1,,,,,,2,24745.967742,145.5645
E,carat_bucket+Shape+Color+Clarity,0.90-0.99,ROUND,D,VVS2,,,,,,1,25606.060606,150.6239
E,carat_bucket+Shape+Color+Clarity,1.00-1.49,ASSCHER,D,VS1,,,,,,10,19871.287129,116.8899
E,carat_bucket+Shape+Color+Clarity,1.00-1.49,ASSCHER,D,VS2,,,,,,3,19455.445545,114.4438
E,carat_bucket+Shape+Color+Clarity,1.00-1.49,ASSCHER,D,VVS1,,,,,,3,35049.50495,206.1736
E,carat_bucket+Shape+Color+Clarity,1.00-1.49,ASSCHER,D,VVS2,,,,,,14,21073.672187,123.9628
E,carat_bucket+Shape+Color+Clarity,1.00-1.49,ASSCHER,E,VS1,,,,,,5,19411.764706,114.1869
E,carat_bucket+Shape+Color+Clarity,1.00-1.49,ASSCHER,E,VS2,,,,,,1,18683.168317,109.901
E,carat_bucket+Shape+Color+Clarity,1.00-1.49,ASSCHER,E,VVS2,,,,,,2,20382.344777,119.8961
E,carat_bucket+Shape+Color+Clarity,1.00-1.49,CUSHION,D,IF,,,,,,1,30276.595745,178.0976
E,carat_bucket+Shape+Color+Clarity,1.00-1.49,CUSHION,D,VS1,,,,,,18,19931.884584,117.2464
E,carat_bucket+Shape+Color+Clarity,1.00-1.49,CUSHION,D,VS2,,,,,,6,19650.0,115.5882
E,carat_bucket+Shape+Color+Clarity,1.00-1.49,CUSHION,D,VVS1,,,,,,7,34327.358491,201.9256
E,carat_bucket+Shape+Color+Clarity,1.00-1.49,CUSHION,D,VVS2,,,,,,18,21163.708539,124.4924
E,carat_bucket+Shape+Color+Clarity,1.00-1.49,CUSHION,E,VS1,,,,,,35,19269.230769,113.3484
E,carat_bucket+Shape+Color+Clarity,1.00-1.49,CUSHION,E,VS2,,,,,,5,19734.653465,116.0862
E,carat_bucket+Shape+Color+Clarity,1.00-1.49,CUSHION,E,VVS1,,,,,,1,31841.584158,187.3034
E,carat_bucket+Shape+Color+Clarity,1.00-1.49,CUSHION,E,VVS2,,,,,,27,19900.990099,117.0646
E,carat_bucket+Shape+Color+Clarity,1.00-1.49,CUSHION,F,VS1,,,,,,1,20100.0,118.2353
E,carat_bucket+Shape+Color+Clarity,1.00-1.49,CUSHION,F,VVS2,,,,,,2,19788.435115,116.4026
E,carat_bucket+Shape+Color+Clarity,1.00-1.49,CUSHION,G,VS2,,,,,,1,20120.300752,118.3547
E,carat_bucket+Shape+Color+Clarity,1.00-1.49,EMERALD,D,VS1,,,,,,37,19612.871287,115.3698
E,carat_bucket+Shape+Color+Clarity,1.00-1.49,EMERALD,D,VS2,,,,,,8,18920.792079,111.2988
E,carat_bucket+Shape+Color+Clarity,1.00-1.49,EMERALD,D,VVS1,,,,,,21,28805.825243,169.446
E,carat_bucket+Shape+Color+Clarity,1.00-1.49,EMERALD,D,VVS2,,,,,,52,19339.932127,113.7643
E,carat_bucket+Shape+Color+Clarity,1.00-1.49,EMERALD,E,VS1,,,,,,36,18908.910891,111.2289
E,carat_bucket+Shape+Color+Clarity,1.00-1.49,EMERALD,E,VS2,,,,,,7,18772.277228,110.4252
E,carat_bucket+Shape+Color+Clarity,1.00-1.49,EMERALD,E,VVS1,,,,,,3,28055.555556,165.0327
E,carat_bucket+Shape+Color+Clarity,1.00-1.49,EMERALD,E,VVS2,,,,,,18,18943.040186,111.4296
E,carat_bucket+Shape+Color+Clarity,1.00-1.49,EMERALD,F,VS1,,,,,,2,18299.563107,107.6445
E,carat_bucket+Shape+Color+Clarity,1.00-1.49,EMERALD,F,VS2,,,,,,1,18240.0,107.2941
E,carat_bucket+Shape+Color+Clarity,1.00-1.49,HEART,D,VS1,,,,,,61,26000.0,152.9412
E,carat_bucket+Shape+Color+Clarity,1.00-1.49,HEART,D,VS2,,,,,,12,26474.986239,155.7352
E,carat_bucket+Shape+Color+Clarity,1.00-1.49,HEART,D,VVS1,,,,,,20,35771.359223,210.4198
E,carat_bucket+Shape+Color+Clarity,1.00-1.49,HEART,D,VVS2,,,,,,82,27343.811881,160.846
E,carat_bucket+Shape+Color+Clarity,1.00-1.49,HEART,E,VS1,,,,,,36,25739.731143,151.4102
E,carat_bucket+Shape+Color+Clarity,1.00-1.49,HEART,E,VS2,,,,,,4,25198.043975,148.2238
E,carat_bucket+Shape+Color+Clarity,1.00-1.49,HEART,E,VVS1,,,,,,1,31363.636364,184.492
E,carat_bucket+Shape+Color+Clarity,1.00-1.49,HEART,E,VVS2,,,,,,31,26411.881188,155.364
E,carat_bucket+Shape+Color+Clarity,1.00-1.49,HEART,F,VS1,,,,,,2,25088.235294,147.5779
E,carat_bucket+Shape+Color+Clarity,1.00-1.49,HEART,F,VS2,,,,,,1,24653.465347,145.0204
E,carat_bucket+Shape+Color+Clarity,1.00-1.49,HEART,F,VVS2,,,,,,7,24757.281553,145.6311
E,carat_bucket+Shape+Color+Clarity,1.00-1.49,MARQUISE,D,VS1,,,,,,30,23544.117647,138.4948
E,carat_bucket+Shape+Color+Clarity,1.00-1.49,MARQUISE,D,VS2,,,,,,11,23274.0,136.9059
E,carat_bucket+Shape+Color+Clarity,1.00-1.49,MARQUISE,D,VVS1,,,,,,35,31424.271845,184.8487
E,carat_bucket+Shape+Color+Clarity,1.00-1.49,MARQUISE,D,VVS2,,,,,,27,23697.142857,139.395
E,carat_bucket+Shape+Color+Clarity,1.00-1.49,MARQUISE,E,VS1,,,,,,67,21090.0,124.0588
E,carat_bucket+Shape+Color+Clarity,1.00-1.49,MARQUISE,E,VS2,,,,,,4,20143.301887,118.49
E,carat_bucket+Shape+Color+Clarity,1.00-1.49,MARQUISE,E,VVS1,,,,,,2,30611.764706,180.0692
E,carat_bucket+Shape+Color+Clarity,1.00-1.49,MARQUISE,E,VVS2,,,,,,155,22096.039604,129.9767
E,carat_bucket+Shape+Color+Clarity,1.00-1.49,MARQUISE,F,VS1,,,,,,2,19559.500693,115.0559
E,carat_bucket+Shape+Color+Clarity,1.00-1.49,MARQUISE,F,VS2,,,,,,1,19008.196721,111.8129
E,carat_bucket+Shape+Color+Clarity,1.00-1.49,MARQUISE,F,VVS2,,,,,,7,21349.514563,125.5854
E,carat_bucket+Shape+Color+Clarity,1.00-1.49,OVAL,D,IF,,,,,,4,38827.261367,228.3957
E,carat_bucket+Shape+Color+Clarity,1.00-1.49,OVAL,D,VS1,,,,,,187,19500.0,114.7059
E,carat_bucket+Shape+Color+Clarity,1.00-1.49,OVAL,D,VS2,,,,,,20,18865.384615,110.9729
E,carat_bucket+Shape+Color+Clarity,1.00-1.49,OVAL,D,VVS1,,,,,,52,22431.683168,131.9511
E,carat_bucket+Shape+Color+Clarity,1.00-1.49,OVAL,D,VVS2,,,,,,242,20430.0,120.1765
E,carat_bucket+Shape+Color+Clarity,1.00-1.49,OVAL,E,VS1,,,,,,84,21059.405941,123.8789
E,carat_bucket+Shape+Color+Clarity,1.00-1.49,OVAL,E,VS2,,,,,,6,19166.555038,112.7444
E,carat_bucket+Shape+Color+Clarity,1.00-1.49,OVAL,E,VVS1,,,,,,17,22461.386139,132.1258
E,carat_bucket+Shape+Color+Clarity,1.00-1.49,OVAL,E,VVS2,,,,,,35,19544.554455,114.968
E,carat_bucket+Shape+Color+Clarity,1.00-1.49,OVAL,F,VS1,,,,,,3,19752.475248,116.191
E,carat_bucket+Shape+Color+Clarity,1.00-1.49,OVAL,F,VS2,,,,,,8,19466.153465,114.5068
E,carat_bucket+Shape+Color+Clarity,1.00-1.49,OVAL,F,VVS2,,,,,,6,19655.588235,115.6211
E,carat_bucket+Shape+Color+Clarity,1.00-1.49,PEAR,D,IF,,,,,,5,42825.742574,251.9161
E,carat_bucket+Shape+Color+Clarity,1.00-1.49,PEAR,D,VS1,,,,,,97,20790.0,122.2941
E,carat_bucket+Shape+Color+Clarity,1.00-1.49,PEAR,D,VS2,,,,,,21,20899.009901,122.9354
E,carat_bucket+Shape+Color+Clarity,1.00-1.49,PEAR,D,VVS1,,,,,,42,26676.0,156.9176
E,carat_bucket+Shape+Color+Clarity,1.00-1.49,PEAR,D,VVS2,,,,,,188,20881.188119,122.8305
E,carat_bucket+Shape+Color+Clarity,1.00-1.49,PEAR,E,VS1,,,,,,128,20370.0,119.8235
E,carat_bucket+Shape+Color+Clarity,1.00-1.49,PEAR,E,VS2,,,,,,14,20503.960396,120.6115
E,carat_bucket+Shape+Color+Clarity,1.00-1.49,PEAR,E,VVS1,,,,,,16,25829.70297,151.9394
E,carat_bucket+Shape+Color+Clarity,1.00-1.49,PEAR,E,VVS2,,,,,,53,19805.825243,116.5049
E,carat_bucket+Shape+Color+Clarity,1.00-1.49,PEAR,F,VS1,,,,,,19,19805.825243,116.5049
E,carat_bucket+Shape+Color+Clarity,1.00-1.49,PEAR,F,VS2,,,,,,4,20105.825243,118.2696
E,carat_bucket+Shape+Color+Clarity,1.00-1.49,PEAR,F,VVS1,,,,,,1,31500.0,185.2941
E,carat_bucket+Shape+Color+Clarity,1.00-1.49,PEAR,F,VVS2,,,,,,33,19788.461538,116.4027
E,carat_bucket+Shape+Color+Clarity,1.00-1.49,PRINCESS,D,VS1,,,,,,32,20895.131354,122.9125
E,carat_bucket+Shape+Color+Clarity,1.00-1.49,PRINCESS,D,VS2,,,,,,5,19871.287129,116.8899
E,carat_bucket+Shape+Color+Clarity,1.00-1.49,PRINCESS,D,VVS1,,,,,,38,23591.628713,138.7743
E,carat_bucket+Shape+Color+Clarity,1.00-1.49,PRINCESS,D,VVS2,,,,,,106,20311.926606,119.4819
E,carat_bucket+Shape+Color+Clarity,1.00-1.49,PRINCESS,E,VS1,,,,,,71,19782.178218,116.3658
E,carat_bucket+Shape+Color+Clarity,1.00-1.49,PRINCESS,E,VS2,,,,,,5,20040.594059,117.8858
E,carat_bucket+Shape+Color+Clarity,1.00-1.49,PRINCESS,E,VVS1,,,,,,6,38947.783589,229.1046
E,carat_bucket+Shape+Color+Clarity,1.00-1.49,PRINCESS,E,VVS2,,,,,,33,19505.660377,114.7392
E,carat_bucket+Shape+Color+Clarity,1.00-1.49,PRINCESS,F,VS1,,,,,,6,18287.373004,107.5728
E,carat_bucket+Shape+Color+Clarity,1.00-1.49,PRINCESS,F,VVS1,,,,,,4,31211.009174,183.5942
E,carat_bucket+Shape+Color+Clarity,1.00-1.49,PRINCESS,F,VVS2,,,,,,5,19306.930693,113.5702
E,carat_bucket+Shape+Color+Clarity,1.00-1.49,RADIANT,D,VS1,,,,,,25,22386.407767,131.6848
E,carat_bucket+Shape+Color+Clarity,1.00-1.49,RADIANT,D,VS2,,,,,,3,20858.490566,122.697
E,carat_bucket+Shape+Color+Clarity,1.00-1.49,RADIANT,D,VVS1,,,,,,10,25276.893204,148.6876
E,carat_bucket+Shape+Color+Clarity,1.00-1.49,RADIANT,D,VVS2,,,,,,51,24201.923077,142.3643
E,carat_bucket+Shape+Color+Clarity,1.00-1.49,RADIANT,E,VS1,,,,,,25,20284.40367,119.32
E,carat_bucket+Shape+Color+Clarity,1.00-1.49,RADIANT,E,VS2,,,,,,1,20100.0,118.2353
E,carat_bucket+Shape+Color+Clarity,1.00-1.49,RADIANT,E,VVS1,,,,,,1,26280.0,154.5882
E,carat_bucket+Shape+Color+Clarity,1.00-1.49,RADIANT,E,VVS2,,,,,,37,21750.0,127.9412
E,carat_bucket+Shape+Color+Clarity,1.00-1.49,RADIANT,F,VS1,,,,,,7,20108.695652,118.2864
E,carat_bucket+Shape+Color+Clarity,1.00-1.49,RADIANT,F,VVS2,,,,,,1,21115.384615,124.2081
E,carat_bucket+Shape+Color+Clarity,1.00-1.49,RADIANT,G,VS1,,,,,,3,20125.984252,118.3881
E,carat_bucket+Shape+Color+Clarity,1.00-1.49,RADIANT,G,VS2,,,,,,1,20116.27907,118.3311
E,carat_bucket+Shape+Color+Clarity,1.00-1.49,ROUND,D,IF,,,,,,17,35192.523364,207.0148
E,carat_bucket+Shape+Color+Clarity,1.00-1.49,ROUND,D,SI1,,,,,,3,17940.0,105.5294
E,carat_bucket+Shape+Color+Clarity,1.00-1.49,ROUND,D,VS,,,,,,2,15475.79693,91.0341
E,carat_bucket+Shape+Color+Clarity,1.00-1.49,ROUND,D,VS1,,,,,,1243,20142.857143,118.4874
E,carat_bucket+Shape+Color+Clarity,1.00-1.49,ROUND,D,VS2,,,,,,273,18436.893204,108.4523
E,carat_bucket+Shape+Color+Clarity,1.00-1.49,ROUND,D,VVS,,,,,,5,16363.636364,96.2567
E,carat_bucket+Shape+Color+Clarity,1.00-1.49,ROUND,D,VVS1,,,,,,396,22153.846154,130.3167
E,carat_bucket+Shape+Color+Clarity,1.00-1.49,ROUND,D,VVS2,,,,,,1268,19903.960396,117.0821
E,carat_bucket+Shape+Color+Clarity,1.00-1.49,ROUND,E,IF,,,,,,2,29274.604072,172.2036
E,carat_bucket+Shape+Color+Clarity,1.00-1.49,ROUND,E,SI1,,,,,,4,18149.70297,106.763
E,carat_bucket+Shape+Color+Clarity,1.00-1.49,ROUND,E,VS1,,,,,,210,20724.770642,121.9104
E,carat_bucket+Shape+Color+Clarity,1.00-1.49,ROUND,E,VS2,,,,,,38,18637.677485,109.6334
E,carat_bucket+Shape+Color+Clarity,1.00-1.49,ROUND,E,VVS1,,,,,,84,20671.921922,121.5995
E,carat_bucket+Shape+Color+Clarity,1.00-1.49,ROUND,E,VVS2,,,,,,416,21000.0,123.5294
E,carat_bucket+Shape+Color+Clarity,1.00-1.49,ROUND,F,VS1,,,,,,9,19369.306931,113.9371
E,carat_bucket+Shape+Color+Clarity,1.00-1.49,ROUND,F,VS2,,,,,,6,18158.653846,106.8156
E,carat_bucket+Shape+Color+Clarity,1.00-1.49,ROUND,F,VVS1,,,,,,8,19478.512279,114.5795
E,carat_bucket+Shape+Color+Clarity,1.00-1.49,ROUND,F,VVS2,,,,,,31,21081.818182,124.0107
E,carat_bucket+Shape+Color+Clarity,1.00-1.49,SQUARE,D,VS1,,,,,,9,20088.0,118.1647
E,carat_bucket+Shape+Color+Clarity,1.00-1.49,SQUARE,D,VVS2,,,,,,9,20135.643564,118.445
E,carat_bucket+Shape+Color+Clarity,1.00-1.49,SQUARE,E,VS1,,,,,,7,18485.046729,108.7356
E,carat_bucket+Shape+Color+Clarity,1.00-1.49,SQUARE,F,VS1,,,,,,2,20126.049467,118.3885
E,carat_bucket+Shape+Color+Clarity,1.50-1.99,-,D,VS1,,,,,,4,36039.212401,211.9954
E,carat_bucket+Shape+Color+Clarity,1.50-1.99,-,D,VVS1,,,,,,1,45716.981132,268.9234
E,carat_bucket+Shape+Color+Clarity,1.50-1.99,-,D,VVS2,,,,,,2,41986.923077,246.9819
E,carat_bucket+Shape+Color+Clarity,1.50-1.99,-,E,VVS2,,,,,,4,37650.35014,221.4726
E,carat_bucket+Shape+Color+Clarity,1.50-1.99,ASSCHER,D,IF,,,,,,2,17311.336254,101.8314
E,carat_bucket+Shape+Color+Clarity,1.50-1.99,ASSCHER,D,VS1,,,,,,7,19660.0,115.6471
E,carat_bucket+Shape+Color+Clarity,1.50-1.99,ASSCHER,D,VS2,,,,,,2,19415.496689,114.2088
E,carat_bucket+Shape+Color+Clarity,1.50-1.99,ASSCHER,D,VVS1,,,,,,1,30715.231788,180.6778
E,carat_bucket+Shape+Color+Clarity,1.50-1.99,ASSCHER,D,VVS2,,,,,,7,18398.734177,108.2278
E,carat_bucket+Shape+Color+Clarity,1.50-1.99,ASSCHER,E,VS1,,,,,,3,18189.873418,106.9993
E,carat_bucket+Shape+Color+Clarity,1.50-1.99,ASSCHER,E,VVS2,,,,,,7,19529.801325,114.8812
E,carat_bucket+Shape+Color+Clarity,1.50-1.99,CUSHION,D,VS1,,,,,,25,18547.058824,109.1003
E,carat_bucket+Shape+Color+Clarity,1.50-1.99,CUSHION,D,VS2,,,,,,2,18108.552632,106.5209
E,carat_bucket+Shape+Color+Clarity,1.50-1.99,CUSHION,D,VVS1,,,,,,7,30823.529412,181.3149
E,carat_bucket+Shape+Color+Clarity,1.50-1.99,CUSHION,D,VVS2,,,,,,52,19322.368421,113.661
E,carat_bucket+Shape+Color+Clarity,1.50-1.99,CUSHION,E,VS1,,,,,,17,18100.0,106.4706
E,carat_bucket+Shape+Color+Clarity,1.50-1.99,CUSHION,E,VVS1,,,,,,1,27929.032258,164.2884
E,carat_bucket+Shape+Color+Clarity,1.50-1.99,CUSHION,E,VVS2,,,,,,17,18178.807947,106.9342
E,carat_bucket+Shape+Color+Clarity,1.50-1.99,CUSHION,F,VS1,,,,,,2,20396.642032,119.9802
E,carat_bucket+Shape+Color+Clarity,1.50-1.99,CUSHION,F,VVS2,,,,,,2,22396.830144,131.7461
E,carat_bucket+Shape+Color+Clarity,1.50-1.99,CUSHION,G,VVS2,,,,,,1,14961.290323,88.0076
E,carat_bucket+Shape+Color+Clarity,1.50-1.99,EMERALD,D,IF,,,,,,1,34980.392157,205.767
E,carat_bucket+Shape+Color+Clarity,1.50-1.99,EMERALD,D,VS1,,,,,,46,17113.207547,100.6659
E,carat_bucket+Shape+Color+Clarity,1.50-1.99,EMERALD,D,VS2,,,,,,2,14939.772371,87.881
E,carat_bucket+Shape+Color+Clarity,1.50-1.99,EMERALD,D,VVS1,,,,,,10,26519.354839,155.9962
E,carat_bucket+Shape+Color+Clarity,1.50-1.99,EMERALD,D,VVS2,,,,,,42,19496.306673,114.6842
E,carat_bucket+Shape+Color+Clarity,1.50-1.99,EMERALD,E,IF,,,,,,1,26447.368421,155.5728
E,carat_bucket+Shape+Color+Clarity,1.50-1.99,EMERALD,E,VS1,,,,,,37,17084.415584,100.4966
E,carat_bucket+Shape+Color+Clarity,1.50-1.99,EMERALD,E,VS2,,,,,,6,16500.0,97.0588
E,carat_bucket+Shape+Color+Clarity,1.50-1.99,EMERALD,E,VVS1,,,,,,1,19860.0,116.8235
E,carat_bucket+Shape+Color+Clarity,1.50-1.99,EMERALD,E,VVS2,,,,,,45,18552.631579,109.1331
E,carat_bucket+Shape+Color+Clarity,1.50-1.99,EMERALD,F,VS1,,,,,,1,15355.263158,90.3251
E,carat_bucket+Shape+Color+Clarity,1.50-1.99,EMERALD,F,VS2,,,,,,2,18732.492997,110.1911
E,carat_bucket+Shape+Color+Clarity,1.50-1.99,EMERALD,F,VVS2,,,,,,3,17088.607595,100.5212
E,carat_bucket+Shape+Color+Clarity,1.50-1.99,EMERALD,G,VS1,,,,,,1,20119.760479,118.3515
E,carat_bucket+Shape+Color+Clarity,1.50-1.99,EMERALD,G,VVS1,,,,,,1,18867.924528,110.9878
E,carat_bucket+Shape+Color+Clarity,1.50-1.99,EMERALD,G,VVS2,,,,,,1,20115.606936,118.3271
E,carat_bucket+Shape+Color+Clarity,1.50-1.99,HEART,D,VS1,,,,,,17,20350.331126,119.7078
E,carat_bucket+Shape+Color+Clarity,1.50-1.99,HEART,D,VVS2,,,,,,17,21290.066225,125.2357
E,carat_bucket+Shape+Color+Clarity,1.50-1.99,HEART,E,VS1,,,,,,4,18723.417722,110.1378
E,carat_bucket+Shape+Color+Clarity,1.50-1.99,HEART,E,VS2,,,,,,1,29733.333333,174.902
E,carat_bucket+Shape+Color+Clarity,1.50-1.99,HEART,E,VVS1,,,,,,1,43773.584906,257.4917
E,carat_bucket+Shape+Color+Clarity,1.50-1.99,HEART,E,VVS2,,,,,,9,20549.019608,120.8766
E,carat_bucket+Shape+Color+Clarity,1.50-1.99,HEART,F,VS1,,,,,,1,19951.612903,117.3624
E,carat_bucket+Shape+Color+Clarity,1.50-1.99,MARQUISE,D,VS1,,,,,,25,26321.052632,154.8297
E,carat_bucket+Shape+Color+Clarity,1.50-1.99,MARQUISE,D,VS2,,,,,,3,26002.649007,152.9568
E,carat_bucket+Shape+Color+Clarity,1.50-1.99,MARQUISE,D,VVS1,,,,,,1,41721.854305,245.4227
E,carat_bucket+Shape+Color+Clarity,1.50-1.99,MARQUISE,D,VVS2,,,,,,15,26651.612903,156.7742
E,carat_bucket+Shape+Color+Clarity,1.50-1.99,MARQUISE,E,VS1,,,,,,41,21888.888889,128.7582
E,carat_bucket+Shape+Color+Clarity,1.50-1.99,MARQUISE,E,VS2,,,,,,5,21432.515337,126.0736
E,carat_bucket+Shape+Color+Clarity,1.50-1.99,MARQUISE,E,VVS2,,,,,,32,22855.214724,134.4424
E,carat_bucket+Shape+Color+Clarity,1.50-1.99,MARQUISE,F,VVS2,,,,,,2,31855.774003,187.3869
E,carat_bucket+Shape+Color+Clarity,1.50-1.99,OVAL,D,VS1,,,,,,47,19080.0,112.2353
E,carat_bucket+Shape+Color+Clarity,1.50-1.99,OVAL,D,VS2,,,,,,17,18037.974684,106.1057
E,carat_bucket+Shape+Color+Clarity,1.50-1.99,OVAL,D,VVS1,,,,,,44,31484.837923,185.2049
E,carat_bucket+Shape+Color+Clarity,1.50-1.99,OVAL,D,VVS2,,,,,,78,19700.0,115.8824
E,carat_bucket+Shape+Color+Clarity,1.50-1.99,OVAL,E,VS1,,,,,,60,17590.062112,103.471
E,carat_bucket+Shape+Color+Clarity,1.50-1.99,OVAL,E,VS2,,,,,,3,18546.0,109.0941
E,carat_bucket+Shape+Color+Clarity,1.50-1.99,OVAL,E,VVS1,,,,,,1,35922.580645,211.3093
E,carat_bucket+Shape+Color+Clarity,1.50-1.99,OVAL,E,VVS2,,,,,,65,19026.315789,111.9195
E,carat_bucket+Shape+Color+Clarity,1.50-1.99,OVAL,F,VS1,,,,,,16,18834.437086,110.7908
E,carat_bucket+Shape+Color+Clarity,1.50-1.99,OVAL,F,VS2,,,,,,3,19042.0,112.0118
E,carat_bucket+Shape+Color+Clarity,1.50-1.99,OVAL,F,VVS2,,,,,,13,18986.842105,111.6873
E,carat_bucket+Shape+Color+Clarity,1.50-1.99,PEAR,D,VS1,,,,,,49,17981.012658,105.7707
E,carat_bucket+Shape+Color+Clarity,1.50-1.99,PEAR,D,VS2,,,,,,14,18710.526316,110.0619
E,carat_bucket+Shape+Color+Clarity,1.50-1.99,PEAR,D,VVS1,,,,,,10,32688.258278,192.2839
E,carat_bucket+Shape+Color+Clarity,1.50-1.99,PEAR,D,VVS2,,,,,,94,18515.923567,108.9172
E,carat_bucket+Shape+Color+Clarity,1.50-1.99,PEAR,E,VS1,,,,,,39,18487.5,108.75
E,carat_bucket+Shape+Color+Clarity,1.50-1.99,PEAR,E,VS2,,,,,,4,18627.81457,109.5754
E,carat_bucket+Shape+Color+Clarity,1.50-1.99,PEAR,E,VVS1,,,,,,2,28684.701987,168.7335
E,carat_bucket+Shape+Color+Clarity,1.50-1.99,PEAR,E,VVS2,,,,,,78,18223.920103,107.1995
E,carat_bucket+Shape+Color+Clarity,1.50-1.99,PEAR,F,VS1,,,,,,10,18466.887417,108.6287
E,carat_bucket+Shape+Color+Clarity,1.50-1.99,PEAR,F,VS2,,,,,,2,18277.265823,107.5133
E,carat_bucket+Shape+Color+Clarity,1.50-1.99,PEAR,F,VVS1,,,,,,3,25548.387097,150.2846
E,carat_bucket+Shape+Color+Clarity,1.50-1.99,PEAR,F,VVS2,,,,,,31,18346.153846,107.9186
E,carat_bucket+Shape+Color+Clarity,1.50-1.99,PRINCESS,D,VS1,,,,,,70,28640.0,168.4706
E,carat_bucket+Shape+Color+Clarity,1.50-1.99,PRINCESS,D,VS2,,,,,,5,21696.132597,127.6243
E,carat_bucket+Shape+Color+Clarity,1.50-1.99,PRINCESS,D,VVS1,,,,,,23,38156.862745,224.4521
E,carat_bucket+Shape+Color+Clarity,1.50-1.99,PRINCESS,D,VVS2,,,,,,88,35018.867925,205.9933
E,carat_bucket+Shape+Color+Clarity,1.50-1.99,PRINCESS,E,VS1,,,,,,37,23193.75,136.4338
E,carat_bucket+Shape+Color+Clarity,1.50-1.99,PRINCESS,E,VS2,,,,,,2,20225.238411,118.972
E,carat_bucket+Shape+Color+Clarity,1.50-1.99,PRINCESS,E,VVS1,,,,,,20,34151.85636,200.8933
E,carat_bucket+Shape+Color+Clarity,1.50-1.99,PRINCESS,E,VVS2,,,,,,51,18019.86755,105.9992
E,carat_bucket+Shape+Color+Clarity,1.50-1.99,PRINCESS,F,VS1,,,,,,1,16470.588235,96.8858
E,carat_bucket+Shape+Color+Clarity,1.50-1.99,PRINCESS,F,VS2,,,,,,2,21645.686275,127.3276
E,carat_bucket+Shape+Color+Clarity,1.50-1.99,PRINCESS,F,VVS1,,,,,,5,26857.894737,157.9876
E,carat_bucket+Shape+Color+Clarity,1.50-1.99,PRINCESS,F,VVS2,,,,,,9,22754.716981,133.8513
E,carat_bucket+Shape+Color+Clarity,1.50-1.99,PRINCESS,G,VVS1,,,,,,2,18897.033267,111.159
E,carat_bucket+Shape+Color+Clarity,1.50-1.99,RADIANT,D,VS1,,,,,,30,15042.038217,88.4826
E,carat_bucket+Shape+Color+Clarity,1.50-1.99,RADIANT,D,VVS1,,,,,,1,24254.901961,142.6759
E,carat_bucket+Shape+Color+Clarity,1.50-1.99,RADIANT,D,VVS2,,,,,,36,16470.588235,96.8858
E,carat_bucket+Shape+Color+Clarity,1.50-1.99,RADIANT,E,VS1,,,,,,19,14852.830189,87.3696
E,carat_bucket+Shape+Color+Clarity,1.50-1.99,RADIANT,E,VVS1,,,,,,1,21967.105263,129.2183
E,carat_bucket+Shape+Color+Clarity,1.50-1.99,RADIANT,E,VVS2,,,,,,24,15217.105263,89.5124
E,carat_bucket+Shape+Color+Clarity,1.50-1.99,RADIANT,F,VS1,,,,,,3,14230.769231,83.7104
E,carat_bucket+Shape+Color+Clarity,1.50-1.99,RADIANT,F,VVS2,,,,,,4,14582.278481,85.7781
E,carat_bucket+Shape+Color+Clarity,1.50-1.99,ROUND,D,IF,,,,,,8,48112.5,283.0147
E,carat_bucket+Shape+Color+Clarity,1.50-1.99,ROUND,D,SI1,,,,,,1,22381.578947,131.6563
E,carat_bucket+Shape+Color+Clarity,1.50-1.99,ROUND,D,VS1,,,,,,97,19600.0,115.2941
E,carat_bucket+Shape+Color+Clarity,1.50-1.99,ROUND,D,VS2,,,,,,47,18805.16129,110.6186
E,carat_bucket+Shape+Color+Clarity,1.50-1.99,ROUND,D,VVS1,,,,,,62,29360.784314,172.7105
E,carat_bucket+Shape+Color+Clarity,1.50-1.99,ROUND,D,VVS2,,,,,,85,21340.0,125.5294
E,carat_bucket+Shape+Color+Clarity,1.50-1.99,ROUND,E,VS1,,,,,,40,19474.0,114.5529
E,carat_bucket+Shape+Color+Clarity,1.50-1.99,ROUND,E,VS2,,,,,,22,18688.450348,109.9321
E,carat_bucket+Shape+Color+Clarity,1.50-1.99,ROUND,E,VVS1,,,,,,11,30244.565217,177.9092
E,carat_bucket+Shape+Color+Clarity,1.50-1.99,ROUND,E,VVS2,,,,,,143,20664.473684,121.5557
E,carat_bucket+Shape+Color+Clarity,1.50-1.99,ROUND,F,VS1,,,,,,8,19117.932736,112.4584
E,carat_bucket+Shape+Color+Clarity,1.50-1.99,ROUND,F,VS2,,,,,,5,19448.344371,114.402
E,carat_bucket+Shape+Color+Clarity,1.50-1.99,ROUND,F,VVS1,,,,,,7,25433.333333,149.6078
E,carat_bucket+Shape+Color+Clarity,1.50-1.99,ROUND,F,VVS2,,,,,,22,25994.057725,152.9062
E,carat_bucket+Shape+Color+Clarity,1.50-1.99,ROUND,H,VVS2,,,,,,1,18710.526316,110.0619
E,carat_bucket+Shape+Color+Clarity,1.50-1.99,SQUARE,D,VS1,,,,,,5,16292.81768,95.8401
E,carat_bucket+Shape+Color+Clarity,1.50-1.99,SQUARE,D,VVS1,,,,,,2,32418.551587,190.6974
E,carat_bucket+Shape+Color+Clarity,1.50-1.99,SQUARE,D,VVS2,,,,,,2,25879.280224,152.2311
E,carat_bucket+Shape+Color+Clarity,1.50-1.99,SQUARE,E,VS1,,,,,,8,19337.912797,113.7524
E,carat_bucket+Shape+Color+Clarity,1.50-1.99,SQUARE,E,VVS2,,,,,,5,19025.806452,111.9165
E,carat_bucket+Shape+Color+Clarity,1.50-1.99,SQUARE,F,VS1,,,,,,1,24948.387097,146.7552
E,carat_bucket+Shape+Color+Clarity,10.00+,-,D,VVS1,,,,,,1,118405.819296,696.5048
E,carat_bucket+Shape+Color+Clarity,10.00+,ASHOKA,E,VS1,,,,,,1,59765.217391,351.5601
E,carat_bucket+Shape+Color+Clarity,10.00+,CUSHION,D,VS1,,,,,,1,30834.49651,181.3794
E,carat_bucket+Shape+Color+Clarity,10.00+,CUSHION,F,VVS2,,,,,,1,27640.516385,162.5913
E,carat_bucket+Shape+Color+Clarity,10.00+,EMERALD,D,VS1,,,,,,2,55175.256963,324.5603
E,carat_bucket+Shape+Color+Clarity,10.00+,EMERALD,D,VVS1,,,,,,22,41759.669202,245.6451
E,carat_bucket+Shape+Color+Clarity,10.00+,EMERALD,D,VVS2,,,,,,6,68814.583431,404.7917
E,carat_bucket+Shape+Color+Clarity,10.00+,EMERALD,E,VS1,,,,,,16,25371.399707,149.2435
E,carat_bucket+Shape+Color+Clarity,10.00+,EMERALD,E,VVS1,,,,,,2,37334.936564,219.6173
E,carat_bucket+Shape+Color+Clarity,10.00+,EMERALD,E,VVS2,,,,,,22,26949.330804,158.5255
E,carat_bucket+Shape+Color+Clarity,10.00+,EMERALD,F,VS1,,,,,,14,25173.951209,148.0821
E,carat_bucket+Shape+Color+Clarity,10.00+,EMERALD,F,VVS2,,,,,,12,24935.592765,146.68
E,carat_bucket+Shape+Color+Clarity,10.00+,HEART,D,VS1,,,,,,1,67701.19403,398.2423
E,carat_bucket+Shape+Color+Clarity,10.00+,HEART,D,VVS1,,,,,,8,100562.710939,591.5454
E,carat_bucket+Shape+Color+Clarity,10.00+,HEART,D,VVS2,,,,,,3,65083.333333,382.8431
E,carat_bucket+Shape+Color+Clarity,10.00+,HEART,E,VS1,,,,,,3,50927.54491,299.5738
E,carat_bucket+Shape+Color+Clarity,10.00+,MARQUISE,D,VVS1,,,,,,3,83427.745665,490.7514
E,carat_bucket+Shape+Color+Clarity,10.00+,MARQUISE,D,VVS2,,,,,,1,71393.351801,419.9609
E,carat_bucket+Shape+Color+Clarity,10.00+,MARQUISE,E,VS1,,,,,,3,27176.470588,159.8616
E,carat_bucket+Shape+Color+Clarity,10.00+,MARQUISE,E,VVS1,,,,,,1,132194.539249,777.6149
E,carat_bucket+Shape+Color+Clarity,10.00+,MARQUISE,E,VVS2,,,,,,7,33065.47619,194.5028
E,carat_bucket+Shape+Color+Clarity,10.00+,MARQUISE,F,VVS2,,,,,,4,32705.681282,192.3864
E,carat_bucket+Shape+Color+Clarity,10.00+,OVAL,D,VS1,,,,,,1,50268.582755,295.6975
E,carat_bucket+Shape+Color+Clarity,10.00+,OVAL,D,VVS1,,,,,,24,62836.471754,369.6263
E,carat_bucket+Shape+Color+Clarity,10.00+,OVAL,D,VVS2,,,,,,7,91162.721893,536.2513
E,carat_bucket+Shape+Color+Clarity,10.00+,OVAL,E,VS1,,,,,,5,34318.145563,201.8714
E,carat_bucket+Shape+Color+Clarity,10.00+,OVAL,E,VVS1,,,,,,1,48643.68932,286.1393
E,carat_bucket+Shape+Color+Clarity,10.00+,OVAL,E,VVS2,,,,,,31,34811.665005,204.7745
E,carat_bucket+Shape+Color+Clarity,10.00+,OVAL,F,VS1,,,,,,7,29565.434565,173.9143
E,carat_bucket+Shape+Color+Clarity,10.00+,OVAL,F,VVS1,,,,,,2,41239.0113,242.5824
E,carat_bucket+Shape+Color+Clarity,10.00+,OVAL,F,VVS2,,,,,,11,31893.638171,187.6096
E,carat_bucket+Shape+Color+Clarity,10.00+,PEAR,D,VS1,,,,,,1,51453.982301,302.6705
E,carat_bucket+Shape+Color+Clarity,10.00+,PEAR,D,VVS1,,,,,,23,116958.055925,687.9886
E,carat_bucket+Shape+Color+Clarity,10.00+,PEAR,D,VVS2,,,,,,3,96765.671642,569.2098
E,carat_bucket+Shape+Color+Clarity,10.00+,PEAR,E,VS1,,,,,,5,31000.96432,182.3586
E,carat_bucket+Shape+Color+Clarity,10.00+,PEAR,E,VVS2,,,,,,5,32628.712871,191.9336
E,carat_bucket+Shape+Color+Clarity,10.00+,PEAR,F,VS1,,,,,,5,29714.001986,174.7882
E,carat_bucket+Shape+Color+Clarity,10.00+,PEAR,F,VVS2,,,,,,3,30038.88335,176.6993
E,carat_bucket+Shape+Color+Clarity,10.00+,PRINCESS,E,VVS2,,,,,,1,59206.759443,348.2751
E,carat_bucket+Shape+Color+Clarity,10.00+,RADIANT,D,VVS1,,,,,,5,38062.5,223.8971
E,carat_bucket+Shape+Color+Clarity,10.00+,RADIANT,D,VVS2,,,,,,2,71151.912339,418.5407
E,carat_bucket+Shape+Color+Clarity,10.00+,RADIANT,E,VS1,,,,,,3,29153.046953,171.4885
E,carat_bucket+Shape+Color+Clarity,10.00+,RADIANT,E,VVS2,,,,,,9,30218.344965,177.755
E,carat_bucket+Shape+Color+Clarity,10.00+,RADIANT,F,VVS2,,,,,,1,29407.738095,172.9867
E,carat_bucket+Shape+Color+Clarity,10.00+,ROUND,D,VVS1,,,,,,26,86281.842861,507.5403
E,carat_bucket+Shape+Color+Clarity,10.00+,ROUND,D,VVS2,,,,,,5,74151.848152,436.1873
E,carat_bucket+Shape+Color+Clarity,10.00+,ROUND,E,VS1,,,,,,4,53779.786855,316.3517
E,carat_bucket+Shape+Color+Clarity,10.00+,ROUND,E,VVS1,,,,,,4,63087.129313,371.1008
E,carat_bucket+Shape+Color+Clarity,10.00+,ROUND,E,VVS2,,,,,,4,60651.898431,356.7759
E,carat_bucket+Shape+Color+Clarity,10.00+,ROUND,F,VS1,,,,,,1,51514.97006,303.0292
E,carat_bucket+Shape+Color+Clarity,10.00+,ROUND,F,VVS1,,,,,,1,49978.279757,293.9899
E,carat_bucket+Shape+Color+Clarity,10.00+,ROUND,F,VVS2,,,,,,3,54107.355865,318.2786
E,carat_bucket+Shape+Color+Clarity,10.00+,SQUARE,D,VVS1,,,,,,2,88734.157596,521.9656
E,carat_bucket+Shape+Color+Clarity,10.00+,SQUARE,D,VVS2,,,,,,3,59005.121639,347.089
E,carat_bucket+Shape+Color+Clarity,10.00+,SQUARE,E,VS1,,,,,,2,68313.879364,401.8463
E,carat_bucket+Shape+Color+Clarity,10.00+,SQUARE,E,VVS1,,,,,,1,28986.041874,170.5061
E,carat_bucket+Shape+Color+Clarity,10.00+,SQUARE,E,VVS2,,,,,,1,55242.637644,324.9567
E,carat_bucket+Shape+Color+Clarity,10.00+,SQUARE,F,VVS1,,,,,,1,26232.142857,154.3067
E,carat_bucket+Shape+Color+Clarity,2.00-2.99,-,D,VS1,,,,,,10,53141.114149,312.5948
E,carat_bucket+Shape+Color+Clarity,2.00-2.99,-,D,VVS1,,,,,,21,66588.516746,391.6972
E,carat_bucket+Shape+Color+Clarity,2.00-2.99,-,D,VVS2,,,,,,39,59196.172249,348.2128
E,carat_bucket+Shape+Color+Clarity,2.00-2.99,-,E,VVS1,,,,,,8,48956.678783,287.9805
E,carat_bucket+Shape+Color+Clarity,2.00-2.99,-,E,VVS2,,,,,,5,45043.68932,264.9629
E,carat_bucket+Shape+Color+Clarity,2.00-2.99,ASSCHER,D,VS1,,,,,,6,23932.912257,140.7818
E,carat_bucket+Shape+Color+Clarity,2.00-2.99,ASSCHER,D,VVS1,,,,,,1,38462.686567,226.2511
E,carat_bucket+Shape+Color+Clarity,2.00-2.99,ASSCHER,D,VVS2,,,,,,7,25140.0,147.8824
E,carat_bucket+Shape+Color+Clarity,2.00-2.99,ASSCHER,E,VS1,,,,,,5,21524.271845,126.6134
E,carat_bucket+Shape+Color+Clarity,2.00-2.99,ASSCHER,E,VVS2,,,,,,7,21980.769231,129.2986
E,carat_bucket+Shape+Color+Clarity,2.00-2.99,ASSCHER,F,VS2,,,,,,1,21180.0,124.5882
E,carat_bucket+Shape+Color+Clarity,2.00-2.99,CUSHION,D,VS1,,,,,,17,21447.761194,126.1633
E,carat_bucket+Shape+Color+Clarity,2.00-2.99,CUSHION,D,VVS1,,,,,,3,38316.831683,225.3931
E,carat_bucket+Shape+Color+Clarity,2.00-2.99,CUSHION,D,VVS2,,,,,,29,24289.552239,142.8797
E,carat_bucket+Shape+Color+Clarity,2.00-2.99,CUSHION,E,VS1,,,,,,54,20940.298507,123.1782
E,carat_bucket+Shape+Color+Clarity,2.00-2.99,CUSHION,E,VS2,,,,,,3,20611.940299,121.2467
E,carat_bucket+Shape+Color+Clarity,2.00-2.99,CUSHION,E,VVS1,,,,,,1,36561.576355,215.0681
E,carat_bucket+Shape+Color+Clarity,2.00-2.99,CUSHION,E,VVS2,,,,,,24,21450.0,126.1765
E,carat_bucket+Shape+Color+Clarity,2.00-2.99,CUSHION,F,VS1,,,,,,1,20850.746269,122.6514
E,carat_bucket+Shape+Color+Clarity,2.00-2.99,CUSHION,G,VS1,,,,,,1,23193.396226,136.4317
E,carat_bucket+Shape+Color+Clarity,2.00-2.99,EMERALD,D,VS1,,,,,,62,20544.117647,120.8478
E,carat_bucket+Shape+Color+Clarity,2.00-2.99,EMERALD,D,VS2,,,,,,6,20765.671642,122.151
E,carat_bucket+Shape+Color+Clarity,2.00-2.99,EMERALD,D,VVS1,,,,,,4,33537.980769,197.2822
E,carat_bucket+Shape+Color+Clarity,2.00-2.99,EMERALD,D,VVS2,,,,,,25,21383.168317,125.7833
E,carat_bucket+Shape+Color+Clarity,2.00-2.99,EMERALD,E,VS1,,,,,,55,19054.455446,112.085
E,carat_bucket+Shape+Color+Clarity,2.00-2.99,EMERALD,E,VS2,,,,,,2,21079.495103,123.997
E,carat_bucket+Shape+Color+Clarity,2.00-2.99,EMERALD,E,VVS1,,,,,,2,39088.05256,229.9297
E,carat_bucket+Shape+Color+Clarity,2.00-2.99,EMERALD,E,VVS2,,,,,,58,19340.57971,113.7681
E,carat_bucket+Shape+Color+Clarity,2.00-2.99,EMERALD,F,VS1,,,,,,5,18825.742574,110.7397
E,carat_bucket+Shape+Color+Clarity,2.00-2.99,EMERALD,F,VS2,,,,,,2,21645.880996,127.3287
E,carat_bucket+Shape+Color+Clarity,2.00-2.99,EMERALD,F,VVS2,,,,,,33,18750.0,110.2941
E,carat_bucket+Shape+Color+Clarity,2.00-2.99,EMERALD,G,VS1,,,,,,1,23204.651163,136.4979
E,carat_bucket+Shape+Color+Clarity,2.00-2.99,HEART,D,SI1,,,,,,2,24169.090279,142.1711
E,carat_bucket+Shape+Color+Clarity,2.00-2.99,HEART,D,VS1,,,,,,33,21024.285714,123.6723
E,carat_bucket+Shape+Color+Clarity,2.00-2.99,HEART,D,VS2,,,,,,4,23760.932836,139.7702
E,carat_bucket+Shape+Color+Clarity,2.00-2.99,HEART,D,VVS1,,,,,,10,42722.563161,251.3092
E,carat_bucket+Shape+Color+Clarity,2.00-2.99,HEART,D,VVS2,,,,,,59,25119.6,147.7624
E,carat_bucket+Shape+Color+Clarity,2.00-2.99,HEART,E,SI1,,,,,,1,29388.349515,172.8726
E,carat_bucket+Shape+Color+Clarity,2.00-2.99,HEART,E,VS1,,,,,,20,19392.022631,114.0707
E,carat_bucket+Shape+Color+Clarity,2.00-2.99,HEART,E,VS2,,,,,,2,19164.691604,112.7335
E,carat_bucket+Shape+Color+Clarity,2.00-2.99,HEART,E,VVS1,,,,,,1,45251.231527,266.1837
E,carat_bucket+Shape+Color+Clarity,2.00-2.99,HEART,E,VVS2,,,,,,11,21054.285714,123.8487
E,carat_bucket+Shape+Color+Clarity,2.00-2.99,HEART,F,VS1,,,,,,1,33480.582524,196.9446
E,carat_bucket+Shape+Color+Clarity,2.00-2.99,HEART,F,VVS2,,,,,,2,37111.337365,218.302
E,carat_bucket+Shape+Color+Clarity,2.00-2.99,HEART,G,VS1,,,,,,1,26288.135593,154.6361
E,carat_bucket+Shape+Color+Clarity,2.00-2.99,MARQUISE,D,VS1,,,,,,13,33472.906404,196.8994
E,carat_bucket+Shape+Color+Clarity,2.00-2.99,MARQUISE,D,VVS2,,,,,,39,35370.44335,208.0614
E,carat_bucket+Shape+Color+Clarity,2.00-2.99,MARQUISE,E,VS1,,,,,,35,20815.841584,122.4461
E,carat_bucket+Shape+Color+Clarity,2.00-2.99,MARQUISE,E,VVS2,,,,,,38,21223.880597,124.8464
E,carat_bucket+Shape+Color+Clarity,2.00-2.99,OVAL,D,VS1,,,,,,187,22253.731343,130.9043
E,carat_bucket+Shape+Color+Clarity,2.00-2.99,OVAL,D,VS2,,,,,,33,20771.428571,122.1849
E,carat_bucket+Shape+Color+Clarity,2.00-2.99,OVAL,D,VVS1,,,,,,43,37813.432836,222.432
E,carat_bucket+Shape+Color+Clarity,2.00-2.99,OVAL,D,VVS2,,,,,,154,22656.716418,133.2748
E,carat_bucket+Shape+Color+Clarity,2.00-2.99,OVAL,E,VS1,,,,,,192,20208.955224,118.8762
E,carat_bucket+Shape+Color+Clarity,2.00-2.99,OVAL,E,VS2,,,,,,12,19965.671642,117.4451
E,carat_bucket+Shape+Color+Clarity,2.00-2.99,OVAL,E,VVS1,,,,,,2,36839.120509,216.7007
E,carat_bucket+Shape+Color+Clarity,2.00-2.99,OVAL,E,VVS2,,,,,,182,21371.287129,125.7135
E,carat_bucket+Shape+Color+Clarity,2.00-2.99,OVAL,F,VS1,,,,,,18,19980.597015,117.5329
E,carat_bucket+Shape+Color+Clarity,2.00-2.99,OVAL,F,VS2,,,,,,3,19965.671642,117.4451
E,carat_bucket+Shape+Color+Clarity,2.00-2.99,OVAL,F,VVS1,,,,,,1,28788.17734,169.3422
E,carat_bucket+Shape+Color+Clarity,2.00-2.99,OVAL,F,VVS2,,,,,,17,21565.5,126.8559
E,carat_bucket+Shape+Color+Clarity,2.00-2.99,PEAR,D,VS1,,,,,,54,21948.910727,129.1112
E,carat_bucket+Shape+Color+Clarity,2.00-2.99,PEAR,D,VS2,,,,,,3,20520.0,120.7059
E,carat_bucket+Shape+Color+Clarity,2.00-2.99,PEAR,D,VVS1,,,,,,24,40761.19403,239.7717
E,carat_bucket+Shape+Color+Clarity,2.00-2.99,PEAR,D,VVS2,,,,,,26,25388.059701,149.3415
E,carat_bucket+Shape+Color+Clarity,2.00-2.99,PEAR,E,VS1,,,,,,61,20295.0,119.3824
E,carat_bucket+Shape+Color+Clarity,2.00-2.99,PEAR,E,VS2,,,,,,3,20018.316832,117.7548
E,carat_bucket+Shape+Color+Clarity,2.00-2.99,PEAR,E,VVS1,,,,,,3,33771.84466,198.6579
E,carat_bucket+Shape+Color+Clarity,2.00-2.99,PEAR,E,VVS2,,,,,,35,20565.671642,120.9745
E,carat_bucket+Shape+Color+Clarity,2.00-2.99,PEAR,F,VS1,,,,,,8,19997.014925,117.6295
E,carat_bucket+Shape+Color+Clarity,2.00-2.99,PEAR,F,VS2,,,,,,5,19863.0,116.8412
E,carat_bucket+Shape+Color+Clarity,2.00-2.99,PEAR,F,VVS2,,,,,,19,20238.80597,119.0518
E,carat_bucket+Shape+Color+Clarity,2.00-2.99,PRINCESS,D,SI1,,,,,,1,26164.179104,153.9069
E,carat_bucket+Shape+Color+Clarity,2.00-2.99,PRINCESS,D,VS1,,,,,,29,21462.686567,126.2511
E,carat_bucket+Shape+Color+Clarity,2.00-2.99,PRINCESS,D,VVS1,,,,,,18,39273.506624,231.0206
E,carat_bucket+Shape+Color+Clarity,2.00-2.99,PRINCESS,D,VVS2,,,,,,56,22717.5,133.6324
E,carat_bucket+Shape+Color+Clarity,2.00-2.99,PRINCESS,E,VS1,,,,,,21,20995.522388,123.5031
E,carat_bucket+Shape+Color+Clarity,2.00-2.99,PRINCESS,E,VS2,,,,,,1,26644.268775,156.731
E,carat_bucket+Shape+Color+Clarity,2.00-2.99,PRINCESS,E,VVS1,,,,,,11,32970.44335,193.9438
E,carat_bucket+Shape+Color+Clarity,2.00-2.99,PRINCESS,E,VVS2,,,,,,31,31076.555024,182.8033
E,carat_bucket+Shape+Color+Clarity,2.00-2.99,PRINCESS,F,VS1,,,,,,3,24764.423077,145.6731
E,carat_bucket+Shape+Color+Clarity,2.00-2.99,PRINCESS,F,VVS1,,,,,,1,30465.0,179.2059
E,carat_bucket+Shape+Color+Clarity,2.00-2.99,PRINCESS,F,VVS2,,,,,,15,26128.078818,153.6946
E,carat_bucket+Shape+Color+Clarity,2.00-2.99,RADIANT,D,VS1,,,,,,17,23740.384615,139.6493
E,carat_bucket+Shape+Color+Clarity,2.00-2.99,RADIANT,D,VVS1,,,,,,6,38364.504212,225.6736
E,carat_bucket+Shape+Color+Clarity,2.00-2.99,RADIANT,D,VVS2,,,,,,23,26634.146341,156.6714
E,carat_bucket+Shape+Color+Clarity,2.00-2.99,RADIANT,E,VS1,,,,,,17,22363.636364,131.5508
E,carat_bucket+Shape+Color+Clarity,2.00-2.99,RADIANT,E,VVS2,,,,,,26,23444.460308,137.9086
E,carat_bucket+Shape+Color+Clarity,2.00-2.99,RADIANT,F,VVS2,,,,,,2,22627.871182,133.1051
E,carat_bucket+Shape+Color+Clarity,2.00-2.99,ROUND,D,SI1,,,,,,1,21178.082192,124.577
E,carat_bucket+Shape+Color+Clarity,2.00-2.99,ROUND,D,VS1,,,,,,423,21240.0,124.9412
E,carat_bucket+Shape+Color+Clarity,2.00-2.99,ROUND,D,VS2,,,,,,8,22338.0,131.4
E,carat_bucket+Shape+Color+Clarity,2.00-2.99,ROUND,D,VVS1,,,,,,115,41896.551724,246.4503
E,carat_bucket+Shape+Color+Clarity,2.00-2.99,ROUND,D,VVS2,,,,,,470,23776.119403,139.8595
E,carat_bucket+Shape+Color+Clarity,2.00-2.99,ROUND,E,SI1,,,,,,2,22792.393142,134.0729
E,carat_bucket+Shape+Color+Clarity,2.00-2.99,ROUND,E,VS1,,,,,,497,19970.149254,117.4715
E,carat_bucket+Shape+Color+Clarity,2.00-2.99,ROUND,E,VS2,,,,,,19,20097.0,118.2176
E,carat_bucket+Shape+Color+Clarity,2.00-2.99,ROUND,E,VVS1,,,,,,9,30014.563107,176.5563
E,carat_bucket+Shape+Color+Clarity,2.00-2.99,ROUND,E,VVS2,,,,,,354,20580.597015,121.0623
E,carat_bucket+Shape+Color+Clarity,2.00-2.99,ROUND,F,VS1,,,,,,1,21697.368421,127.6316
E,carat_bucket+Shape+Color+Clarity,2.00-2.99,ROUND,F,VS2,,,,,,2,22636.452548,133.1556
E,carat_bucket+Shape+Color+Clarity,2.00-2.99,ROUND,F,VVS1,,,,,,1,25262.376238,148.6022
E,carat_bucket+Shape+Color+Clarity,2.00-2.99,ROUND,F,VVS2,,,,,,46,20716.41791,121.8613
E,carat_bucket+Shape+Color+Clarity,2.00-2.99,SQUARE,D,VS1,,,,,,6,31889.476832,187.5852
E,carat_bucket+Shape+Color+Clarity,2.00-2.99,SQUARE,D,VS2,,,,,,1,31238.80597,183.7577
E,carat_bucket+Shape+Color+Clarity,2.00-2.99,SQUARE,D,VVS2,,,,,,9,32469.230769,190.9955
E,carat_bucket+Shape+Color+Clarity,2.00-2.99,SQUARE,E,VS1,,,,,,8,26286.980769,154.6293
E,carat_bucket+Shape+Color+Clarity,2.00-2.99,SQUARE,E,VS2,,,,,,1,26928.229665,158.4014
E,carat_bucket+Shape+Color+Clarity,2.00-2.99,SQUARE,E,VVS1,,,,,,3,41440.191388,243.7658
E,carat_bucket+Shape+Color+Clarity,2.00-2.99,SQUARE,E,VVS2,,,,,,17,28436.440678,167.2732
E,carat_bucket+Shape+Color+Clarity,2.00-2.99,SQUARE,F,VS1,,,,,,3,24585.365854,144.6198
E,carat_bucket+Shape+Color+Clarity,2.00-2.99,SQUARE,F,VS2,,,,,,1,23192.307692,136.4253
E,carat_bucket+Shape+Color+Clarity,2.00-2.99,SQUARE,F,VVS1,,,,,,1,28701.923077,168.8348
E,carat_bucket+Shape+Color+Clarity,2.00-2.99,SQUARE,F,VVS2,,,,,,1,27118.226601,159.519
E,carat_bucket+Shape+Color+Clarity,3.00-3.99,-,D,VS1,,,,,,12,58833.047782,346.0768
E,carat_bucket+Shape+Color+Clarity,3.00-3.99,-,D,VVS1,,,,,,8,74067.961165,435.6939
E,carat_bucket+Shape+Color+Clarity,3.00-3.99,-,D,VVS2,,,,,,36,68168.736603,400.9926
E,carat_bucket+Shape+Color+Clarity,3.00-3.99,-,E,VVS1,,,,,,4,59214.650091,348.3215
E,carat_bucket+Shape+Color+Clarity,3.00-3.99,-,E,VVS2,,,,,,9,60058.252427,353.2838
E,carat_bucket+Shape+Color+Clarity,3.00-3.99,-,F,VVS1,,,,,,1,39264.248705,230.9662
E,carat_bucket+Shape+Color+Clarity,3.00-3.99,-,F,VVS2,,,,,,1,43834.951456,257.8527
E,carat_bucket+Shape+Color+Clarity,3.00-3.99,ASSCHER,D,VS1,,,,,,6,26650.318162,156.7666
E,carat_bucket+Shape+Color+Clarity,3.00-3.99,ASSCHER,D,VVS2,,,,,,2,27520.0,161.8824
E,carat_bucket+Shape+Color+Clarity,3.00-3.99,ASSCHER,E,VVS2,,,,,,4,24802.024035,145.8943
E,carat_bucket+Shape+Color+Clarity,3.00-3.99,CUSHION,D,VS1,,,,,,7,23529.139073,138.4067
E,carat_bucket+Shape+Color+Clarity,3.00-3.99,CUSHION,D,VVS2,,,,,,13,26900.0,158.2353
E,carat_bucket+Shape+Color+Clarity,3.00-3.99,CUSHION,E,VS1,,,,,,17,22290.397351,131.12
E,carat_bucket+Shape+Color+Clarity,3.00-3.99,CUSHION,E,VS2,,,,,,1,26285.714286,154.6218
E,carat_bucket+Shape+Color+Clarity,3.00-3.99,CUSHION,E,VVS1,,,,,,1,38411.764706,225.9516
E,carat_bucket+Shape+Color+Clarity,3.00-3.99,CUSHION,E,VVS2,,,,,,9,23958.278146,140.931
E,carat_bucket+Shape+Color+Clarity,3.00-3.99,CUSHION,F,VVS2,,,,,,3,22724.252492,133.6721
E,carat_bucket+Shape+Color+Clarity,3.00-3.99,EMERALD,D,VS1,,,,,,33,21511.881188,126.5405
E,carat_bucket+Shape+Color+Clarity,3.00-3.99,EMERALD,D,VS2,,,,,,2,28655.739261,168.5632
E,carat_bucket+Shape+Color+Clarity,3.00-3.99,EMERALD,D,VVS1,,,,,,1,37524.271845,220.731
E,carat_bucket+Shape+Color+Clarity,3.00-3.99,EMERALD,D,VVS2,,,,,,36,28743.720688,169.0807
E,carat_bucket+Shape+Color+Clarity,3.00-3.99,EMERALD,E,VS1,,,,,,57,19254.901961,113.2641
E,carat_bucket+Shape+Color+Clarity,3.00-3.99,EMERALD,E,VS2,,,,,,6,19215.920268,113.0348
E,carat_bucket+Shape+Color+Clarity,3.00-3.99,EMERALD,E,VVS1,,,,,,2,33079.316888,194.5842
E,carat_bucket+Shape+Color+Clarity,3.00-3.99,EMERALD,E,VVS2,,,,,,59,20960.264901,123.2957
E,carat_bucket+Shape+Color+Clarity,3.00-3.99,EMERALD,F,VS1,,,,,,7,18800.0,110.5882
E,carat_bucket+Shape+Color+Clarity,3.00-3.99,EMERALD,F,VS2,,,,,,2,22076.318321,129.8607
E,carat_bucket+Shape+Color+Clarity,3.00-3.99,EMERALD,F,VVS1,,,,,,1,28825.242718,169.5603
E,carat_bucket+Shape+Color+Clarity,3.00-3.99,EMERALD,F,VVS2,,,,,,18,20616.972124,121.2763
E,carat_bucket+Shape+Color+Clarity,3.00-3.99,HEART,D,VS1,,,,,,29,18471.568627,108.6563
E,carat_bucket+Shape+Color+Clarity,3.00-3.99,HEART,D,VVS2,,,,,,47,22009.803922,129.4694
E,carat_bucket+Shape+Color+Clarity,3.00-3.99,HEART,E,VS1,,,,,,29,18389.508197,108.1736
E,carat_bucket+Shape+Color+Clarity,3.00-3.99,HEART,E,VS2,,,,,,1,38096.02649,224.0943
E,carat_bucket+Shape+Color+Clarity,3.00-3.99,HEART,E,VVS1,,,,,,1,53264.705882,313.3218
E,carat_bucket+Shape+Color+Clarity,3.00-3.99,HEART,E,VVS2,,,,,,24,18912.621359,111.2507
E,carat_bucket+Shape+Color+Clarity,3.00-3.99,HEART,F,VS1,,,,,,2,19894.50971,117.0265
E,carat_bucket+Shape+Color+Clarity,3.00-3.99,HEART,F,VVS1,,,,,,1,39971.698113,235.1276
E,carat_bucket+Shape+Color+Clarity,3.00-3.99,HEART,F,VVS2,,,,,,5,17920.792079,105.4164
E,carat_bucket+Shape+Color+Clarity,3.00-3.99,MARQUISE,D,VS1,,,,,,10,27978.919415,164.5819
E,carat_bucket+Shape+Color+Clarity,3.00-3.99,MARQUISE,E,VS1,,,,,,19,22389.108911,131.7006
E,carat_bucket+Shape+Color+Clarity,3.00-3.99,MARQUISE,E,VVS1,,,,,,1,47262.458472,278.0145
E,carat_bucket+Shape+Color+Clarity,3.00-3.99,MARQUISE,E,VVS2,,,,,,26,23681.063123,139.3004
E,carat_bucket+Shape+Color+Clarity,3.00-3.99,MARQUISE,F,VVS2,,,,,,3,32681.564246,192.2445
E,carat_bucket+Shape+Color+Clarity,3.00-3.99,OVAL,D,VS1,,,,,,50,26000.0,152.9412
E,carat_bucket+Shape+Color+Clarity,3.00-3.99,OVAL,D,VS2,,,,,,7,22923.58804,134.8446
E,carat_bucket+Shape+Color+Clarity,3.00-3.99,OVAL,D,VVS1,,,,,,4,44950.001645,264.4118
E,carat_bucket+Shape+Color+Clarity,3.00-3.99,OVAL,D,VVS2,,,,,,39,27906.976744,164.1587
E,carat_bucket+Shape+Color+Clarity,3.00-3.99,OVAL,E,VS1,,,,,,128,21339.805825,125.5283
E,carat_bucket+Shape+Color+Clarity,3.00-3.99,OVAL,E,VS2,,,,,,5,20907.615894,122.986
E,carat_bucket+Shape+Color+Clarity,3.00-3.99,OVAL,E,VVS2,,,,,,136,21633.414775,127.2554
E,carat_bucket+Shape+Color+Clarity,3.00-3.99,OVAL,F,VS1,,,,,,20,19125.201607,112.5012
E,carat_bucket+Shape+Color+Clarity,3.00-3.99,OVAL,F,VS2,,,,,,1,19517.940199,114.8114
E,carat_bucket+Shape+Color+Clarity,3.00-3.99,OVAL,F,VVS1,,,,,,2,29445.484748,173.2087
E,carat_bucket+Shape+Color+Clarity,3.00-3.99,OVAL,F,VVS2,,,,,,60,19250.0,113.2353
E,carat_bucket+Shape+Color+Clarity,3.00-3.99,PEAR,D,VS1,,,,,,31,27467.532468,161.5737
E,carat_bucket+Shape+Color+Clarity,3.00-3.99,PEAR,D,VS2,,,,,,2,24569.604575,144.5271
E,carat_bucket+Shape+Color+Clarity,3.00-3.99,PEAR,D,VVS2,,,,,,10,36764.479787,216.2616
E,carat_bucket+Shape+Color+Clarity,3.00-3.99,PEAR,E,VS1,,,,,,41,19603.278689,115.3134
E,carat_bucket+Shape+Color+Clarity,3.00-3.99,PEAR,E,VS2,,,,,,5,19012.621359,111.8389
E,carat_bucket+Shape+Color+Clarity,3.00-3.99,PEAR,E,VVS2,,,,,,39,21580.0,126.9412
E,carat_bucket+Shape+Color+Clarity,3.00-3.99,PEAR,F,VS1,,,,,,19,18671.052632,109.8297
E,carat_bucket+Shape+Color+Clarity,3.00-3.99,PEAR,F,VS2,,,,,,1,19247.682119,113.2217
E,carat_bucket+Shape+Color+Clarity,3.00-3.99,PEAR,F,VVS1,,,,,,1,28470.198675,167.4718
E,carat_bucket+Shape+Color+Clarity,3.00-3.99,PEAR,F,VVS2,,,,,,27,20662.251656,121.5427
E,carat_bucket+Shape+Color+Clarity,3.00-3.99,PEAR,G,VVS1,,,,,,1,16037.735849,94.3396
E,carat_bucket+Shape+Color+Clarity,3.00-3.99,PRINCESS,D,VS1,,,,,,15,28399.41691,167.0554
E,carat_bucket+Shape+Color+Clarity,3.00-3.99,PRINCESS,D,VS2,,,,,,1,29180.0,171.6471
E,carat_bucket+Shape+Color+Clarity,3.00-3.99,PRINCESS,D,VVS1,,,,,,2,37646.170172,221.4481
E,carat_bucket+Shape+Color+Clarity,3.00-3.99,PRINCESS,D,VVS2,,,,,,57,32970.873786,193.9463
E,carat_bucket+Shape+Color+Clarity,3.00-3.99,PRINCESS,E,VS1,,,,,,6,27191.314701,159.9489
E,carat_bucket+Shape+Color+Clarity,3.00-3.99,PRINCESS,E,VS2,,,,,,1,26423.84106,155.4344
E,carat_bucket+Shape+Color+Clarity,3.00-3.99,PRINCESS,E,VVS1,,,,,,7,32571.428571,191.5966
E,carat_bucket+Shape+Color+Clarity,3.00-3.99,PRINCESS,E,VVS2,,,,,,24,29921.568627,176.0092
E,carat_bucket+Shape+Color+Clarity,3.00-3.99,PRINCESS,F,VS1,,,,,,1,26292.134831,154.6596
E,carat_bucket+Shape+Color+Clarity,3.00-3.99,PRINCESS,F,VVS2,,,,,,7,27214.285714,160.084
E,carat_bucket+Shape+Color+Clarity,3.00-3.99,PRINCESS,G,VS1,,,,,,1,26292.358804,154.6609
E,carat_bucket+Shape+Color+Clarity,3.00-3.99,RADIANT,D,VS1,,,,,,37,22261.79402,130.9517
E,carat_bucket+Shape+Color+Clarity,3.00-3.99,RADIANT,D,VVS2,,,,,,25,25415.841584,149.505
E,carat_bucket+Shape+Color+Clarity,3.00-3.99,RADIANT,E,VS1,,,,,,26,20544.554455,120.8503
E,carat_bucket+Shape+Color+Clarity,3.00-3.99,RADIANT,E,VVS2,,,,,,35,21358.609272,125.6389
E,carat_bucket+Shape+Color+Clarity,3.00-3.99,RADIANT,F,VVS2,,,,,,6,20065.14658,118.0303
E,carat_bucket+Shape+Color+Clarity,3.00-3.99,ROUND,D,SI1,,,,,,1,23754.901961,139.7347
E,carat_bucket+Shape+Color+Clarity,3.00-3.99,ROUND,D,VS1,,,,,,32,26095.579734,153.5034
E,carat_bucket+Shape+Color+Clarity,3.00-3.99,ROUND,D,VS2,,,,,,8,24424.861084,143.6757
E,carat_bucket+Shape+Color+Clarity,3.00-3.99,ROUND,D,VVS1,,,,,,26,55953.947368,329.1409
E,carat_bucket+Shape+Color+Clarity,3.00-3.99,ROUND,D,VVS2,,,,,,146,30949.675325,182.0569
E,carat_bucket+Shape+Color+Clarity,3.00-3.99,ROUND,E,VS1,,,,,,182,18498.33887,108.8138
E,carat_bucket+Shape+Color+Clarity,3.00-3.99,ROUND,E,VS2,,,,,,5,19108.0,112.4
E,carat_bucket+Shape+Color+Clarity,3.00-3.99,ROUND,E,VVS1,,,,,,15,36146.103896,212.6241
E,carat_bucket+Shape+Color+Clarity,3.00-3.99,ROUND,E,VVS2,,,,,,514,18588.039867,109.3414
E,carat_bucket+Shape+Color+Clarity,3.00-3.99,ROUND,F,VS1,,,,,,41,19622.641509,115.4273
E,carat_bucket+Shape+Color+Clarity,3.00-3.99,ROUND,F,VS2,,,,,,8,19043.046358,112.0179
E,carat_bucket+Shape+Color+Clarity,3.00-3.99,ROUND,F,VVS2,,,,,,30,20454.545455,120.3209
E,carat_bucket+Shape+Color+Clarity,3.00-3.99,SQUARE,D,VS1,,,,,,13,30019.417476,176.5848
E,carat_bucket+Shape+Color+Clarity,3.00-3.99,SQUARE,D,VS2,,,,,,4,27916.761543,164.2162
E,carat_bucket+Shape+Color+Clarity,3.00-3.99,SQUARE,D,VVS1,,,,,,9,37221.498371,218.95
E,carat_bucket+Shape+Color+Clarity,3.00-3.99,SQUARE,D,VVS2,,,,,,26,33741.386328,198.4787
E,carat_bucket+Shape+Color+Clarity,3.00-3.99,SQUARE,E,VS1,,,,,,13,26578.378378,156.3434
E,carat_bucket+Shape+Color+Clarity,3.00-3.99,SQUARE,E,VVS1,,,,,,9,34066.666667,200.3922
E,carat_bucket+Shape+Color+Clarity,3.00-3.99,SQUARE,E,VVS2,,,,,,30,34029.126214,200.1713
E,carat_bucket+Shape+Color+Clarity,3.00-3.99,SQUARE,F,VS1,,,,,,5,26297.297297,154.69
E,carat_bucket+Shape+Color+Clarity,3.00-3.99,SQUARE,F,VS2,,,,,,1,24825.242718,146.0308
E,carat_bucket+Shape+Color+Clarity,3.00-3.99,SQUARE,F,VVS2,,,,,,2,27450.518822,161.4736
E,carat_bucket+Shape+Color+Clarity,4.00-4.99,ASSCHER,E,VVS2,,,,,,1,31739.856802,186.705
E,carat_bucket+Shape+Color+Clarity,4.00-4.99,CUSHION,D,VS1,,,,,,1,33073.170732,194.5481
E,carat_bucket+Shape+Color+Clarity,4.00-4.99,CUSHION,D,VVS2,,,,,,2,40418.037994,237.7532
E,carat_bucket+Shape+Color+Clarity,4.00-4.99,CUSHION,E,VS1,,,,,,2,31131.082542,183.124
E,carat_bucket+Shape+Color+Clarity,4.00-4.99,CUSHION,E,VVS2,,,,,,1,31280.487805,184.0029
E,carat_bucket+Shape+Color+Clarity,4.00-4.99,CUSHION,F,VVS2,,,,,,1,30774.193548,181.0247
E,carat_bucket+Shape+Color+Clarity,4.00-4.99,CUSHION,G,VS1,,,,,,1,26292.383292,154.6611
E,carat_bucket+Shape+Color+Clarity,4.00-4.99,EMERALD,D,VS1,,,,,,3,26299.7543,154.7044
E,carat_bucket+Shape+Color+Clarity,4.00-4.99,EMERALD,D,VVS2,,,,,,2,31227.104877,183.6889
E,carat_bucket+Shape+Color+Clarity,4.00-4.99,EMERALD,E,VS1,,,,,,10,22075.609756,129.8565
E,carat_bucket+Shape+Color+Clarity,4.00-4.99,EMERALD,E,VVS2,,,,,,7,25922.222222,152.4837
E,carat_bucket+Shape+Color+Clarity,4.00-4.99,EMERALD,F,VS1,,,,,,2,20689.655172,121.7039
E,carat_bucket+Shape+Color+Clarity,4.00-4.99,HEART,D,VS1,,,,,,1,32738.498789,192.5794
E,carat_bucket+Shape+Color+Clarity,4.00-4.99,HEART,D,VVS2,,,,,,4,40423.11944,237.7831
E,carat_bucket+Shape+Color+Clarity,4.00-4.99,HEART,E,VS1,,,,,,6,28132.576571,165.4857
E,carat_bucket+Shape+Color+Clarity,4.00-4.99,HEART,E,VVS2,,,,,,1,30916.507177,181.8618
E,carat_bucket+Shape+Color+Clarity,4.00-4.99,MARQUISE,D,VS1,,,,,,4,31303.864522,184.1404
E,carat_bucket+Shape+Color+Clarity,4.00-4.99,MARQUISE,D,VVS2,,,,,,3,47782.5,281.0735
E,carat_bucket+Shape+Color+Clarity,4.00-4.99,MARQUISE,E,VS1,,,,,,16,26406.025825,155.3296
E,carat_bucket+Shape+Color+Clarity,4.00-4.99,MARQUISE,E,VVS2,,,,,,9,32532.089552,191.3652
E,carat_bucket+Shape+Color+Clarity,4.00-4.99,MARQUISE,F,VS1,,,,,,4,21560.665857,126.8274
E,carat_bucket+Shape+Color+Clarity,4.00-4.99,MARQUISE,F,VVS2,,,,,,2,29777.408331,175.1612
E,carat_bucket+Shape+Color+Clarity,4.00-4.99,OVAL,D,VS1,,,,,,12,26264.373464,154.4963
E,carat_bucket+Shape+Color+Clarity,4.00-4.99,OVAL,D,VVS2,,,,,,12,32107.077176,188.8652
E,carat_bucket+Shape+Color+Clarity,4.00-4.99,OVAL,E,VS1,,,,,,33,21882.793017,128.7223
E,carat_bucket+Shape+Color+Clarity,4.00-4.99,OVAL,E,VS2,,,,,,1,21923.134328,128.9596
E,carat_bucket+Shape+Color+Clarity,4.00-4.99,OVAL,E,VVS2,,,,,,55,23566.084788,138.624
E,carat_bucket+Shape+Color+Clarity,4.00-4.99,OVAL,F,VS1,,,,,,3,22032.75,129.6044
E,carat_bucket+Shape+Color+Clarity,4.00-4.99,OVAL,F,VS2,,,,,,1,21977.805486,129.2812
E,carat_bucket+Shape+Color+Clarity,4.00-4.99,OVAL,F,VVS2,,,,,,1,20740.740741,122.0044
E,carat_bucket+Shape+Color+Clarity,4.00-4.99,PEAR,D,VS1,,,,,,5,28555.555556,167.9739
E,carat_bucket+Shape+Color+Clarity,4.00-4.99,PEAR,D,VVS2,,,,,,2,37146.598684,218.5094
E,carat_bucket+Shape+Color+Clarity,4.00-4.99,PEAR,E,VS1,,,,,,16,24845.149254,146.1479
E,carat_bucket+Shape+Color+Clarity,4.00-4.99,PEAR,E,VS2,,,,,,2,24352.607904,143.2506
E,carat_bucket+Shape+Color+Clarity,4.00-4.99,PEAR,E,VVS2,,,,,,9,26977.61194,158.6918
E,carat_bucket+Shape+Color+Clarity,4.00-4.99,PEAR,F,VS1,,,,,,3,22600.232019,132.9425
E,carat_bucket+Shape+Color+Clarity,4.00-4.99,PRINCESS,D,VS1,,,,,,2,36163.432836,212.7261
E,carat_bucket+Shape+Color+Clarity,4.00-4.99,PRINCESS,D,VVS1,,,,,,1,41896.551724,246.4503
E,carat_bucket+Shape+Color+Clarity,4.00-4.99,PRINCESS,D,VVS2,,,,,,2,31312.415742,184.1907
E,carat_bucket+Shape+Color+Clarity,4.00-4.99,PRINCESS,E,VS1,,,,,,1,23117.22488,135.9837
E,carat_bucket+Shape+Color+Clarity,4.00-4.99,PRINCESS,E,VVS2,,,,,,1,26693.266833,157.0192
E,carat_bucket+Shape+Color+Clarity,4.00-4.99,PRINCESS,F,VS1,,,,,,2,31252.31718,183.8372
E,carat_bucket+Shape+Color+Clarity,4.00-4.99,RADIANT,D,VS1,,,,,,6,27602.189781,162.3658
E,carat_bucket+Shape+Color+Clarity,4.00-4.99,RADIANT,D,VVS2,,,,,,7,39717.456359,233.6321
E,carat_bucket+Shape+Color+Clarity,4.00-4.99,RADIANT,E,VS1,,,,,,7,25281.553398,148.715
E,carat_bucket+Shape+Color+Clarity,4.00-4.99,RADIANT,E,VVS2,,,,,,7,28488.148148,167.5773
E,carat_bucket+Shape+Color+Clarity,4.00-4.99,RADIANT,F,VS1,,,,,,2,24421.641791,143.6567
E,carat_bucket+Shape+Color+Clarity,4.00-4.99,RADIANT,F,VVS2,,,,,,2,25248.143519,148.5185
E,carat_bucket+Shape+Color+Clarity,4.00-4.99,ROUND,D,VS1,,,,,,3,31755.0,186.7941
E,carat_bucket+Shape+Color+Clarity,4.00-4.99,ROUND,D,VVS2,,,,,,4,50339.729132,296.1161
E,carat_bucket+Shape+Color+Clarity,4.00-4.99,ROUND,E,VS1,,,,,,51,21433.915212,126.0819
E,carat_bucket+Shape+Color+Clarity,4.00-4.99,ROUND,E,VS2,,,,,,1,21923.134328,128.9596
E,carat_bucket+Shape+Color+Clarity,4.00-4.99,ROUND,E,VVS2,,,,,,63,23371.571072,137.4798
E,carat_bucket+Shape+Color+Clarity,4.00-4.99,ROUND,F,VS1,,,,,,13,20573.566085,121.021
E,carat_bucket+Shape+Color+Clarity,4.00-4.99,ROUND,F,VS2,,,,,,1,18151.572327,106.774
E,carat_bucket+Shape+Color+Clarity,4.00-4.99,ROUND,F,VVS2,,,,,,11,22014.925373,129.4996
E,carat_bucket+Shape+Color+Clarity,4.00-4.99,SQUARE,D,VS1,,,,,,4,33435.091278,196.677
E,carat_bucket+Shape+Color+Clarity,4.00-4.99,SQUARE,D,VS2,,,,,,1,30314.214464,178.3189
E,carat_bucket+Shape+Color+Clarity,4.00-4.99,SQUARE,D,VVS1,,,,,,1,39114.558473,230.0856
E,carat_bucket+Shape+Color+Clarity,4.00-4.99,SQUARE,D,VVS2,,,,,,3,31496.932515,185.2761
E,carat_bucket+Shape+Color+Clarity,4.00-4.99,SQUARE,E,VS1,,,,,,1,30249.388753,177.9376
E,carat_bucket+Shape+Color+Clarity,4.00-4.99,SQUARE,E,VVS2,,,,,,3,35039.408867,206.1142
E,carat_bucket+Shape+Color+Clarity,4.00-4.99,SQUARE,F,VVS2,,,,,,1,30592.105263,179.9536
E,carat_bucket+Shape+Color+Clarity,5.00-9.99,-,D,VVS1,,,,,,1,79773.809524,469.2577
E,carat_bucket+Shape+Color+Clarity,5.00-9.99,-,D,VVS2,,,,,,1,65423.076923,384.8416
E,carat_bucket+Shape+Color+Clarity,5.00-9.99,-,E,VVS1,,,,,,1,60760.314342,357.4136
E,carat_bucket+Shape+Color+Clarity,5.00-9.99,-,E,VVS2,,,,,,1,52177.91411,306.9289
E,carat_bucket+Shape+Color+Clarity,5.00-9.99,ASHOKA,E,VVS2,,,,,,2,57167.84455,336.2814
E,carat_bucket+Shape+Color+Clarity,5.00-9.99,ASSCHER,E,VS1,,,,,,5,27984.095427,164.6123
E,carat_bucket+Shape+Color+Clarity,5.00-9.99,ASSCHER,E,VVS2,,,,,,3,29388.118812,172.8713
E,carat_bucket+Shape+Color+Clarity,5.00-9.99,CUSHION,D,VS1,,,,,,4,33544.570656,197.321
E,carat_bucket+Shape+Color+Clarity,5.00-9.99,CUSHION,D,VVS1,,,,,,9,56264.084507,330.9652
E,carat_bucket+Shape+Color+Clarity,5.00-9.99,CUSHION,D,VVS2,,,,,,6,37751.993966,222.0706
E,carat_bucket+Shape+Color+Clarity,5.00-9.99,CUSHION,E,VS1,,,,,,11,30926.764314,181.9221
E,carat_bucket+Shape+Color+Clarity,5.00-9.99,CUSHION,E,VS2,,,,,,1,26294.455067,154.6733
E,carat_bucket+Shape+Color+Clarity,5.00-9.99,CUSHION,E,VVS1,,,,,,6,46236.00798,271.9765
E,carat_bucket+Shape+Color+Clarity,5.00-9.99,CUSHION,E,VVS2,,,,,,21,28813.664596,169.4921
E,carat_bucket+Shape+Color+Clarity,5.00-9.99,CUSHION,F,VS1,,,,,,9,30927.339901,181.9255
E,carat_bucket+Shape+Color+Clarity,5.00-9.99,CUSHION,F,VS2,,,,,,1,30929.36803,181.9375
E,carat_bucket+Shape+Color+Clarity,5.00-9.99,CUSHION,F,VVS1,,,,,,6,33858.219217,199.166
E,carat_bucket+Shape+Color+Clarity,5.00-9.99,CUSHION,F,VVS2,,,,,,2,29127.134653,171.3361
E,carat_bucket+Shape+Color+Clarity,5.00-9.99,CUSHION,G,VS1,,,,,,3,30926.199262,181.9188
E,carat_bucket+Shape+Color+Clarity,5.00-9.99,CUSHION,G,VS2,,,,,,1,30927.070457,181.9239
E,carat_bucket+Shape+Color+Clarity,5.00-9.99,EMERALD,D,VS1,,,,,,13,32101.796407,188.8341
E,carat_bucket+Shape+Color+Clarity,5.00-9.99,EMERALD,D,VS2,,,,,,2,26949.901768,158.5288
E,carat_bucket+Shape+Color+Clarity,5.00-9.99,EMERALD,D,VVS2,,,,,,7,32980.413493,194.0024
E,carat_bucket+Shape+Color+Clarity,5.00-9.99,EMERALD,E,VS1,,,,,,39,24600.0,144.7059
E,carat_bucket+Shape+Color+Clarity,5.00-9.99,EMERALD,E,VS2,,,,,,1,26891.304348,158.1841
E,carat_bucket+Shape+Color+Clarity,5.00-9.99,EMERALD,E,VVS2,,,,,,59,25982.905983,152.8406
E,carat_bucket+Shape+Color+Clarity,5.00-9.99,EMERALD,F,VS1,,,,,,20,22074.089027,129.8476
E,carat_bucket+Shape+Color+Clarity,5.00-9.99,EMERALD,F,VS2,,,,,,1,24694.610778,145.2624
E,carat_bucket+Shape+Color+Clarity,5.00-9.99,EMERALD,F,VVS1,,,,,,1,32359.030837,190.3472
E,carat_bucket+Shape+Color+Clarity,5.00-9.99,EMERALD,F,VVS2,,,,,,33,25573.770492,150.4339
E,carat_bucket+Shape+Color+Clarity,5.00-9.99,EMERALD,G,VS1,,,,,,2,20423.577397,120.1387
E,carat_bucket+Shape+Color+Clarity,5.00-9.99,HEART,D,VS1,,,,,,11,35570.318725,209.2372
E,carat_bucket+Shape+Color+Clarity,5.00-9.99,HEART,D,VVS1,,,,,,3,69364.0553,408.0239
E,carat_bucket+Shape+Color+Clarity,5.00-9.99,HEART,D,VVS2,,,,,,15,42461.966605,249.7763
E,carat_bucket+Shape+Color+Clarity,5.00-9.99,HEART,E,VS1,,,,,,13,33171.287129,195.1252
E,carat_bucket+Shape+Color+Clarity,5.00-9.99,HEART,E,VVS2,,,,,,7,29726.732673,174.8631
E,carat_bucket+Shape+Color+Clarity,5.00-9.99,MARQUISE,D,VS1,,,,,,13,28803.986711,169.4352
E,carat_bucket+Shape+Color+Clarity,5.00-9.99,MARQUISE,D,VVS2,,,,,,3,58403.940887,343.5526
E,carat_bucket+Shape+Color+Clarity,5.00-9.99,MARQUISE,E,VS1,,,,,,48,25409.752491,149.4691
E,carat_bucket+Shape+Color+Clarity,5.00-9.99,MARQUISE,E,VVS1,,,,,,1,56511.627907,332.4213
E,carat_bucket+Shape+Color+Clarity,5.00-9.99,MARQUISE,E,VVS2,,,,,,52,27577.013752,162.2177
E,carat_bucket+Shape+Color+Clarity,5.00-9.99,MARQUISE,F,VS1,,,,,,23,23504.273504,138.2604
E,carat_bucket+Shape+Color+Clarity,5.00-9.99,MARQUISE,F,VVS1,,,,,,1,50111.292962,294.7723
E,carat_bucket+Shape+Color+Clarity,5.00-9.99,MARQUISE,F,VVS2,,,,,,22,25622.788781,150.7223
E,carat_bucket+Shape+Color+Clarity,5.00-9.99,OVAL,D,VS1,,,,,,15,36318.40796,213.6377
E,carat_bucket+Shape+Color+Clarity,5.00-9.99,OVAL,D,VS2,,,,,,1,33547.928994,197.3408
E,carat_bucket+Shape+Color+Clarity,5.00-9.99,OVAL,D,VVS1,,,,,,25,57629.813665,338.9989
E,carat_bucket+Shape+Color+Clarity,5.00-9.99,OVAL,D,VVS2,,,,,,24,48585.297388,285.7959
E,carat_bucket+Shape+Color+Clarity,5.00-9.99,OVAL,E,VS1,,,,,,62,28871.794872,169.8341
E,carat_bucket+Shape+Color+Clarity,5.00-9.99,OVAL,E,VS2,,,,,,2,22198.526254,130.5796
E,carat_bucket+Shape+Color+Clarity,5.00-9.99,OVAL,E,VVS1,,,,,,8,42828.338695,251.9314
E,carat_bucket+Shape+Color+Clarity,5.00-9.99,OVAL,E,VVS2,,,,,,174,22619.047619,133.0532
E,carat_bucket+Shape+Color+Clarity,5.00-9.99,OVAL,F,VS1,,,,,,17,24916.943522,146.5703
E,carat_bucket+Shape+Color+Clarity,5.00-9.99,OVAL,F,VS2,,,,,,2,26667.948207,156.8703
E,carat_bucket+Shape+Color+Clarity,5.00-9.99,OVAL,F,VVS1,,,,,,1,34428.023033,202.5178
E,carat_bucket+Shape+Color+Clarity,5.00-9.99,OVAL,F,VVS2,,,,,,30,25777.992767,151.6353
E,carat_bucket+Shape+Color+Clarity,5.00-9.99,PEAR,D,VS1,,,,,,8,40003.322891,235.3137
E,carat_bucket+Shape+Color+Clarity,5.00-9.99,PEAR,D,VVS1,,,,,,30,57405.543213,337.6797
E,carat_bucket+Shape+Color+Clarity,5.00-9.99,PEAR,D,VVS2,,,,,,21,47392.241379,278.7779
E,carat_bucket+Shape+Color+Clarity,5.00-9.99,PEAR,E,VS1,,,,,,39,32839.975248,193.1763
E,carat_bucket+Shape+Color+Clarity,5.00-9.99,PEAR,E,VS2,,,,,,3,22174.656189,130.4392
E,carat_bucket+Shape+Color+Clarity,5.00-9.99,PEAR,E,VVS1,,,,,,3,46312.81198,272.4283
E,carat_bucket+Shape+Color+Clarity,5.00-9.99,PEAR,E,VVS2,,,,,,51,33476.947536,196.9232
E,carat_bucket+Shape+Color+Clarity,5.00-9.99,PEAR,F,VS1,,,,,,9,31613.086771,185.9593
E,carat_bucket+Shape+Color+Clarity,5.00-9.99,PEAR,F,VS2,,,,,,1,21652.662722,127.3686
E,carat_bucket+Shape+Color+Clarity,5.00-9.99,PEAR,F,VVS2,,,,,,18,32407.218492,190.6307
E,carat_bucket+Shape+Color+Clarity,5.00-9.99,PRINCESS,D,VS1,,,,,,2,31564.833006,185.6755
E,carat_bucket+Shape+Color+Clarity,5.00-9.99,PRINCESS,D,VVS1,,,,,,3,41673.701299,245.1394
E,carat_bucket+Shape+Color+Clarity,5.00-9.99,PRINCESS,D,VVS2,,,,,,4,35135.910775,206.6818
E,carat_bucket+Shape+Color+Clarity,5.00-9.99,PRINCESS,E,VS1,,,,,,11,32689.138577,192.2891
E,carat_bucket+Shape+Color+Clarity,5.00-9.99,PRINCESS,E,VVS1,,,,,,2,33710.770138,198.2986
E,carat_bucket+Shape+Color+Clarity,5.00-9.99,PRINCESS,E,VVS2,,,,,,30,30028.525564,176.6384
E,carat_bucket+Shape+Color+Clarity,5.00-9.99,PRINCESS,F,VVS1,,,,,,4,32256.65955,189.7451
E,carat_bucket+Shape+Color+Clarity,5.00-9.99,PRINCESS,F,VVS2,,,,,,1,25785.123967,151.6772
E,carat_bucket+Shape+Color+Clarity,5.00-9.99,RADIANT,D,VS1,,,,,,6,36943.993269,217.3176
E,carat_bucket+Shape+Color+Clarity,5.00-9.99,RADIANT,E,VS1,,,,,,6,29802.364865,175.308
E,carat_bucket+Shape+Color+Clarity,5.00-9.99,RADIANT,E,VVS2,,,,,,20,32790.762361,192.8868
E,carat_bucket+Shape+Color+Clarity,5.00-9.99,RADIANT,F,VVS2,,,,,,21,23976.377953,141.0375
E,carat_bucket+Shape+Color+Clarity,5.00-9.99,ROUND,D,VS1,,,,,,9,45929.108911,270.1712
E,carat_bucket+Shape+Color+Clarity,5.00-9.99,ROUND,D,VS2,,,,,,1,37600.0,221.1765
E,carat_bucket+Shape+Color+Clarity,5.00-9.99,ROUND,D,VVS1,,,,,,1,70517.928287,414.8113
E,carat_bucket+Shape+Color+Clarity,5.00-9.99,ROUND,D,VVS2,,,,,,18,50652.180575,297.954
E,carat_bucket+Shape+Color+Clarity,5.00-9.99,ROUND,E,VS1,,,,,,59,21724.550898,127.7915
E,carat_bucket+Shape+Color+Clarity,5.00-9.99,ROUND,E,VS2,,,,,,7,21000.590551,123.5329
E,carat_bucket+Shape+Color+Clarity,5.00-9.99,ROUND,E,VVS2,,,,,,196,21610.09901,127.1182
E,carat_bucket+Shape+Color+Clarity,5.00-9.99,ROUND,F,VS1,,,,,,16,21021.892326,123.6582
E,carat_bucket+Shape+Color+Clarity,5.00-9.99,ROUND,F,VS2,,,,,,4,21265.945226,125.0938
E,carat_bucket+Shape+Color+Clarity,5.00-9.99,ROUND,F,VVS1,,,,,,1,28197.696737,165.8688
E,carat_bucket+Shape+Color+Clarity,5.00-9.99,ROUND,F,VVS2,,,,,,49,21601.190476,127.0658
E,carat_bucket+Shape+Color+Clarity,5.00-9.99,SQUARE,D,VS1,,,,,,9,32455.555556,190.915
E,carat_bucket+Shape+Color+Clarity,5.00-9.99,SQUARE,D,VS2,,,,,,1,32205.206738,189.4424
E,carat_bucket+Shape+Color+Clarity,5.00-9.99,SQUARE,D,VVS1,,,,,,1,40374.673629,237.4981
E,carat_bucket+Shape+Color+Clarity,5.00-9.99,SQUARE,D,VVS2,,,,,,15,35821.782178,210.7164
E,carat_bucket+Shape+Color+Clarity,5.00-9.99,SQUARE,E,VS1,,,,,,6,31051.181102,182.654
E,carat_bucket+Shape+Color+Clarity,5.00-9.99,SQUARE,E,VVS1,,,,,,3,34632.612967,203.7213
E,carat_bucket+Shape+Color+Clarity,5.00-9.99,SQUARE,E,VVS2,,,,,,26,33362.670659,196.251
E,carat_bucket+Shape+Color+Clarity,5.00-9.99,SQUARE,F,VS1,,,,,,3,28491.362764,167.5963
E,carat_bucket+Shape+Color+Clarity,5.00-9.99,SQUARE,F,VVS1,,,,,,1,33449.251248,196.7603
E,carat_bucket+Shape+Color+Clarity,5.00-9.99,SQUARE,F,VVS2,,,,,,8,31112.910191,183.0171
F,carat_bucket+Color+Clarity,0.30-0.49,,D,VS1,,,,,,142,23225.806452,136.6224
F,carat_bucket+Color+Clarity,0.30-0.49,,D,VS2,,,,,,47,20545.454545,120.8556
F,carat_bucket+Color+Clarity,0.30-0.49,,D,VVS1,,,,,,98,36081.081081,212.2417
F,carat_bucket+Color+Clarity,0.30-0.49,,D,VVS2,,,,,,456,22875.0,134.5588
F,carat_bucket+Color+Clarity,0.30-0.49,,E,VS1,,,,,,16,23136.497326,136.097
F,carat_bucket+Color+Clarity,0.30-0.49,,E,VS2,,,,,,3,22792.857143,134.0756
F,carat_bucket+Color+Clarity,0.30-0.49,,E,VVS2,,,,,,18,23348.780488,137.3458
F,carat_bucket+Color+Clarity,0.30-0.49,,F,VS1,,,,,,4,22918.181818,134.8128
F,carat_bucket+Color+Clarity,0.30-0.49,,F,VS2,,,,,,1,20368.085106,119.8123
F,carat_bucket+Color+Clarity,0.30-0.49,,F,VVS2,,,,,,2,25482.610887,149.8977
F,carat_bucket+Color+Clarity,0.50-0.69,,D,IF,,,,,,9,33929.411765,199.5848
F,carat_bucket+Color+Clarity,0.50-0.69,,D,VS1,,,,,,1362,19823.529412,116.609
F,carat_bucket+Color+Clarity,0.50-0.69,,D,VS2,,,,,,15,20076.0,118.0941
F,carat_bucket+Color+Clarity,0.50-0.69,,D,VVS1,,,,,,84,29711.538462,174.7738
F,carat_bucket+Color+Clarity,0.50-0.69,,D,VVS2,,,,,,1680,20880.0,122.8235
F,carat_bucket+Color+Clarity,0.50-0.69,,E,VS1,,,,,,47,22411.764706,131.8339
F,carat_bucket+Color+Clarity,0.50-0.69,,E,VS2,,,,,,9,20694.0,121.7294
F,carat_bucket+Color+Clarity,0.50-0.69,,E,VVS1,,,,,,29,23864.705882,140.3806
F,carat_bucket+Color+Clarity,0.50-0.69,,E,VVS2,,,,,,67,25584.90566,150.4994
F,carat_bucket+Color+Clarity,0.50-0.69,,F,VS1,,,,,,1,21618.0,127.1647
F,carat_bucket+Color+Clarity,0.50-0.69,,F,VS2,,,,,,3,20694.0,121.7294
F,carat_bucket+Color+Clarity,0.50-0.69,,F,VVS2,,,,,,3,24181.818182,142.246
F,carat_bucket+Color+Clarity,0.70-0.89,,D,VS1,,,,,,170,21633.802817,127.2577
F,carat_bucket+Color+Clarity,0.70-0.89,,D,VS2,,,,,,4,19508.571429,114.7563
F,carat_bucket+Color+Clarity,0.70-0.89,,D,VVS1,,,,,,60,28136.819172,165.5107
F,carat_bucket+Color+Clarity,0.70-0.89,,D,VVS2,,,,,,278,23000.0,135.2941
F,carat_bucket+Color+Clarity,0.70-0.89,,E,VS1,,,,,,26,29638.356164,174.3433
F,carat_bucket+Color+Clarity,0.70-0.89,,E,VS2,,,,,,6,19328.631791,113.6978
F,carat_bucket+Color+Clarity,0.70-0.89,,E,VVS1,,,,,,7,23004.166667,135.3186
F,carat_bucket+Color+Clarity,0.70-0.89,,E,VVS2,,,,,,32,31079.225352,182.819
F,carat_bucket+Color+Clarity,0.70-0.89,,F,VVS1,,,,,,1,39771.428571,233.9496
F,carat_bucket+Color+Clarity,0.90-0.99,,D,VS1,,,,,,2,24745.967742,145.5645
F,carat_bucket+Color+Clarity,0.90-0.99,,D,VVS2,,,,,,1,25606.060606,150.6239
F,carat_bucket+Color+Clarity,0.90-0.99,,E,VVS2,,,,,,1,32557.894737,191.517
F,carat_bucket+Color+Clarity,0.90-0.99,,F,VVS2,,,,,,1,25255.102041,148.5594
F,carat_bucket+Color+Clarity,1.00-1.49,,D,IF,,,,,,27,35862.857143,210.958
F,carat_bucket+Color+Clarity,1.00-1.49,,D,SI1,,,,,,3,17940.0,105.5294
F,carat_bucket+Color+Clarity,1.00-1.49,,D,VS,,,,,,2,15475.79693,91.0341
F,carat_bucket+Color+Clarity,1.00-1.49,,D,VS1,,,,,,1749,20287.128713,119.3361
F,carat_bucket+Color+Clarity,1.00-1.49,,D,VS2,,,,,,362,18780.0,110.4706
F,carat_bucket+Color+Clarity,1.00-1.49,,D,VVS,,,,,,5,16363.636364,96.2567
F,carat_bucket+Color+Clarity,1.00-1.49,,D,VVS1,,,,,,624,23066.596639,135.6859
F,carat_bucket+Color+Clarity,1.00-1.49,,D,VVS2,,,,,,2057,20465.346535,120.3844
F,carat_bucket+Color+Clarity,1.00-1.49,,E,IF,,,,,,2,29274.604072,172.2036
F,carat_bucket+Color+Clarity,1.00-1.49,,E,SI1,,,,,,4,18149.70297,106.763
F,carat_bucket+Color+Clarity,1.00-1.49,,E,VS1,,,,,,704,20394.174757,119.9657
F,carat_bucket+Color+Clarity,1.00-1.49,,E,VS2,,,,,,85,19373.831776,113.9637
F,carat_bucket+Color+Clarity,1.00-1.49,,E,VVS1,,,,,,131,22025.242718,129.5603
F,carat_bucket+Color+Clarity,1.00-1.49,,E,VVS2,,,,,,807,21000.0,123.5294
F,carat_bucket+Color+Clarity,1.00-1.49,,F,VS1,,,,,,53,19694.117647,115.8478
F,carat_bucket+Color+Clarity,1.00-1.49,,F,VS2,,,,,,21,19179.411765,112.8201
F,carat_bucket+Color+Clarity,1.00-1.49,,F,VVS1,,,,,,13,21127.722772,124.2807
F,carat_bucket+Color+Clarity,1.00-1.49,,F,VVS2,,,,,,92,20075.765212,118.0927
F,carat_bucket+Color+Clarity,1.00-1.49,,G,VS1,,,,,,3,20125.984252,118.3881
F,carat_bucket+Color+Clarity,1.00-1.49,,G,VS2,,,,,,2,20118.289911,118.3429
F,carat_bucket+Color+Clarity,1.50-1.99,,D,IF,,,,,,11,48112.5,283.0147
F,carat_bucket+Color+Clarity,1.50-1.99,,D,SI1,,,,,,1,22381.578947,131.6563
F,carat_bucket+Color+Clarity,1.50-1.99,,D,VS1,,,,,,422,19080.0,112.2353
F,carat_bucket+Color+Clarity,1.50-1.99,,D,VS2,,,,,,92,18710.526316,110.0619
F,carat_bucket+Color+Clarity,1.50-1.99,,D,VVS1,,,,,,162,30433.962264,179.0233
F,carat_bucket+Color+Clarity,1.50-1.99,,D,VVS2,,,,,,518,19578.947368,115.1703
F,carat_bucket+Color+Clarity,1.50-1.99,,E,IF,,,,,,1,26447.368421,155.5728
F,carat_bucket+Color+Clarity,1.50-1.99,,E,VS1,,,,,,305,18340.0,107.8824
F,carat_bucket+Color+Clarity,1.50-1.99,,E,VS2,,,,,,43,18627.81457,109.5754
F,carat_bucket+Color+Clarity,1.50-1.99,,E,VVS1,,,,,,38,31912.122687,187.7184
F,carat_bucket+Color+Clarity,1.50-1.99,,E,VVS2,,,,,,480,19080.0,112.2353
F,carat_bucket+Color+Clarity,1.50-1.99,,F,VS1,,,,,,43,18710.526316,110.0619
F,carat_bucket+Color+Clarity,1.50-1.99,,F,VS2,,,,,,14,19321.231009,113.6543
F,carat_bucket+Color+Clarity,1.50-1.99,,F,VVS1,,,,,,15,26225.165563,154.2657
F,carat_bucket+Color+Clarity,1.50-1.99,,F,VVS2,,,,,,86,19046.02649,112.0354
F,carat_bucket+Color+Clarity,1.50-1.99,,G,VS1,,,,,,1,20119.760479,118.3515
F,carat_bucket+Color+Clarity,1.50-1.99,,G,VVS1,,,,,,3,18867.924528,110.9878
F,carat_bucket+Color+Clarity,1.50-1.99,,G,VVS2,,,,,,2,17538.448629,103.1673
F,carat_bucket+Color+Clarity,1.50-1.99,,H,VVS2,,,,,,1,18710.526316,110.0619
F,carat_bucket+Color+Clarity,10.00+,,D,VS1,,,,,,6,52799.603883,310.5859
F,carat_bucket+Color+Clarity,10.00+,,D,VVS1,,,,,,114,84658.696244,497.9923
F,carat_bucket+Color+Clarity,10.00+,,D,VVS2,,,,,,30,72772.599976,428.0741
F,carat_bucket+Color+Clarity,10.00+,,E,VS1,,,,,,42,29280.48344,172.2381
F,carat_bucket+Color+Clarity,10.00+,,E,VVS1,,,,,,9,60555.873926,356.211
F,carat_bucket+Color+Clarity,10.00+,,E,VVS2,,,,,,80,33892.215569,199.366
F,carat_bucket+Color+Clarity,10.00+,,F,VS1,,,,,,27,28814.906832,169.4995
F,carat_bucket+Color+Clarity,10.00+,,F,VVS1,,,,,,4,41239.0113,242.5824
F,carat_bucket+Color+Clarity,10.00+,,F,VVS2,,,,,,35,30877.97619,181.6352
F,carat_bucket+Color+Clarity,2.00-2.99,,D,SI1,,,,,,4,24169.090279,142.1711
F,carat_bucket+Color+Clarity,2.00-2.99,,D,VS1,,,,,,857,21522.38806,126.6023
F,carat_bucket+Color+Clarity,2.00-2.99,,D,VS2,,,,,,55,20771.428571,122.1849
F,carat_bucket+Color+Clarity,2.00-2.99,,D,VVS1,,,,,,245,41331.683168,243.1275
F,carat_bucket+Color+Clarity,2.00-2.99,,D,VVS2,,,,,,936,23776.119403,139.8595
F,carat_bucket+Color+Clarity,2.00-2.99,,E,SI1,,,,,,3,22960.39604,135.0612
F,carat_bucket+Color+Clarity,2.00-2.99,,E,VS1,,,,,,965,20126.732673,118.3925
F,carat_bucket+Color+Clarity,2.00-2.99,,E,VS2,,,,,,43,20065.5,118.0324
F,carat_bucket+Color+Clarity,2.00-2.99,,E,VVS1,,,,,,40,35814.281,210.6722
F,carat_bucket+Color+Clarity,2.00-2.99,,E,VVS2,,,,,,788,20948.414634,123.226
F,carat_bucket+Color+Clarity,2.00-2.99,,F,VS1,,,,,,40,19980.597015,117.5329
F,carat_bucket+Color+Clarity,2.00-2.99,,F,VS2,,,,,,14,19965.671642,117.4451
F,carat_bucket+Color+Clarity,2.00-2.99,,F,VVS1,,,,,,4,28745.050208,169.0885
F,carat_bucket+Color+Clarity,2.00-2.99,,F,VVS2,,,,,,135,20716.41791,121.8613
F,carat_bucket+Color+Clarity,2.00-2.99,,G,VS1,,,,,,3,23204.651163,136.4979
F,carat_bucket+Color+Clarity,3.00-3.99,,D,SI1,,,,,,1,23754.901961,139.7347
F,carat_bucket+Color+Clarity,3.00-3.99,,D,VS1,,,,,,275,25965.89404,152.7406
F,carat_bucket+Color+Clarity,3.00-3.99,,D,VS2,,,,,,24,24585.818288,144.6225
F,carat_bucket+Color+Clarity,3.00-3.99,,D,VVS1,,,,,,50,53943.505309,317.3147
F,carat_bucket+Color+Clarity,3.00-3.99,,D,VVS2,,,,,,437,30664.495114,180.3794
F,carat_bucket+Color+Clarity,3.00-3.99,,E,VS1,,,,,,518,20552.475248,120.8969
F,carat_bucket+Color+Clarity,3.00-3.99,,E,VS2,,,,,,24,20198.019802,118.8119
F,carat_bucket+Color+Clarity,3.00-3.99,,E,VVS1,,,,,,40,35841.842165,210.8344
F,carat_bucket+Color+Clarity,3.00-3.99,,E,VVS2,,,,,,909,19435.215947,114.3248
F,carat_bucket+Color+Clarity,3.00-3.99,,F,VS1,,,,,,95,19325.0,113.6765
F,carat_bucket+Color+Clarity,3.00-3.99,,F,VS2,,,,,,13,19170.0,112.7647
F,carat_bucket+Color+Clarity,3.00-3.99,,F,VVS1,,,,,,6,29471.062918,173.3592
F,carat_bucket+Color+Clarity,3.00-3.99,,F,VVS2,,,,,,162,19975.0,117.5
F,carat_bucket+Color+Clarity,3.00-3.99,,G,VS1,,,,,,1,26292.358804,154.6609
F,carat_bucket+Color+Clarity,3.00-3.99,,G,VVS1,,,,,,1,16037.735849,94.3396
F,carat_bucket+Color+Clarity,4.00-4.99,,D,VS1,,,,,,41,28555.555556,167.9739
F,carat_bucket+Color+Clarity,4.00-4.99,,D,VS2,,,,,,1,30314.214464,178.3189
F,carat_bucket+Color+Clarity,4.00-4.99,,D,VVS1,,,,,,2,40505.555098,238.268
F,carat_bucket+Color+Clarity,4.00-4.99,,D,VVS2,,,,,,41,35239.02439,207.2884
F,carat_bucket+Color+Clarity,4.00-4.99,,E,VS1,,,,,,143,22171.5,130.4206
F,carat_bucket+Color+Clarity,4.00-4.99,,E,VS2,,,,,,4,23094.57209,135.8504
F,carat_bucket+Color+Clarity,4.00-4.99,,E,VVS2,,,,,,157,23566.084788,138.624
F,carat_bucket+Color+Clarity,4.00-4.99,,F,VS1,,,,,,29,21516.393443,126.567
F,carat_bucket+Color+Clarity,4.00-4.99,,F,VS2,,,,,,2,20064.688907,118.0276
F,carat_bucket+Color+Clarity,4.00-4.99,,F,VVS2,,,,,,18,22069.825436,129.8225
F,carat_bucket+Color+Clarity,4.00-4.99,,G,VS1,,,,,,1,26292.383292,154.6611
F,carat_bucket+Color+Clarity,5.00-9.99,,D,VS1,,,,,,90,35581.769532,209.3045
F,carat_bucket+Color+Clarity,5.00-9.99,,D,VS2,,,,,,5,32205.206738,189.4424
F,carat_bucket+Color+Clarity,5.00-9.99,,D,VVS1,,,,,,73,57344.87021,337.3228
F,carat_bucket+Color+Clarity,5.00-9.99,,D,VVS2,,,,,,114,46653.341895,274.4314
F,carat_bucket+Color+Clarity,5.00-9.99,,E,VS1,,,,,,299,26032.138443,153.1302
F,carat_bucket+Color+Clarity,5.00-9.99,,E,VS2,,,,,,14,21734.633484,127.8508
F,carat_bucket+Color+Clarity,5.00-9.99,,E,VVS1,,,,,,24,43307.017333,254.7472
F,carat_bucket+Color+Clarity,5.00-9.99,,E,VVS2,,,,,,642,25867.487313,152.1617
F,carat_bucket+Color+Clarity,5.00-9.99,,F,VS1,,,,,,97,23504.273504,138.2604
F,carat_bucket+Color+Clarity,5.00-9.99,,F,VS2,,,,,,9,21603.592814,127.08
F,carat_bucket+Color+Clarity,5.00-9.99,,F,VVS1,,,,,,15,33449.251248,196.7603
F,carat_bucket+Color+Clarity,5.00-9.99,,F,VVS2,,,,,,184,24244.927367,142.6172
F,carat_bucket+Color+Clarity,5.00-9.99,,G,VS1,,,,,,5,26290.0,154.6471
F,carat_bucket+Color+Clarity,5.00-9.99,,G,VS2,,,,,,1,30927.070457,181.9239
G,carat_bucket,0.30-0.49,,,,,,,,,787,22875.0,134.5588
G,carat_bucket,0.50-0.69,,,,,,,,,3309,20470.588235,120.4152
G,carat_bucket,0.70-0.89,,,,,,,,,584,22890.410959,134.6495
G,carat_bucket,0.90-0.99,,,,,,,,,5,25255.102041,148.5594
G,carat_bucket,1.00-1.49,,,,,,,,,6746,20584.158416,121.0833
G,carat_bucket,1.50-1.99,,,,,,,,,2238,19360.0,113.8824
G,carat_bucket,10.00+,,,,,,,,,347,41381.565907,243.421
G,carat_bucket,2.00-2.99,,,,,,,,,4132,21531.100478,126.6535
G,carat_bucket,3.00-3.99,,,,,,,,,2556,21566.225166,126.8601
G,carat_bucket,4.00-4.99,,,,,,,,,439,23566.084788,138.624
G,carat_bucket,5.00-9.99,,,,,,,,,1572,27590.965893,162.2998
